{"0": {"status": "active", "trace": [{"name": "main", "args": ["00a5f80dff1bc88afbdbdd31b6613ddf"], "addr": 4669441, "ret": "symbolic", "addr_func": 4669441}, {"name": "GetModuleHandleA", "args": ["kernel32.dll"], "addr_func": "5242884", "addr": 4669500, "ret": 6295592}, {"name": "GetProcAddress", "args": [6295592, "VirtualAlloc"], "addr_func": "5242880", "addr": 4669519, "ret": 6295596}, {"name": "GetProcAddress", "args": [6295592, "VirtualFree"], "addr_func": "5242880", "addr": 4669536, "ret": 6295600}, {"name": "VirtualAlloc", "args": [0, 6144, 4096, 4], "addr_func": "6295596", "addr": 4669627, "ret": 3221766144}, {"name": "VirtualAlloc", "args": [0, 377102, 4096, 4], "addr_func": "6295596", "addr": 4669657, "ret": 3221774336}]}, "sections": {"CODE": {"vaddr": 4198400, "memsize": 376832, "is_readable": true, "is_writable": true, "is_executable": false}, "DATA": {"vaddr": 4575232, "memsize": 8192, "is_readable": true, "is_writable": true, "is_executable": false}, "BSS": {"vaddr": 4583424, "memsize": 4096, "is_readable": true, "is_writable": true, "is_executable": false}, ".idata": {"vaddr": 4587520, "memsize": 12288, "is_readable": true, "is_writable": true, "is_executable": false}, ".tls": {"vaddr": 4599808, "memsize": 4096, "is_readable": true, "is_writable": true, "is_executable": false}, ".rdata": {"vaddr": 4603904, "memsize": 4096, "is_readable": true, "is_writable": true, "is_executable": false}, ".reloc": {"vaddr": 4608000, "memsize": 28672, "is_readable": true, "is_writable": true, "is_executable": false}, ".rsrc": {"vaddr": 4636672, "memsize": 32768, "is_readable": true, "is_writable": true, "is_executable": false}, ".aspack": {"vaddr": 4669440, "memsize": 12288, "is_readable": true, "is_writable": true, "is_executable": false}, ".adata": {"vaddr": 4681728, "memsize": 4096, "is_readable": true, "is_writable": true, "is_executable": false}}}