{"0": {"status": "deadendend", "trace": [{"name": "main", "args": ["013620891d1582f44942256115b16677"], "addr": 4575104, "ret": "symbolic", "addr_func": 4575104}, {"name": "GetModuleHandleA", "args": [0], "addr_func": "5242964", "addr": 4219184, "ret": 4194304}, {"name": "GetKeyboardType", "args": [0], "addr_func": "5243024", "addr": 4206845, "ret": 4}, {"name": "GetCommandLineA", "args": [], "addr_func": "5242976", "addr": 4218867, "ret": 0}, {"name": "GetStartupInfoA", "args": [2147417628], "addr_func": "5242956", "addr": 4199222, "ret": "None"}, {"name": "GetVersion", "args": [], "addr_func": "5242912", "addr": 4218887, "ret": 0}, {"name": "GetVersion", "args": [], "addr_func": "5242912", "addr": 4218904, "ret": 0}, {"name": "GetThreadLocale", "args": [], "addr_func": "5242952", "addr": 4218932, "ret": 0}, {"name": "GetLocaleInfoA", "args": ["retval_GetThreadLocale_32771_32", 4100, "", 7], "addr_func": "5242972", "addr": 4218602, "ret": "<BV32 retval_GetLocaleInfoA_32772_32>"}, {"name": "GetCurrentThreadId", "args": [], "addr_func": "5242916", "addr": 4218964, "ret": 0}, {"name": "GetModuleFileNameA", "args": [4194304, "PZM", 261], "addr_func": "5242968", "addr": 4215726, "ret": 3}, {"name": "GetModuleFileNameA", "args": [0, "013620891d1582f44942256115b16677", 261], "addr_func": "5242968", "addr": 4216296, "ret": 32}, {"name": "RegOpenKeyExA", "args": [2147483649, "Software\\Borland\\Locales", 0, 983065, 2147416328], "addr_func": "5243044", "addr": 4216326, "ret": "<BV32 retval_RegOpenKeyExA_32796_32>"}, {"name": "GetModuleHandleA", "args": ["kernel32.dll"], "addr_func": "5242964", "addr": 4215857, "ret": 6295592}, {"name": "GetProcAddress", "args": [6295592, "GetLongPathNameA"], "addr_func": "5242960", "addr": 4215874, "ret": 6295596}, {"name": "GetLongPathNameA", "args": ["013620891d1582f44942256115b16677", "", 261], "addr_func": "6295596", "addr": 4215901, "ret": "<BV32 retval_GetLongPathNameA_32811_32>"}, {"name": "lstrcpynA", "args": ["", "", 261], "addr_func": "5242944", "addr": 4215922, "ret": 2147416051}, {"name": "RegQueryValueExA", "args": [4215731, "", 0, 0, 2147416318, 2147416312], "addr_func": "5243040", "addr": 4216459, "ret": "<BV32 retval_RegQueryValueExA_32819_32>"}, {"name": "RegQueryValueExA", "args": [4215731, "", 0, 0, 2147416318, 2147416312], "addr_func": "5243040", "addr": 4216489, "ret": "<BV32 retval_RegQueryValueExA_32821_32>"}, {"name": "RegCloseKey", "args": [4215731], "addr_func": "5243048", "addr": 4216523, "ret": "<BV32 retval_RegCloseKey_32824_32>"}, {"name": "lstrcpynA", "args": ["PZM", "PZM", 261], "addr_func": "5242944", "addr": 4216552, "ret": 2147416051}, {"name": "GetThreadLocale", "args": [], "addr_func": "5242952", "addr": 4216565, "ret": 0}, {"name": "GetLocaleInfoA", "args": ["retval_GetThreadLocale_32834_32", 3, "", 5], "addr_func": "5242972", "addr": 4216571, "ret": "<BV32 retval_GetLocaleInfoA_32837_32>"}, {"name": "LoadStringA", "args": [4194304, 65475, "", 1024], "addr_func": "5243028", "addr": 4218525, "ret": "<BV32 retval_LoadStringA_32847_32>"}, {"name": "LoadStringA", "args": [4194304, 65474, "", 1024], "addr_func": "5243028", "addr": 4218525, "ret": "<BV32 retval_LoadStringA_32851_32>"}, {"name": "LoadStringA", "args": [4194304, 65472, "", 1024], "addr_func": "5243028", "addr": 4218525, "ret": "<BV32 retval_LoadStringA_32854_32>"}, {"name": "LoadStringA", "args": [4194304, 65473, "", 1024], "addr_func": "5243028", "addr": 4218525, "ret": "<BV32 retval_LoadStringA_32858_32>"}, {"name": "InitializeCriticalSection", "args": [4584908], "addr_func": "5242892", "addr": 4201010, "ret": "None"}, {"name": "LocalAlloc", "args": [0, 4088], "addr_func": "5242908", "addr": 4201071, "ret": 3221258256}, {"name": "MessageBoxA", "args": [0, "Runtime error 203 at 004026F4", "Error", 0], "addr_func": "5243032", "addr": 4210436, "ret": 1}, {"name": "LocalFree", "args": [3221258256], "addr_func": "5242904", "addr": 4201247, "ret": "<BV32 retval_LocalFree_32908_32>"}, {"name": "DeleteCriticalSection", "args": [4584908], "addr_func": "5242880", "addr": 4201392, "ret": "None"}, {"name": "ExitProcess", "args": [], "addr_func": "5242992", "addr": 4210642, "ret": 0}]}, "1": {"status": "active", "trace": [{"name": "main", "args": ["013620891d1582f44942256115b16677"], "addr": 4575104, "ret": "symbolic", "addr_func": 4575104}, {"name": "GetModuleHandleA", "args": [0], "addr_func": "5242964", "addr": 4219184, "ret": 4194304}, {"name": "GetKeyboardType", "args": [0], "addr_func": "5243024", "addr": 4206845, "ret": 4}, {"name": "GetCommandLineA", "args": [], "addr_func": "5242976", "addr": 4218867, "ret": 0}, {"name": "GetStartupInfoA", "args": [2147417628], "addr_func": "5242956", "addr": 4199222, "ret": "None"}, {"name": "GetVersion", "args": [], "addr_func": "5242912", "addr": 4218887, "ret": 0}, {"name": "GetVersion", "args": [], "addr_func": "5242912", "addr": 4218904, "ret": 0}, {"name": "GetThreadLocale", "args": [], "addr_func": "5242952", "addr": 4218932, "ret": 0}, {"name": "GetLocaleInfoA", "args": ["retval_GetThreadLocale_32771_32", 4100, "", 7], "addr_func": "5242972", "addr": 4218602, "ret": "<BV32 retval_GetLocaleInfoA_32772_32>"}, {"name": "GetCurrentThreadId", "args": [], "addr_func": "5242916", "addr": 4218964, "ret": 0}, {"name": "GetModuleFileNameA", "args": [4194304, "PZM", 261], "addr_func": "5242968", "addr": 4215726, "ret": 3}, {"name": "GetModuleFileNameA", "args": [0, "013620891d1582f44942256115b16677", 261], "addr_func": "5242968", "addr": 4216296, "ret": 32}, {"name": "RegOpenKeyExA", "args": [2147483649, "Software\\Borland\\Locales", 0, 983065, 2147416328], "addr_func": "5243044", "addr": 4216326, "ret": "<BV32 retval_RegOpenKeyExA_32796_32>"}, {"name": "GetModuleHandleA", "args": ["kernel32.dll"], "addr_func": "5242964", "addr": 4215857, "ret": 6295592}, {"name": "GetProcAddress", "args": [6295592, "GetLongPathNameA"], "addr_func": "5242960", "addr": 4215874, "ret": 6295596}, {"name": "GetLongPathNameA", "args": ["013620891d1582f44942256115b16677", "", 261], "addr_func": "6295596", "addr": 4215901, "ret": "<BV32 retval_GetLongPathNameA_32811_32>"}, {"name": "lstrcpynA", "args": ["", "", 261], "addr_func": "5242944", "addr": 4215922, "ret": 2147416051}, {"name": "RegQueryValueExA", "args": [4215731, "", 0, 0, 2147416318, 2147416312], "addr_func": "5243040", "addr": 4216459, "ret": "<BV32 retval_RegQueryValueExA_32819_32>"}, {"name": "RegQueryValueExA", "args": [4215731, "", 0, 0, 2147416318, 2147416312], "addr_func": "5243040", "addr": 4216489, "ret": "<BV32 retval_RegQueryValueExA_32821_32>"}, {"name": "RegCloseKey", "args": [4215731], "addr_func": "5243048", "addr": 4216523, "ret": "<BV32 retval_RegCloseKey_32824_32>"}, {"name": "lstrcpynA", "args": ["PZM", "PZM", 261], "addr_func": "5242944", "addr": 4216552, "ret": 2147416051}, {"name": "GetThreadLocale", "args": [], "addr_func": "5242952", "addr": 4216565, "ret": 0}, {"name": "GetLocaleInfoA", "args": ["retval_GetThreadLocale_32834_32", 3, "", 5], "addr_func": "5242972", "addr": 4216571, "ret": "<BV32 retval_GetLocaleInfoA_32837_32>"}, {"name": "LoadStringA", "args": [4194304, 65475, "", 1024], "addr_func": "5243028", "addr": 4218525, "ret": "<BV32 retval_LoadStringA_32847_32>"}, {"name": "LoadStringA", "args": [4194304, 65474, "", 1024], "addr_func": "5243028", "addr": 4218525, "ret": "<BV32 retval_LoadStringA_32851_32>"}, {"name": "LoadStringA", "args": [4194304, 65472, "", 1024], "addr_func": "5243028", "addr": 4218525, "ret": "<BV32 retval_LoadStringA_32854_32>"}, {"name": "LoadStringA", "args": [4194304, 65473, "", 1024], "addr_func": "5243028", "addr": 4218525, "ret": "<BV32 retval_LoadStringA_32859_32>"}, {"name": "InitializeCriticalSection", "args": [4584908], "addr_func": "5242892", "addr": 4201010, "ret": "None"}, {"name": "LocalAlloc", "args": [0, 4088], "addr_func": "5242908", "addr": 4201071, "ret": 3221258256}, {"name": "VirtualAlloc", "args": [0, 1048576, 8192, 1], "addr_func": "5242900", "addr": 4199779, "ret": 3222798336}, {"name": "LocalAlloc", "args": [0, 1604], "addr_func": "5242908", "addr": 4199331, "ret": 3221262352}, {"name": "VirtualAlloc", "args": [3222798336, 1048576, 4096, 4], "addr_func": "5242900", "addr": 4200245, "ret": 3222798336}]}, "2": {"status": "active", "trace": [{"name": "main", "args": ["013620891d1582f44942256115b16677"], "addr": 4575104, "ret": "symbolic", "addr_func": 4575104}, {"name": "GetModuleHandleA", "args": [0], "addr_func": "5242964", "addr": 4219184, "ret": 4194304}, {"name": "GetKeyboardType", "args": [0], "addr_func": "5243024", "addr": 4206845, "ret": 4}, {"name": "GetCommandLineA", "args": [], "addr_func": "5242976", "addr": 4218867, "ret": 0}, {"name": "GetStartupInfoA", "args": [2147417628], "addr_func": "5242956", "addr": 4199222, "ret": "None"}, {"name": "GetVersion", "args": [], "addr_func": "5242912", "addr": 4218887, "ret": 0}, {"name": "GetVersion", "args": [], "addr_func": "5242912", "addr": 4218904, "ret": 0}, {"name": "GetThreadLocale", "args": [], "addr_func": "5242952", "addr": 4218932, "ret": 0}, {"name": "GetLocaleInfoA", "args": ["retval_GetThreadLocale_32771_32", 4100, "", 7], "addr_func": "5242972", "addr": 4218602, "ret": "<BV32 retval_GetLocaleInfoA_32772_32>"}, {"name": "GetCurrentThreadId", "args": [], "addr_func": "5242916", "addr": 4218964, "ret": 0}, {"name": "GetModuleFileNameA", "args": [4194304, "PZM", 261], "addr_func": "5242968", "addr": 4215726, "ret": 3}, {"name": "GetModuleFileNameA", "args": [0, "013620891d1582f44942256115b16677", 261], "addr_func": "5242968", "addr": 4216296, "ret": 32}, {"name": "RegOpenKeyExA", "args": [2147483649, "Software\\Borland\\Locales", 0, 983065, 2147416328], "addr_func": "5243044", "addr": 4216326, "ret": "<BV32 retval_RegOpenKeyExA_32796_32>"}, {"name": "GetModuleHandleA", "args": ["kernel32.dll"], "addr_func": "5242964", "addr": 4215857, "ret": 6295592}, {"name": "GetProcAddress", "args": [6295592, "GetLongPathNameA"], "addr_func": "5242960", "addr": 4215874, "ret": 6295596}, {"name": "GetLongPathNameA", "args": ["013620891d1582f44942256115b16677", "", 261], "addr_func": "6295596", "addr": 4215901, "ret": "<BV32 retval_GetLongPathNameA_32811_32>"}, {"name": "lstrcpynA", "args": ["", "", 261], "addr_func": "5242944", "addr": 4215922, "ret": 2147416051}, {"name": "RegQueryValueExA", "args": [4215731, "", 0, 0, 2147416318, 2147416312], "addr_func": "5243040", "addr": 4216459, "ret": "<BV32 retval_RegQueryValueExA_32819_32>"}, {"name": "RegQueryValueExA", "args": [4215731, "", 0, 0, 2147416318, 2147416312], "addr_func": "5243040", "addr": 4216489, "ret": "<BV32 retval_RegQueryValueExA_32821_32>"}, {"name": "RegCloseKey", "args": [4215731], "addr_func": "5243048", "addr": 4216523, "ret": "<BV32 retval_RegCloseKey_32824_32>"}, {"name": "lstrcpynA", "args": ["PZM", "PZM", 261], "addr_func": "5242944", "addr": 4216552, "ret": 2147416051}, {"name": "GetThreadLocale", "args": [], "addr_func": "5242952", "addr": 4216565, "ret": 0}, {"name": "GetLocaleInfoA", "args": ["retval_GetThreadLocale_32834_32", 3, "", 5], "addr_func": "5242972", "addr": 4216571, "ret": "<BV32 retval_GetLocaleInfoA_32837_32>"}, {"name": "LoadStringA", "args": [4194304, 65475, "", 1024], "addr_func": "5243028", "addr": 4218525, "ret": "<BV32 retval_LoadStringA_32847_32>"}, {"name": "LoadStringA", "args": [4194304, 65474, "", 1024], "addr_func": "5243028", "addr": 4218525, "ret": "<BV32 retval_LoadStringA_32851_32>"}, {"name": "LoadStringA", "args": [4194304, 65472, "", 1024], "addr_func": "5243028", "addr": 4218525, "ret": "<BV32 retval_LoadStringA_32854_32>"}, {"name": "LoadStringA", "args": [4194304, 65473, "", 1024], "addr_func": "5243028", "addr": 4218525, "ret": "<BV32 retval_LoadStringA_32859_32>"}, {"name": "InitializeCriticalSection", "args": [4584908], "addr_func": "5242892", "addr": 4201010, "ret": "None"}, {"name": "LocalAlloc", "args": [0, 4088], "addr_func": "5242908", "addr": 4201071, "ret": 3221258256}, {"name": "VirtualAlloc", "args": [0, 1048576, 8192, 1], "addr_func": "5242900", "addr": 4199779, "ret": 3222798336}, {"name": "LocalAlloc", "args": [0, 1604], "addr_func": "5242908", "addr": 4199331, "ret": 3221262352}, {"name": "VirtualAlloc", "args": [3222798336, "retval_LoadStringA_32859_32_retval_LoadStringA_32859_32_32897_32_32907_32", 4096, 4], "addr_func": "5242900", "addr": 4200245, "ret": 3222798336}]}, "3": {"status": "active", "trace": [{"name": "main", "args": ["013620891d1582f44942256115b16677"], "addr": 4575104, "ret": "symbolic", "addr_func": 4575104}, {"name": "GetModuleHandleA", "args": [0], "addr_func": "5242964", "addr": 4219184, "ret": 4194304}, {"name": "GetKeyboardType", "args": [0], "addr_func": "5243024", "addr": 4206845, "ret": 4}, {"name": "GetCommandLineA", "args": [], "addr_func": "5242976", "addr": 4218867, "ret": 0}, {"name": "GetStartupInfoA", "args": [2147417628], "addr_func": "5242956", "addr": 4199222, "ret": "None"}, {"name": "GetVersion", "args": [], "addr_func": "5242912", "addr": 4218887, "ret": 0}, {"name": "GetVersion", "args": [], "addr_func": "5242912", "addr": 4218904, "ret": 0}, {"name": "GetThreadLocale", "args": [], "addr_func": "5242952", "addr": 4218932, "ret": 0}, {"name": "GetLocaleInfoA", "args": ["retval_GetThreadLocale_32771_32", 4100, "", 7], "addr_func": "5242972", "addr": 4218602, "ret": "<BV32 retval_GetLocaleInfoA_32772_32>"}, {"name": "GetCurrentThreadId", "args": [], "addr_func": "5242916", "addr": 4218964, "ret": 0}, {"name": "GetModuleFileNameA", "args": [4194304, "PZM", 261], "addr_func": "5242968", "addr": 4215726, "ret": 3}, {"name": "GetModuleFileNameA", "args": [0, "013620891d1582f44942256115b16677", 261], "addr_func": "5242968", "addr": 4216296, "ret": 32}, {"name": "RegOpenKeyExA", "args": [2147483649, "Software\\Borland\\Locales", 0, 983065, 2147416328], "addr_func": "5243044", "addr": 4216326, "ret": "<BV32 retval_RegOpenKeyExA_32796_32>"}, {"name": "GetModuleHandleA", "args": ["kernel32.dll"], "addr_func": "5242964", "addr": 4215857, "ret": 6295592}, {"name": "GetProcAddress", "args": [6295592, "GetLongPathNameA"], "addr_func": "5242960", "addr": 4215874, "ret": 6295596}, {"name": "GetLongPathNameA", "args": ["013620891d1582f44942256115b16677", "", 261], "addr_func": "6295596", "addr": 4215901, "ret": "<BV32 retval_GetLongPathNameA_32811_32>"}, {"name": "lstrcpynA", "args": ["", "", 261], "addr_func": "5242944", "addr": 4215922, "ret": 2147416051}, {"name": "RegQueryValueExA", "args": [4215731, "", 0, 0, 2147416318, 2147416312], "addr_func": "5243040", "addr": 4216459, "ret": "<BV32 retval_RegQueryValueExA_32819_32>"}, {"name": "RegQueryValueExA", "args": [4215731, "", 0, 0, 2147416318, 2147416312], "addr_func": "5243040", "addr": 4216489, "ret": "<BV32 retval_RegQueryValueExA_32821_32>"}, {"name": "RegCloseKey", "args": [4215731], "addr_func": "5243048", "addr": 4216523, "ret": "<BV32 retval_RegCloseKey_32824_32>"}, {"name": "lstrcpynA", "args": ["PZM", "PZM", 261], "addr_func": "5242944", "addr": 4216552, "ret": 2147416051}, {"name": "GetThreadLocale", "args": [], "addr_func": "5242952", "addr": 4216565, "ret": 0}, {"name": "GetLocaleInfoA", "args": ["retval_GetThreadLocale_32834_32", 3, "", 5], "addr_func": "5242972", "addr": 4216571, "ret": "<BV32 retval_GetLocaleInfoA_32837_32>"}, {"name": "LoadStringA", "args": [4194304, 65475, "", 1024], "addr_func": "5243028", "addr": 4218525, "ret": "<BV32 retval_LoadStringA_32847_32>"}, {"name": "LoadStringA", "args": [4194304, 65474, "", 1024], "addr_func": "5243028", "addr": 4218525, "ret": "<BV32 retval_LoadStringA_32851_32>"}, {"name": "LoadStringA", "args": [4194304, 65472, "", 1024], "addr_func": "5243028", "addr": 4218525, "ret": "<BV32 retval_LoadStringA_32854_32>"}, {"name": "LoadStringA", "args": [4194304, 65473, "", 1024], "addr_func": "5243028", "addr": 4218525, "ret": "<BV32 retval_LoadStringA_32859_32>"}, {"name": "InitializeCriticalSection", "args": [4584908], "addr_func": "5242892", "addr": 4201010, "ret": "None"}, {"name": "LocalAlloc", "args": [0, 4088], "addr_func": "5242908", "addr": 4201071, "ret": 3221258256}, {"name": "VirtualAlloc", "args": [0, 1048576, 8192, 1], "addr_func": "5242900", "addr": 4199779, "ret": 3222798336}, {"name": "LocalAlloc", "args": [0, 1604], "addr_func": "5242908", "addr": 4199331, "ret": 3221262352}, {"name": "VirtualAlloc", "args": [3222798336, "retval_LoadStringA_32859_32_32897_32", 4096, 4], "addr_func": "5242900", "addr": 4200245, "ret": 3222798336}]}, "4": {"status": "active", "trace": [{"name": "main", "args": ["013620891d1582f44942256115b16677"], "addr": 4575104, "ret": "symbolic", "addr_func": 4575104}, {"name": "GetModuleHandleA", "args": [0], "addr_func": "5242964", "addr": 4219184, "ret": 4194304}, {"name": "GetKeyboardType", "args": [0], "addr_func": "5243024", "addr": 4206845, "ret": 4}, {"name": "GetCommandLineA", "args": [], "addr_func": "5242976", "addr": 4218867, "ret": 0}, {"name": "GetStartupInfoA", "args": [2147417628], "addr_func": "5242956", "addr": 4199222, "ret": "None"}, {"name": "GetVersion", "args": [], "addr_func": "5242912", "addr": 4218887, "ret": 0}, {"name": "GetVersion", "args": [], "addr_func": "5242912", "addr": 4218904, "ret": 0}, {"name": "GetThreadLocale", "args": [], "addr_func": "5242952", "addr": 4218932, "ret": 0}, {"name": "GetLocaleInfoA", "args": ["retval_GetThreadLocale_32771_32", 4100, "", 7], "addr_func": "5242972", "addr": 4218602, "ret": "<BV32 retval_GetLocaleInfoA_32772_32>"}, {"name": "GetCurrentThreadId", "args": [], "addr_func": "5242916", "addr": 4218964, "ret": 0}, {"name": "GetModuleFileNameA", "args": [4194304, "PZM", 261], "addr_func": "5242968", "addr": 4215726, "ret": 3}, {"name": "GetModuleFileNameA", "args": [0, "013620891d1582f44942256115b16677", 261], "addr_func": "5242968", "addr": 4216296, "ret": 32}, {"name": "RegOpenKeyExA", "args": [2147483649, "Software\\Borland\\Locales", 0, 983065, 2147416328], "addr_func": "5243044", "addr": 4216326, "ret": "<BV32 retval_RegOpenKeyExA_32796_32>"}, {"name": "GetModuleHandleA", "args": ["kernel32.dll"], "addr_func": "5242964", "addr": 4215857, "ret": 6295592}, {"name": "GetProcAddress", "args": [6295592, "GetLongPathNameA"], "addr_func": "5242960", "addr": 4215874, "ret": 6295596}, {"name": "GetLongPathNameA", "args": ["013620891d1582f44942256115b16677", "", 261], "addr_func": "6295596", "addr": 4215901, "ret": "<BV32 retval_GetLongPathNameA_32811_32>"}, {"name": "lstrcpynA", "args": ["", "", 261], "addr_func": "5242944", "addr": 4215922, "ret": 2147416051}, {"name": "RegQueryValueExA", "args": [4215731, "", 0, 0, 2147416318, 2147416312], "addr_func": "5243040", "addr": 4216459, "ret": "<BV32 retval_RegQueryValueExA_32819_32>"}, {"name": "RegQueryValueExA", "args": [4215731, "", 0, 0, 2147416318, 2147416312], "addr_func": "5243040", "addr": 4216489, "ret": "<BV32 retval_RegQueryValueExA_32821_32>"}, {"name": "RegCloseKey", "args": [4215731], "addr_func": "5243048", "addr": 4216523, "ret": "<BV32 retval_RegCloseKey_32824_32>"}, {"name": "lstrcpynA", "args": ["PZM", "PZM", 261], "addr_func": "5242944", "addr": 4216552, "ret": 2147416051}, {"name": "GetThreadLocale", "args": [], "addr_func": "5242952", "addr": 4216565, "ret": 0}, {"name": "GetLocaleInfoA", "args": ["retval_GetThreadLocale_32834_32", 3, "", 5], "addr_func": "5242972", "addr": 4216571, "ret": "<BV32 retval_GetLocaleInfoA_32837_32>"}, {"name": "LoadStringA", "args": [4194304, 65475, "", 1024], "addr_func": "5243028", "addr": 4218525, "ret": "<BV32 retval_LoadStringA_32847_32>"}, {"name": "LoadStringA", "args": [4194304, 65474, "", 1024], "addr_func": "5243028", "addr": 4218525, "ret": "<BV32 retval_LoadStringA_32851_32>"}, {"name": "LoadStringA", "args": [4194304, 65472, "", 1024], "addr_func": "5243028", "addr": 4218525, "ret": "<BV32 retval_LoadStringA_32854_32>"}, {"name": "LoadStringA", "args": [4194304, 65473, "", 1024], "addr_func": "5243028", "addr": 4218525, "ret": "<BV32 retval_LoadStringA_32859_32>"}, {"name": "InitializeCriticalSection", "args": [4584908], "addr_func": "5242892", "addr": 4201010, "ret": "None"}, {"name": "LocalAlloc", "args": [0, 4088], "addr_func": "5242908", "addr": 4201071, "ret": 3221258256}, {"name": "VirtualAlloc", "args": [0, 1048576, 8192, 1], "addr_func": "5242900", "addr": 4199779, "ret": 3222798336}, {"name": "LocalAlloc", "args": [0, 1604], "addr_func": "5242908", "addr": 4199331, "ret": 3221262352}, {"name": "VirtualAlloc", "args": [0, "retval_LoadStringA_32859_32_32897_32", 8192, 1], "addr_func": "5242900", "addr": 4199779, "ret": 3223846912}, {"name": "VirtualAlloc", "args": [3222798336, 1048576, 4096, 4], "addr_func": "5242900", "addr": 4200245, "ret": 3222798336}]}, "5": {"status": "active", "trace": [{"name": "main", "args": ["013620891d1582f44942256115b16677"], "addr": 4575104, "ret": "symbolic", "addr_func": 4575104}, {"name": "GetModuleHandleA", "args": [0], "addr_func": "5242964", "addr": 4219184, "ret": 4194304}, {"name": "GetKeyboardType", "args": [0], "addr_func": "5243024", "addr": 4206845, "ret": 4}, {"name": "GetCommandLineA", "args": [], "addr_func": "5242976", "addr": 4218867, "ret": 0}, {"name": "GetStartupInfoA", "args": [2147417628], "addr_func": "5242956", "addr": 4199222, "ret": "None"}, {"name": "GetVersion", "args": [], "addr_func": "5242912", "addr": 4218887, "ret": 0}, {"name": "GetVersion", "args": [], "addr_func": "5242912", "addr": 4218904, "ret": 0}, {"name": "GetThreadLocale", "args": [], "addr_func": "5242952", "addr": 4218932, "ret": 0}, {"name": "GetLocaleInfoA", "args": ["retval_GetThreadLocale_32771_32", 4100, "", 7], "addr_func": "5242972", "addr": 4218602, "ret": "<BV32 retval_GetLocaleInfoA_32772_32>"}, {"name": "GetCurrentThreadId", "args": [], "addr_func": "5242916", "addr": 4218964, "ret": 0}, {"name": "GetModuleFileNameA", "args": [4194304, "PZM", 261], "addr_func": "5242968", "addr": 4215726, "ret": 3}, {"name": "GetModuleFileNameA", "args": [0, "013620891d1582f44942256115b16677", 261], "addr_func": "5242968", "addr": 4216296, "ret": 32}, {"name": "RegOpenKeyExA", "args": [2147483649, "Software\\Borland\\Locales", 0, 983065, 2147416328], "addr_func": "5243044", "addr": 4216326, "ret": "<BV32 retval_RegOpenKeyExA_32796_32>"}, {"name": "GetModuleHandleA", "args": ["kernel32.dll"], "addr_func": "5242964", "addr": 4215857, "ret": 6295592}, {"name": "GetProcAddress", "args": [6295592, "GetLongPathNameA"], "addr_func": "5242960", "addr": 4215874, "ret": 6295596}, {"name": "GetLongPathNameA", "args": ["013620891d1582f44942256115b16677", "", 261], "addr_func": "6295596", "addr": 4215901, "ret": "<BV32 retval_GetLongPathNameA_32811_32>"}, {"name": "lstrcpynA", "args": ["", "", 261], "addr_func": "5242944", "addr": 4215922, "ret": 2147416051}, {"name": "RegQueryValueExA", "args": [4215731, "", 0, 0, 2147416318, 2147416312], "addr_func": "5243040", "addr": 4216459, "ret": "<BV32 retval_RegQueryValueExA_32819_32>"}, {"name": "RegQueryValueExA", "args": [4215731, "", 0, 0, 2147416318, 2147416312], "addr_func": "5243040", "addr": 4216489, "ret": "<BV32 retval_RegQueryValueExA_32821_32>"}, {"name": "RegCloseKey", "args": [4215731], "addr_func": "5243048", "addr": 4216523, "ret": "<BV32 retval_RegCloseKey_32824_32>"}, {"name": "lstrcpynA", "args": ["PZM", "PZM", 261], "addr_func": "5242944", "addr": 4216552, "ret": 2147416051}, {"name": "GetThreadLocale", "args": [], "addr_func": "5242952", "addr": 4216565, "ret": 0}, {"name": "GetLocaleInfoA", "args": ["retval_GetThreadLocale_32834_32", 3, "", 5], "addr_func": "5242972", "addr": 4216571, "ret": "<BV32 retval_GetLocaleInfoA_32837_32>"}, {"name": "LoadStringA", "args": [4194304, 65475, "", 1024], "addr_func": "5243028", "addr": 4218525, "ret": "<BV32 retval_LoadStringA_32847_32>"}, {"name": "LoadStringA", "args": [4194304, 65474, "", 1024], "addr_func": "5243028", "addr": 4218525, "ret": "<BV32 retval_LoadStringA_32851_32>"}, {"name": "LoadStringA", "args": [4194304, 65472, "", 1024], "addr_func": "5243028", "addr": 4218525, "ret": "<BV32 retval_LoadStringA_32854_32>"}, {"name": "LoadStringA", "args": [4194304, 65473, "", 1024], "addr_func": "5243028", "addr": 4218525, "ret": "<BV32 retval_LoadStringA_32859_32>"}, {"name": "InitializeCriticalSection", "args": [4584908], "addr_func": "5242892", "addr": 4201010, "ret": "None"}, {"name": "LocalAlloc", "args": [0, 4088], "addr_func": "5242908", "addr": 4201071, "ret": 3221258256}, {"name": "VirtualAlloc", "args": [0, 1048576, 8192, 1], "addr_func": "5242900", "addr": 4199779, "ret": 3222798336}, {"name": "LocalAlloc", "args": [0, 1604], "addr_func": "5242908", "addr": 4199331, "ret": 3221262352}, {"name": "VirtualAlloc", "args": [0, "retval_LoadStringA_32859_32_32897_32", 8192, 1], "addr_func": "5242900", "addr": 4199779, "ret": 3223846912}]}, "6": {"status": "active", "trace": [{"name": "main", "args": ["013620891d1582f44942256115b16677"], "addr": 4575104, "ret": "symbolic", "addr_func": 4575104}, {"name": "GetModuleHandleA", "args": [0], "addr_func": "5242964", "addr": 4219184, "ret": 4194304}, {"name": "GetKeyboardType", "args": [0], "addr_func": "5243024", "addr": 4206845, "ret": 4}, {"name": "GetCommandLineA", "args": [], "addr_func": "5242976", "addr": 4218867, "ret": 0}, {"name": "GetStartupInfoA", "args": [2147417628], "addr_func": "5242956", "addr": 4199222, "ret": "None"}, {"name": "GetVersion", "args": [], "addr_func": "5242912", "addr": 4218887, "ret": 0}, {"name": "GetVersion", "args": [], "addr_func": "5242912", "addr": 4218904, "ret": 0}, {"name": "GetThreadLocale", "args": [], "addr_func": "5242952", "addr": 4218932, "ret": 0}, {"name": "GetLocaleInfoA", "args": ["retval_GetThreadLocale_32771_32", 4100, "", 7], "addr_func": "5242972", "addr": 4218602, "ret": "<BV32 retval_GetLocaleInfoA_32772_32>"}, {"name": "GetCurrentThreadId", "args": [], "addr_func": "5242916", "addr": 4218964, "ret": 0}, {"name": "GetModuleFileNameA", "args": [4194304, "PZM", 261], "addr_func": "5242968", "addr": 4215726, "ret": 3}, {"name": "GetModuleFileNameA", "args": [0, "013620891d1582f44942256115b16677", 261], "addr_func": "5242968", "addr": 4216296, "ret": 32}, {"name": "RegOpenKeyExA", "args": [2147483649, "Software\\Borland\\Locales", 0, 983065, 2147416328], "addr_func": "5243044", "addr": 4216326, "ret": "<BV32 retval_RegOpenKeyExA_32796_32>"}, {"name": "GetModuleHandleA", "args": ["kernel32.dll"], "addr_func": "5242964", "addr": 4215857, "ret": 6295592}, {"name": "GetProcAddress", "args": [6295592, "GetLongPathNameA"], "addr_func": "5242960", "addr": 4215874, "ret": 6295596}, {"name": "GetLongPathNameA", "args": ["013620891d1582f44942256115b16677", "", 261], "addr_func": "6295596", "addr": 4215901, "ret": "<BV32 retval_GetLongPathNameA_32811_32>"}, {"name": "lstrcpynA", "args": ["", "", 261], "addr_func": "5242944", "addr": 4215922, "ret": 2147416051}, {"name": "RegQueryValueExA", "args": [4215731, "", 0, 0, 2147416318, 2147416312], "addr_func": "5243040", "addr": 4216459, "ret": "<BV32 retval_RegQueryValueExA_32819_32>"}, {"name": "RegQueryValueExA", "args": [4215731, "", 0, 0, 2147416318, 2147416312], "addr_func": "5243040", "addr": 4216489, "ret": "<BV32 retval_RegQueryValueExA_32821_32>"}, {"name": "RegCloseKey", "args": [4215731], "addr_func": "5243048", "addr": 4216523, "ret": "<BV32 retval_RegCloseKey_32824_32>"}, {"name": "lstrcpynA", "args": ["PZM", "PZM", 261], "addr_func": "5242944", "addr": 4216552, "ret": 2147416051}, {"name": "GetThreadLocale", "args": [], "addr_func": "5242952", "addr": 4216565, "ret": 0}, {"name": "GetLocaleInfoA", "args": ["retval_GetThreadLocale_32834_32", 3, "", 5], "addr_func": "5242972", "addr": 4216571, "ret": "<BV32 retval_GetLocaleInfoA_32837_32>"}, {"name": "LoadStringA", "args": [4194304, 65475, "", 1024], "addr_func": "5243028", "addr": 4218525, "ret": "<BV32 retval_LoadStringA_32847_32>"}, {"name": "LoadStringA", "args": [4194304, 65474, "", 1024], "addr_func": "5243028", "addr": 4218525, "ret": "<BV32 retval_LoadStringA_32851_32>"}, {"name": "LoadStringA", "args": [4194304, 65472, "", 1024], "addr_func": "5243028", "addr": 4218525, "ret": "<BV32 retval_LoadStringA_32854_32>"}, {"name": "LoadStringA", "args": [4194304, 65473, "", 1024], "addr_func": "5243028", "addr": 4218525, "ret": "<BV32 retval_LoadStringA_32859_32>"}, {"name": "InitializeCriticalSection", "args": [4584908], "addr_func": "5242892", "addr": 4201010, "ret": "None"}, {"name": "LocalAlloc", "args": [0, 4088], "addr_func": "5242908", "addr": 4201071, "ret": 3221258256}, {"name": "VirtualAlloc", "args": [0, 1048576, 8192, 1], "addr_func": "5242900", "addr": 4199779, "ret": 3222798336}, {"name": "LocalAlloc", "args": [0, 1604], "addr_func": "5242908", "addr": 4199331, "ret": 3221262352}, {"name": "VirtualAlloc", "args": [0, "retval_LoadStringA_32859_32_32897_32", 8192, 1], "addr_func": "5242900", "addr": 4199779, "ret": 3223846912}, {"name": "VirtualAlloc", "args": [3223846912, "retval_LoadStringA_32859_32_32897_32", 4096, 4], "addr_func": "5242900", "addr": 4200245, "ret": 3223846912}, {"name": "VirtualAlloc", "args": [3222798336, 1048576, 4096, 4], "addr_func": "5242900", "addr": 4200245, "ret": 3222798336}]}, "7": {"status": "active", "trace": [{"name": "main", "args": ["013620891d1582f44942256115b16677"], "addr": 4575104, "ret": "symbolic", "addr_func": 4575104}, {"name": "GetModuleHandleA", "args": [0], "addr_func": "5242964", "addr": 4219184, "ret": 4194304}, {"name": "GetKeyboardType", "args": [0], "addr_func": "5243024", "addr": 4206845, "ret": 4}, {"name": "GetCommandLineA", "args": [], "addr_func": "5242976", "addr": 4218867, "ret": 0}, {"name": "GetStartupInfoA", "args": [2147417628], "addr_func": "5242956", "addr": 4199222, "ret": "None"}, {"name": "GetVersion", "args": [], "addr_func": "5242912", "addr": 4218887, "ret": 0}, {"name": "GetVersion", "args": [], "addr_func": "5242912", "addr": 4218904, "ret": 0}, {"name": "GetThreadLocale", "args": [], "addr_func": "5242952", "addr": 4218932, "ret": 0}, {"name": "GetLocaleInfoA", "args": ["retval_GetThreadLocale_32771_32", 4100, "", 7], "addr_func": "5242972", "addr": 4218602, "ret": "<BV32 retval_GetLocaleInfoA_32772_32>"}, {"name": "GetCurrentThreadId", "args": [], "addr_func": "5242916", "addr": 4218964, "ret": 0}, {"name": "GetModuleFileNameA", "args": [4194304, "PZM", 261], "addr_func": "5242968", "addr": 4215726, "ret": 3}, {"name": "GetModuleFileNameA", "args": [0, "013620891d1582f44942256115b16677", 261], "addr_func": "5242968", "addr": 4216296, "ret": 32}, {"name": "RegOpenKeyExA", "args": [2147483649, "Software\\Borland\\Locales", 0, 983065, 2147416328], "addr_func": "5243044", "addr": 4216326, "ret": "<BV32 retval_RegOpenKeyExA_32796_32>"}, {"name": "GetModuleHandleA", "args": ["kernel32.dll"], "addr_func": "5242964", "addr": 4215857, "ret": 6295592}, {"name": "GetProcAddress", "args": [6295592, "GetLongPathNameA"], "addr_func": "5242960", "addr": 4215874, "ret": 6295596}, {"name": "GetLongPathNameA", "args": ["013620891d1582f44942256115b16677", "", 261], "addr_func": "6295596", "addr": 4215901, "ret": "<BV32 retval_GetLongPathNameA_32811_32>"}, {"name": "lstrcpynA", "args": ["", "", 261], "addr_func": "5242944", "addr": 4215922, "ret": 2147416051}, {"name": "RegQueryValueExA", "args": [4215731, "", 0, 0, 2147416318, 2147416312], "addr_func": "5243040", "addr": 4216459, "ret": "<BV32 retval_RegQueryValueExA_32819_32>"}, {"name": "RegQueryValueExA", "args": [4215731, "", 0, 0, 2147416318, 2147416312], "addr_func": "5243040", "addr": 4216489, "ret": "<BV32 retval_RegQueryValueExA_32821_32>"}, {"name": "RegCloseKey", "args": [4215731], "addr_func": "5243048", "addr": 4216523, "ret": "<BV32 retval_RegCloseKey_32824_32>"}, {"name": "lstrcpynA", "args": ["PZM", "PZM", 261], "addr_func": "5242944", "addr": 4216552, "ret": 2147416051}, {"name": "GetThreadLocale", "args": [], "addr_func": "5242952", "addr": 4216565, "ret": 0}, {"name": "GetLocaleInfoA", "args": ["retval_GetThreadLocale_32834_32", 3, "", 5], "addr_func": "5242972", "addr": 4216571, "ret": "<BV32 retval_GetLocaleInfoA_32837_32>"}, {"name": "LoadStringA", "args": [4194304, 65475, "", 1024], "addr_func": "5243028", "addr": 4218525, "ret": "<BV32 retval_LoadStringA_32847_32>"}, {"name": "LoadStringA", "args": [4194304, 65474, "", 1024], "addr_func": "5243028", "addr": 4218525, "ret": "<BV32 retval_LoadStringA_32851_32>"}, {"name": "LoadStringA", "args": [4194304, 65472, "", 1024], "addr_func": "5243028", "addr": 4218525, "ret": "<BV32 retval_LoadStringA_32854_32>"}, {"name": "LoadStringA", "args": [4194304, 65473, "", 1024], "addr_func": "5243028", "addr": 4218525, "ret": "<BV32 retval_LoadStringA_32859_32>"}, {"name": "InitializeCriticalSection", "args": [4584908], "addr_func": "5242892", "addr": 4201010, "ret": "None"}, {"name": "LocalAlloc", "args": [0, 4088], "addr_func": "5242908", "addr": 4201071, "ret": 3221258256}, {"name": "VirtualAlloc", "args": [0, 1048576, 8192, 1], "addr_func": "5242900", "addr": 4199779, "ret": 3222798336}, {"name": "LocalAlloc", "args": [0, 1604], "addr_func": "5242908", "addr": 4199331, "ret": 3221262352}, {"name": "VirtualAlloc", "args": [0, "retval_LoadStringA_32859_32_32897_32", 8192, 1], "addr_func": "5242900", "addr": 4199779, "ret": 3223846912}, {"name": "VirtualAlloc", "args": [0, "retval_LoadStringA_32859_32_32897_32", 8192, 1], "addr_func": "5242900", "addr": 4199779, "ret": 3223851008}]}, "8": {"status": "ExcessLoop", "trace": [{"name": "main", "args": ["013620891d1582f44942256115b16677"], "addr": 4575104, "ret": "symbolic", "addr_func": 4575104}, {"name": "GetModuleHandleA", "args": [0], "addr_func": "5242964", "addr": 4219184, "ret": 4194304}, {"name": "GetKeyboardType", "args": [0], "addr_func": "5243024", "addr": 4206845, "ret": 4}, {"name": "GetCommandLineA", "args": [], "addr_func": "5242976", "addr": 4218867, "ret": 0}, {"name": "GetStartupInfoA", "args": [2147417628], "addr_func": "5242956", "addr": 4199222, "ret": "None"}, {"name": "GetVersion", "args": [], "addr_func": "5242912", "addr": 4218887, "ret": 0}, {"name": "GetVersion", "args": [], "addr_func": "5242912", "addr": 4218904, "ret": 0}, {"name": "GetThreadLocale", "args": [], "addr_func": "5242952", "addr": 4218932, "ret": 0}, {"name": "GetLocaleInfoA", "args": ["retval_GetThreadLocale_32771_32", 4100, "", 7], "addr_func": "5242972", "addr": 4218602, "ret": "<BV32 retval_GetLocaleInfoA_32772_32>"}, {"name": "GetCurrentThreadId", "args": [], "addr_func": "5242916", "addr": 4218964, "ret": 0}, {"name": "GetModuleFileNameA", "args": [4194304, "PZM", 261], "addr_func": "5242968", "addr": 4215726, "ret": 3}, {"name": "GetModuleFileNameA", "args": [0, "013620891d1582f44942256115b16677", 261], "addr_func": "5242968", "addr": 4216296, "ret": 32}, {"name": "RegOpenKeyExA", "args": [2147483649, "Software\\Borland\\Locales", 0, 983065, 2147416328], "addr_func": "5243044", "addr": 4216326, "ret": "<BV32 retval_RegOpenKeyExA_32796_32>"}, {"name": "GetModuleHandleA", "args": ["kernel32.dll"], "addr_func": "5242964", "addr": 4215857, "ret": 6295592}, {"name": "GetProcAddress", "args": [6295592, "GetLongPathNameA"], "addr_func": "5242960", "addr": 4215874, "ret": 6295596}, {"name": "GetLongPathNameA", "args": ["013620891d1582f44942256115b16677", "", 261], "addr_func": "6295596", "addr": 4215901, "ret": "<BV32 retval_GetLongPathNameA_32811_32>"}, {"name": "lstrcpynA", "args": ["", "", 261], "addr_func": "5242944", "addr": 4215922, "ret": 2147416051}, {"name": "RegQueryValueExA", "args": [4215731, "", 0, 0, 2147416318, 2147416312], "addr_func": "5243040", "addr": 4216459, "ret": "<BV32 retval_RegQueryValueExA_32819_32>"}, {"name": "RegQueryValueExA", "args": [4215731, "", 0, 0, 2147416318, 2147416312], "addr_func": "5243040", "addr": 4216489, "ret": "<BV32 retval_RegQueryValueExA_32821_32>"}, {"name": "RegCloseKey", "args": [4215731], "addr_func": "5243048", "addr": 4216523, "ret": "<BV32 retval_RegCloseKey_32824_32>"}, {"name": "lstrcpynA", "args": ["PZM", "PZM", 261], "addr_func": "5242944", "addr": 4216552, "ret": 2147416051}, {"name": "GetThreadLocale", "args": [], "addr_func": "5242952", "addr": 4216565, "ret": 0}, {"name": "GetLocaleInfoA", "args": ["retval_GetThreadLocale_32834_32", 3, "", 5], "addr_func": "5242972", "addr": 4216571, "ret": "<BV32 retval_GetLocaleInfoA_32837_32>"}, {"name": "LoadStringA", "args": [4194304, 65475, "", 1024], "addr_func": "5243028", "addr": 4218525, "ret": "<BV32 retval_LoadStringA_32847_32>"}, {"name": "LoadStringA", "args": [4194304, 65474, "", 1024], "addr_func": "5243028", "addr": 4218525, "ret": "<BV32 retval_LoadStringA_32851_32>"}, {"name": "LoadStringA", "args": [4194304, 65472, "", 1024], "addr_func": "5243028", "addr": 4218525, "ret": "<BV32 retval_LoadStringA_32854_32>"}, {"name": "LoadStringA", "args": [4194304, 65473, "", 1024], "addr_func": "5243028", "addr": 4218525, "ret": "<BV32 retval_LoadStringA_32858_32>"}]}, "9": {"status": "ExcessLoop", "trace": [{"name": "main", "args": ["013620891d1582f44942256115b16677"], "addr": 4575104, "ret": "symbolic", "addr_func": 4575104}, {"name": "GetModuleHandleA", "args": [0], "addr_func": "5242964", "addr": 4219184, "ret": 4194304}, {"name": "GetKeyboardType", "args": [0], "addr_func": "5243024", "addr": 4206845, "ret": 4}, {"name": "GetCommandLineA", "args": [], "addr_func": "5242976", "addr": 4218867, "ret": 0}, {"name": "GetStartupInfoA", "args": [2147417628], "addr_func": "5242956", "addr": 4199222, "ret": "None"}, {"name": "GetVersion", "args": [], "addr_func": "5242912", "addr": 4218887, "ret": 0}, {"name": "GetVersion", "args": [], "addr_func": "5242912", "addr": 4218904, "ret": 0}, {"name": "GetThreadLocale", "args": [], "addr_func": "5242952", "addr": 4218932, "ret": 0}, {"name": "GetLocaleInfoA", "args": ["retval_GetThreadLocale_32771_32", 4100, "", 7], "addr_func": "5242972", "addr": 4218602, "ret": "<BV32 retval_GetLocaleInfoA_32772_32>"}, {"name": "GetCurrentThreadId", "args": [], "addr_func": "5242916", "addr": 4218964, "ret": 0}, {"name": "GetModuleFileNameA", "args": [4194304, "PZM", 261], "addr_func": "5242968", "addr": 4215726, "ret": 3}, {"name": "GetModuleFileNameA", "args": [0, "013620891d1582f44942256115b16677", 261], "addr_func": "5242968", "addr": 4216296, "ret": 32}, {"name": "RegOpenKeyExA", "args": [2147483649, "Software\\Borland\\Locales", 0, 983065, 2147416328], "addr_func": "5243044", "addr": 4216326, "ret": "<BV32 retval_RegOpenKeyExA_32796_32>"}, {"name": "GetModuleHandleA", "args": ["kernel32.dll"], "addr_func": "5242964", "addr": 4215857, "ret": 6295592}, {"name": "GetProcAddress", "args": [6295592, "GetLongPathNameA"], "addr_func": "5242960", "addr": 4215874, "ret": 6295596}, {"name": "GetLongPathNameA", "args": ["013620891d1582f44942256115b16677", "", 261], "addr_func": "6295596", "addr": 4215901, "ret": "<BV32 retval_GetLongPathNameA_32811_32>"}, {"name": "lstrcpynA", "args": ["", "", 261], "addr_func": "5242944", "addr": 4215922, "ret": 2147416051}, {"name": "RegQueryValueExA", "args": [4215731, "", 0, 0, 2147416318, 2147416312], "addr_func": "5243040", "addr": 4216459, "ret": "<BV32 retval_RegQueryValueExA_32819_32>"}, {"name": "RegQueryValueExA", "args": [4215731, "", 0, 0, 2147416318, 2147416312], "addr_func": "5243040", "addr": 4216489, "ret": "<BV32 retval_RegQueryValueExA_32821_32>"}, {"name": "RegCloseKey", "args": [4215731], "addr_func": "5243048", "addr": 4216523, "ret": "<BV32 retval_RegCloseKey_32824_32>"}, {"name": "lstrcpynA", "args": ["PZM", "PZM", 261], "addr_func": "5242944", "addr": 4216552, "ret": 2147416051}, {"name": "GetThreadLocale", "args": [], "addr_func": "5242952", "addr": 4216565, "ret": 0}, {"name": "GetLocaleInfoA", "args": ["retval_GetThreadLocale_32834_32", 3, "", 5], "addr_func": "5242972", "addr": 4216571, "ret": "<BV32 retval_GetLocaleInfoA_32837_32>"}, {"name": "LoadStringA", "args": [4194304, 65475, "", 1024], "addr_func": "5243028", "addr": 4218525, "ret": "<BV32 retval_LoadStringA_32847_32>"}, {"name": "LoadStringA", "args": [4194304, 65474, "", 1024], "addr_func": "5243028", "addr": 4218525, "ret": "<BV32 retval_LoadStringA_32851_32>"}, {"name": "LoadStringA", "args": [4194304, 65472, "", 1024], "addr_func": "5243028", "addr": 4218525, "ret": "<BV32 retval_LoadStringA_32854_32>"}, {"name": "LoadStringA", "args": [4194304, 65473, "", 1024], "addr_func": "5243028", "addr": 4218525, "ret": "<BV32 retval_LoadStringA_32859_32>"}]}, "10": {"status": "ExcessLoop", "trace": [{"name": "main", "args": ["013620891d1582f44942256115b16677"], "addr": 4575104, "ret": "symbolic", "addr_func": 4575104}, {"name": "GetModuleHandleA", "args": [0], "addr_func": "5242964", "addr": 4219184, "ret": 4194304}, {"name": "GetKeyboardType", "args": [0], "addr_func": "5243024", "addr": 4206845, "ret": 4}, {"name": "GetCommandLineA", "args": [], "addr_func": "5242976", "addr": 4218867, "ret": 0}, {"name": "GetStartupInfoA", "args": [2147417628], "addr_func": "5242956", "addr": 4199222, "ret": "None"}, {"name": "GetVersion", "args": [], "addr_func": "5242912", "addr": 4218887, "ret": 0}, {"name": "GetVersion", "args": [], "addr_func": "5242912", "addr": 4218904, "ret": 0}, {"name": "GetThreadLocale", "args": [], "addr_func": "5242952", "addr": 4218932, "ret": 0}, {"name": "GetLocaleInfoA", "args": ["retval_GetThreadLocale_32771_32", 4100, "", 7], "addr_func": "5242972", "addr": 4218602, "ret": "<BV32 retval_GetLocaleInfoA_32772_32>"}, {"name": "GetCurrentThreadId", "args": [], "addr_func": "5242916", "addr": 4218964, "ret": 0}, {"name": "GetModuleFileNameA", "args": [4194304, "PZM", 261], "addr_func": "5242968", "addr": 4215726, "ret": 3}, {"name": "GetModuleFileNameA", "args": [0, "013620891d1582f44942256115b16677", 261], "addr_func": "5242968", "addr": 4216296, "ret": 32}, {"name": "RegOpenKeyExA", "args": [2147483649, "Software\\Borland\\Locales", 0, 983065, 2147416328], "addr_func": "5243044", "addr": 4216326, "ret": "<BV32 retval_RegOpenKeyExA_32796_32>"}, {"name": "GetModuleHandleA", "args": ["kernel32.dll"], "addr_func": "5242964", "addr": 4215857, "ret": 6295592}, {"name": "GetProcAddress", "args": [6295592, "GetLongPathNameA"], "addr_func": "5242960", "addr": 4215874, "ret": 6295596}, {"name": "GetLongPathNameA", "args": ["013620891d1582f44942256115b16677", "", 261], "addr_func": "6295596", "addr": 4215901, "ret": "<BV32 retval_GetLongPathNameA_32811_32>"}, {"name": "lstrcpynA", "args": ["", "", 261], "addr_func": "5242944", "addr": 4215922, "ret": 2147416051}, {"name": "RegQueryValueExA", "args": [4215731, "", 0, 0, 2147416318, 2147416312], "addr_func": "5243040", "addr": 4216459, "ret": "<BV32 retval_RegQueryValueExA_32819_32>"}, {"name": "RegQueryValueExA", "args": [4215731, "", 0, 0, 2147416318, 2147416312], "addr_func": "5243040", "addr": 4216489, "ret": "<BV32 retval_RegQueryValueExA_32821_32>"}, {"name": "RegCloseKey", "args": [4215731], "addr_func": "5243048", "addr": 4216523, "ret": "<BV32 retval_RegCloseKey_32824_32>"}, {"name": "lstrcpynA", "args": ["PZM", "PZM", 261], "addr_func": "5242944", "addr": 4216552, "ret": 2147416051}, {"name": "GetThreadLocale", "args": [], "addr_func": "5242952", "addr": 4216565, "ret": 0}, {"name": "GetLocaleInfoA", "args": ["retval_GetThreadLocale_32834_32", 3, "", 5], "addr_func": "5242972", "addr": 4216571, "ret": "<BV32 retval_GetLocaleInfoA_32837_32>"}, {"name": "LoadStringA", "args": [4194304, 65475, "", 1024], "addr_func": "5243028", "addr": 4218525, "ret": "<BV32 retval_LoadStringA_32847_32>"}, {"name": "LoadStringA", "args": [4194304, 65474, "", 1024], "addr_func": "5243028", "addr": 4218525, "ret": "<BV32 retval_LoadStringA_32851_32>"}, {"name": "LoadStringA", "args": [4194304, 65472, "", 1024], "addr_func": "5243028", "addr": 4218525, "ret": "<BV32 retval_LoadStringA_32855_32>"}, {"name": "LoadStringA", "args": [4194304, 65473, "", 1024], "addr_func": "5243028", "addr": 4218525, "ret": "<BV32 retval_LoadStringA_32860_32>"}]}, "11": {"status": "ExcessLoop", "trace": [{"name": "main", "args": ["013620891d1582f44942256115b16677"], "addr": 4575104, "ret": "symbolic", "addr_func": 4575104}, {"name": "GetModuleHandleA", "args": [0], "addr_func": "5242964", "addr": 4219184, "ret": 4194304}, {"name": "GetKeyboardType", "args": [0], "addr_func": "5243024", "addr": 4206845, "ret": 4}, {"name": "GetCommandLineA", "args": [], "addr_func": "5242976", "addr": 4218867, "ret": 0}, {"name": "GetStartupInfoA", "args": [2147417628], "addr_func": "5242956", "addr": 4199222, "ret": "None"}, {"name": "GetVersion", "args": [], "addr_func": "5242912", "addr": 4218887, "ret": 0}, {"name": "GetVersion", "args": [], "addr_func": "5242912", "addr": 4218904, "ret": 0}, {"name": "GetThreadLocale", "args": [], "addr_func": "5242952", "addr": 4218932, "ret": 0}, {"name": "GetLocaleInfoA", "args": ["retval_GetThreadLocale_32771_32", 4100, "", 7], "addr_func": "5242972", "addr": 4218602, "ret": "<BV32 retval_GetLocaleInfoA_32772_32>"}, {"name": "GetCurrentThreadId", "args": [], "addr_func": "5242916", "addr": 4218964, "ret": 0}, {"name": "GetModuleFileNameA", "args": [4194304, "PZM", 261], "addr_func": "5242968", "addr": 4215726, "ret": 3}, {"name": "GetModuleFileNameA", "args": [0, "013620891d1582f44942256115b16677", 261], "addr_func": "5242968", "addr": 4216296, "ret": 32}, {"name": "RegOpenKeyExA", "args": [2147483649, "Software\\Borland\\Locales", 0, 983065, 2147416328], "addr_func": "5243044", "addr": 4216326, "ret": "<BV32 retval_RegOpenKeyExA_32796_32>"}, {"name": "GetModuleHandleA", "args": ["kernel32.dll"], "addr_func": "5242964", "addr": 4215857, "ret": 6295592}, {"name": "GetProcAddress", "args": [6295592, "GetLongPathNameA"], "addr_func": "5242960", "addr": 4215874, "ret": 6295596}, {"name": "GetLongPathNameA", "args": ["013620891d1582f44942256115b16677", "", 261], "addr_func": "6295596", "addr": 4215901, "ret": "<BV32 retval_GetLongPathNameA_32811_32>"}, {"name": "lstrcpynA", "args": ["", "", 261], "addr_func": "5242944", "addr": 4215922, "ret": 2147416051}, {"name": "RegQueryValueExA", "args": [4215731, "", 0, 0, 2147416318, 2147416312], "addr_func": "5243040", "addr": 4216459, "ret": "<BV32 retval_RegQueryValueExA_32819_32>"}, {"name": "RegQueryValueExA", "args": [4215731, "", 0, 0, 2147416318, 2147416312], "addr_func": "5243040", "addr": 4216489, "ret": "<BV32 retval_RegQueryValueExA_32821_32>"}, {"name": "RegCloseKey", "args": [4215731], "addr_func": "5243048", "addr": 4216523, "ret": "<BV32 retval_RegCloseKey_32824_32>"}, {"name": "lstrcpynA", "args": ["PZM", "PZM", 261], "addr_func": "5242944", "addr": 4216552, "ret": 2147416051}, {"name": "GetThreadLocale", "args": [], "addr_func": "5242952", "addr": 4216565, "ret": 0}, {"name": "GetLocaleInfoA", "args": ["retval_GetThreadLocale_32834_32", 3, "", 5], "addr_func": "5242972", "addr": 4216571, "ret": "<BV32 retval_GetLocaleInfoA_32837_32>"}, {"name": "LoadStringA", "args": [4194304, 65475, "", 1024], "addr_func": "5243028", "addr": 4218525, "ret": "<BV32 retval_LoadStringA_32847_32>"}, {"name": "LoadStringA", "args": [4194304, 65474, "", 1024], "addr_func": "5243028", "addr": 4218525, "ret": "<BV32 retval_LoadStringA_32851_32>"}, {"name": "LoadStringA", "args": [4194304, 65472, "", 1024], "addr_func": "5243028", "addr": 4218525, "ret": "<BV32 retval_LoadStringA_32855_32>"}, {"name": "LoadStringA", "args": [4194304, 65473, "", 1024], "addr_func": "5243028", "addr": 4218525, "ret": "<BV32 retval_LoadStringA_32861_32>"}]}, "12": {"status": "ExcessLoop", "trace": [{"name": "main", "args": ["013620891d1582f44942256115b16677"], "addr": 4575104, "ret": "symbolic", "addr_func": 4575104}, {"name": "GetModuleHandleA", "args": [0], "addr_func": "5242964", "addr": 4219184, "ret": 4194304}, {"name": "GetKeyboardType", "args": [0], "addr_func": "5243024", "addr": 4206845, "ret": 4}, {"name": "GetCommandLineA", "args": [], "addr_func": "5242976", "addr": 4218867, "ret": 0}, {"name": "GetStartupInfoA", "args": [2147417628], "addr_func": "5242956", "addr": 4199222, "ret": "None"}, {"name": "GetVersion", "args": [], "addr_func": "5242912", "addr": 4218887, "ret": 0}, {"name": "GetVersion", "args": [], "addr_func": "5242912", "addr": 4218904, "ret": 0}, {"name": "GetThreadLocale", "args": [], "addr_func": "5242952", "addr": 4218932, "ret": 0}, {"name": "GetLocaleInfoA", "args": ["retval_GetThreadLocale_32771_32", 4100, "", 7], "addr_func": "5242972", "addr": 4218602, "ret": "<BV32 retval_GetLocaleInfoA_32772_32>"}, {"name": "GetCurrentThreadId", "args": [], "addr_func": "5242916", "addr": 4218964, "ret": 0}, {"name": "GetModuleFileNameA", "args": [4194304, "PZM", 261], "addr_func": "5242968", "addr": 4215726, "ret": 3}, {"name": "GetModuleFileNameA", "args": [0, "013620891d1582f44942256115b16677", 261], "addr_func": "5242968", "addr": 4216296, "ret": 32}, {"name": "RegOpenKeyExA", "args": [2147483649, "Software\\Borland\\Locales", 0, 983065, 2147416328], "addr_func": "5243044", "addr": 4216326, "ret": "<BV32 retval_RegOpenKeyExA_32796_32>"}, {"name": "GetModuleHandleA", "args": ["kernel32.dll"], "addr_func": "5242964", "addr": 4215857, "ret": 6295592}, {"name": "GetProcAddress", "args": [6295592, "GetLongPathNameA"], "addr_func": "5242960", "addr": 4215874, "ret": 6295596}, {"name": "GetLongPathNameA", "args": ["013620891d1582f44942256115b16677", "", 261], "addr_func": "6295596", "addr": 4215901, "ret": "<BV32 retval_GetLongPathNameA_32811_32>"}, {"name": "lstrcpynA", "args": ["01", "013620891d1582f44942256115b16677", 3], "addr_func": "5242944", "addr": 4216022, "ret": 2147415429}, {"name": "CharNextA", "args": ["620891d1582f44942256115b16677"], "addr_func": "5243036", "addr": 4215811, "ret": 2147416055}, {"name": "CharNextA", "args": ["20891d1582f44942256115b16677"], "addr_func": "5243036", "addr": 4215811, "ret": 2147416056}, {"name": "CharNextA", "args": ["0891d1582f44942256115b16677"], "addr_func": "5243036", "addr": 4215811, "ret": 2147416057}, {"name": "CharNextA", "args": ["891d1582f44942256115b16677"], "addr_func": "5243036", "addr": 4215811, "ret": 2147416058}, {"name": "CharNextA", "args": ["91d1582f44942256115b16677"], "addr_func": "5243036", "addr": 4215811, "ret": 2147416059}, {"name": "CharNextA", "args": ["1d1582f44942256115b16677"], "addr_func": "5243036", "addr": 4215811, "ret": 2147416060}, {"name": "CharNextA", "args": ["d1582f44942256115b16677"], "addr_func": "5243036", "addr": 4215811, "ret": 2147416061}, {"name": "CharNextA", "args": ["1582f44942256115b16677"], "addr_func": "5243036", "addr": 4215811, "ret": 2147416062}, {"name": "CharNextA", "args": ["582f44942256115b16677"], "addr_func": "5243036", "addr": 4215811, "ret": 2147416063}, {"name": "CharNextA", "args": ["82f44942256115b16677"], "addr_func": "5243036", "addr": 4215811, "ret": 2147416064}, {"name": "CharNextA", "args": ["2f44942256115b16677"], "addr_func": "5243036", "addr": 4215811, "ret": 2147416065}, {"name": "CharNextA", "args": ["f44942256115b16677"], "addr_func": "5243036", "addr": 4215811, "ret": 2147416066}, {"name": "CharNextA", "args": ["44942256115b16677"], "addr_func": "5243036", "addr": 4215811, "ret": 2147416067}, {"name": "CharNextA", "args": ["4942256115b16677"], "addr_func": "5243036", "addr": 4215811, "ret": 2147416068}, {"name": "CharNextA", "args": ["942256115b16677"], "addr_func": "5243036", "addr": 4215811, "ret": 2147416069}, {"name": "CharNextA", "args": ["42256115b16677"], "addr_func": "5243036", "addr": 4215811, "ret": 2147416070}, {"name": "CharNextA", "args": ["2256115b16677"], "addr_func": "5243036", "addr": 4215811, "ret": 2147416071}, {"name": "CharNextA", "args": ["256115b16677"], "addr_func": "5243036", "addr": 4215811, "ret": 2147416072}, {"name": "CharNextA", "args": ["56115b16677"], "addr_func": "5243036", "addr": 4215811, "ret": 2147416073}, {"name": "CharNextA", "args": ["6115b16677"], "addr_func": "5243036", "addr": 4215811, "ret": 2147416074}, {"name": "CharNextA", "args": ["115b16677"], "addr_func": "5243036", "addr": 4215811, "ret": 2147416075}, {"name": "CharNextA", "args": ["15b16677"], "addr_func": "5243036", "addr": 4215811, "ret": 2147416076}, {"name": "CharNextA", "args": ["5b16677"], "addr_func": "5243036", "addr": 4215811, "ret": 2147416077}, {"name": "CharNextA", "args": ["b16677"], "addr_func": "5243036", "addr": 4215811, "ret": 2147416078}, {"name": "CharNextA", "args": ["16677"], "addr_func": "5243036", "addr": 4215811, "ret": 2147416079}, {"name": "CharNextA", "args": ["6677"], "addr_func": "5243036", "addr": 4215811, "ret": 2147416080}, {"name": "CharNextA", "args": ["677"], "addr_func": "5243036", "addr": 4215811, "ret": 2147416081}, {"name": "CharNextA", "args": ["77"], "addr_func": "5243036", "addr": 4215811, "ret": 2147416082}, {"name": "CharNextA", "args": ["7"], "addr_func": "5243036", "addr": 4215811, "ret": 2147416083}, {"name": "lstrcpynA", "args": ["3620891d1582f44942256115b16677", "3620891d1582f44942256115b16677", 31], "addr_func": "5242944", "addr": 4216075, "ret": 2147415431}, {"name": "FindFirstFileA", "args": ["013620891d1582f44942256115b16677", 2147415690], "addr_func": "5242984", "addr": 4216094, "ret": "<BV32 retval_FindFirstFileA_32862_32>"}, {"name": "FindClose", "args": ["retval_FindFirstFileA_32862_32"], "addr_func": "5242988", "addr": 4216107, "ret": "<BV32 retval_FindClose_32863_32>"}, {"name": "lstrlenA", "args": [""], "addr_func": "5242940", "addr": 4216119, "ret": 0}, {"name": "lstrcpynA", "args": ["", "", 258], "addr_func": "5242944", "addr": 4216171, "ret": 2147415432}, {"name": "lstrlenA", "args": [""], "addr_func": "5242940", "addr": 4216183, "ret": 0}, {"name": "lstrcpynA", "args": ["01\\", "01\\", 261], "addr_func": "5242944", "addr": 4216217, "ret": 2147416051}, {"name": "RegQueryValueExA", "args": [4215731, "01\\", 0, 0, 2147416318, 2147416312], "addr_func": "5243040", "addr": 4216459, "ret": "<BV32 retval_RegQueryValueExA_32868_32>"}, {"name": "RegCloseKey", "args": [4215731], "addr_func": "5243048", "addr": 4216523, "ret": "<BV32 retval_RegCloseKey_32869_32>"}, {"name": "lstrcpynA", "args": ["PZM", "PZM", 261], "addr_func": "5242944", "addr": 4216552, "ret": 2147416051}, {"name": "GetThreadLocale", "args": [], "addr_func": "5242952", "addr": 4216565, "ret": 0}, {"name": "GetLocaleInfoA", "args": ["retval_GetThreadLocale_32872_32", 3, "", 5], "addr_func": "5242972", "addr": 4216571, "ret": "<BV32 retval_GetLocaleInfoA_32873_32>"}, {"name": "LoadStringA", "args": [4194304, 65475, "", 1024], "addr_func": "5243028", "addr": 4218525, "ret": "<BV32 retval_LoadStringA_32876_32>"}, {"name": "LoadStringA", "args": [4194304, 65474, "", 1024], "addr_func": "5243028", "addr": 4218525, "ret": "<BV32 retval_LoadStringA_32877_32>"}, {"name": "LoadStringA", "args": [4194304, 65472, "", 1024], "addr_func": "5243028", "addr": 4218525, "ret": "<BV32 retval_LoadStringA_32879_32>"}, {"name": "LoadStringA", "args": [4194304, 65473, "", 1024], "addr_func": "5243028", "addr": 4218525, "ret": "<BV32 retval_LoadStringA_32881_32>"}]}, "13": {"status": "ExcessLoop", "trace": [{"name": "main", "args": ["013620891d1582f44942256115b16677"], "addr": 4575104, "ret": "symbolic", "addr_func": 4575104}, {"name": "GetModuleHandleA", "args": [0], "addr_func": "5242964", "addr": 4219184, "ret": 4194304}, {"name": "GetKeyboardType", "args": [0], "addr_func": "5243024", "addr": 4206845, "ret": 4}, {"name": "GetCommandLineA", "args": [], "addr_func": "5242976", "addr": 4218867, "ret": 0}, {"name": "GetStartupInfoA", "args": [2147417628], "addr_func": "5242956", "addr": 4199222, "ret": "None"}, {"name": "GetVersion", "args": [], "addr_func": "5242912", "addr": 4218887, "ret": 0}, {"name": "GetVersion", "args": [], "addr_func": "5242912", "addr": 4218904, "ret": 0}, {"name": "GetThreadLocale", "args": [], "addr_func": "5242952", "addr": 4218932, "ret": 0}, {"name": "GetLocaleInfoA", "args": ["retval_GetThreadLocale_32771_32", 4100, "", 7], "addr_func": "5242972", "addr": 4218602, "ret": "<BV32 retval_GetLocaleInfoA_32772_32>"}, {"name": "GetCurrentThreadId", "args": [], "addr_func": "5242916", "addr": 4218964, "ret": 0}, {"name": "GetModuleFileNameA", "args": [4194304, "PZM", 261], "addr_func": "5242968", "addr": 4215726, "ret": 3}, {"name": "GetModuleFileNameA", "args": [0, "013620891d1582f44942256115b16677", 261], "addr_func": "5242968", "addr": 4216296, "ret": 32}, {"name": "RegOpenKeyExA", "args": [2147483649, "Software\\Borland\\Locales", 0, 983065, 2147416328], "addr_func": "5243044", "addr": 4216326, "ret": "<BV32 retval_RegOpenKeyExA_32796_32>"}, {"name": "GetModuleHandleA", "args": ["kernel32.dll"], "addr_func": "5242964", "addr": 4215857, "ret": 6295592}, {"name": "GetProcAddress", "args": [6295592, "GetLongPathNameA"], "addr_func": "5242960", "addr": 4215874, "ret": 6295596}, {"name": "GetLongPathNameA", "args": ["013620891d1582f44942256115b16677", "", 261], "addr_func": "6295596", "addr": 4215901, "ret": "<BV32 retval_GetLongPathNameA_32811_32>"}, {"name": "lstrcpynA", "args": ["01", "013620891d1582f44942256115b16677", 3], "addr_func": "5242944", "addr": 4216022, "ret": 2147415429}, {"name": "CharNextA", "args": ["620891d1582f44942256115b16677"], "addr_func": "5243036", "addr": 4215811, "ret": 2147416055}, {"name": "CharNextA", "args": ["20891d1582f44942256115b16677"], "addr_func": "5243036", "addr": 4215811, "ret": 2147416056}, {"name": "CharNextA", "args": ["0891d1582f44942256115b16677"], "addr_func": "5243036", "addr": 4215811, "ret": 2147416057}, {"name": "CharNextA", "args": ["891d1582f44942256115b16677"], "addr_func": "5243036", "addr": 4215811, "ret": 2147416058}, {"name": "CharNextA", "args": ["91d1582f44942256115b16677"], "addr_func": "5243036", "addr": 4215811, "ret": 2147416059}, {"name": "CharNextA", "args": ["1d1582f44942256115b16677"], "addr_func": "5243036", "addr": 4215811, "ret": 2147416060}, {"name": "CharNextA", "args": ["d1582f44942256115b16677"], "addr_func": "5243036", "addr": 4215811, "ret": 2147416061}, {"name": "CharNextA", "args": ["1582f44942256115b16677"], "addr_func": "5243036", "addr": 4215811, "ret": 2147416062}, {"name": "CharNextA", "args": ["582f44942256115b16677"], "addr_func": "5243036", "addr": 4215811, "ret": 2147416063}, {"name": "CharNextA", "args": ["82f44942256115b16677"], "addr_func": "5243036", "addr": 4215811, "ret": 2147416064}, {"name": "CharNextA", "args": ["2f44942256115b16677"], "addr_func": "5243036", "addr": 4215811, "ret": 2147416065}, {"name": "CharNextA", "args": ["f44942256115b16677"], "addr_func": "5243036", "addr": 4215811, "ret": 2147416066}, {"name": "CharNextA", "args": ["44942256115b16677"], "addr_func": "5243036", "addr": 4215811, "ret": 2147416067}, {"name": "CharNextA", "args": ["4942256115b16677"], "addr_func": "5243036", "addr": 4215811, "ret": 2147416068}, {"name": "CharNextA", "args": ["942256115b16677"], "addr_func": "5243036", "addr": 4215811, "ret": 2147416069}, {"name": "CharNextA", "args": ["42256115b16677"], "addr_func": "5243036", "addr": 4215811, "ret": 2147416070}, {"name": "CharNextA", "args": ["2256115b16677"], "addr_func": "5243036", "addr": 4215811, "ret": 2147416071}, {"name": "CharNextA", "args": ["256115b16677"], "addr_func": "5243036", "addr": 4215811, "ret": 2147416072}, {"name": "CharNextA", "args": ["56115b16677"], "addr_func": "5243036", "addr": 4215811, "ret": 2147416073}, {"name": "CharNextA", "args": ["6115b16677"], "addr_func": "5243036", "addr": 4215811, "ret": 2147416074}, {"name": "CharNextA", "args": ["115b16677"], "addr_func": "5243036", "addr": 4215811, "ret": 2147416075}, {"name": "CharNextA", "args": ["15b16677"], "addr_func": "5243036", "addr": 4215811, "ret": 2147416076}, {"name": "CharNextA", "args": ["5b16677"], "addr_func": "5243036", "addr": 4215811, "ret": 2147416077}, {"name": "CharNextA", "args": ["b16677"], "addr_func": "5243036", "addr": 4215811, "ret": 2147416078}, {"name": "CharNextA", "args": ["16677"], "addr_func": "5243036", "addr": 4215811, "ret": 2147416079}, {"name": "CharNextA", "args": ["6677"], "addr_func": "5243036", "addr": 4215811, "ret": 2147416080}, {"name": "CharNextA", "args": ["677"], "addr_func": "5243036", "addr": 4215811, "ret": 2147416081}, {"name": "CharNextA", "args": ["77"], "addr_func": "5243036", "addr": 4215811, "ret": 2147416082}, {"name": "CharNextA", "args": ["7"], "addr_func": "5243036", "addr": 4215811, "ret": 2147416083}, {"name": "lstrcpynA", "args": ["3620891d1582f44942256115b16677", "3620891d1582f44942256115b16677", 31], "addr_func": "5242944", "addr": 4216075, "ret": 2147415431}, {"name": "FindFirstFileA", "args": ["013620891d1582f44942256115b16677", 2147415690], "addr_func": "5242984", "addr": 4216094, "ret": "<BV32 retval_FindFirstFileA_32862_32>"}, {"name": "FindClose", "args": ["retval_FindFirstFileA_32862_32"], "addr_func": "5242988", "addr": 4216107, "ret": "<BV32 retval_FindClose_32863_32>"}, {"name": "lstrlenA", "args": [""], "addr_func": "5242940", "addr": 4216119, "ret": 0}, {"name": "lstrcpynA", "args": ["", "", 258], "addr_func": "5242944", "addr": 4216171, "ret": 2147415432}, {"name": "lstrlenA", "args": [""], "addr_func": "5242940", "addr": 4216183, "ret": 0}, {"name": "lstrcpynA", "args": ["01\\", "01\\", 261], "addr_func": "5242944", "addr": 4216217, "ret": 2147416051}, {"name": "RegQueryValueExA", "args": [4215731, "01\\", 0, 0, 2147416318, 2147416312], "addr_func": "5243040", "addr": 4216459, "ret": "<BV32 retval_RegQueryValueExA_32868_32>"}, {"name": "RegCloseKey", "args": [4215731], "addr_func": "5243048", "addr": 4216523, "ret": "<BV32 retval_RegCloseKey_32869_32>"}, {"name": "lstrcpynA", "args": ["PZM", "PZM", 261], "addr_func": "5242944", "addr": 4216552, "ret": 2147416051}, {"name": "GetThreadLocale", "args": [], "addr_func": "5242952", "addr": 4216565, "ret": 0}, {"name": "GetLocaleInfoA", "args": ["retval_GetThreadLocale_32872_32", 3, "", 5], "addr_func": "5242972", "addr": 4216571, "ret": "<BV32 retval_GetLocaleInfoA_32873_32>"}, {"name": "LoadStringA", "args": [4194304, 65475, "", 1024], "addr_func": "5243028", "addr": 4218525, "ret": "<BV32 retval_LoadStringA_32876_32>"}, {"name": "LoadStringA", "args": [4194304, 65474, "", 1024], "addr_func": "5243028", "addr": 4218525, "ret": "<BV32 retval_LoadStringA_32877_32>"}, {"name": "LoadStringA", "args": [4194304, 65472, "", 1024], "addr_func": "5243028", "addr": 4218525, "ret": "<BV32 retval_LoadStringA_32879_32>"}, {"name": "LoadStringA", "args": [4194304, 65473, "", 1024], "addr_func": "5243028", "addr": 4218525, "ret": "<BV32 retval_LoadStringA_32882_32>"}]}, "14": {"status": "ExcessLoop", "trace": [{"name": "main", "args": ["013620891d1582f44942256115b16677"], "addr": 4575104, "ret": "symbolic", "addr_func": 4575104}, {"name": "GetModuleHandleA", "args": [0], "addr_func": "5242964", "addr": 4219184, "ret": 4194304}, {"name": "GetKeyboardType", "args": [0], "addr_func": "5243024", "addr": 4206845, "ret": 4}, {"name": "GetCommandLineA", "args": [], "addr_func": "5242976", "addr": 4218867, "ret": 0}, {"name": "GetStartupInfoA", "args": [2147417628], "addr_func": "5242956", "addr": 4199222, "ret": "None"}, {"name": "GetVersion", "args": [], "addr_func": "5242912", "addr": 4218887, "ret": 0}, {"name": "GetVersion", "args": [], "addr_func": "5242912", "addr": 4218904, "ret": 0}, {"name": "GetThreadLocale", "args": [], "addr_func": "5242952", "addr": 4218932, "ret": 0}, {"name": "GetLocaleInfoA", "args": ["retval_GetThreadLocale_32771_32", 4100, "", 7], "addr_func": "5242972", "addr": 4218602, "ret": "<BV32 retval_GetLocaleInfoA_32772_32>"}, {"name": "GetCurrentThreadId", "args": [], "addr_func": "5242916", "addr": 4218964, "ret": 0}, {"name": "GetModuleFileNameA", "args": [4194304, "PZM", 261], "addr_func": "5242968", "addr": 4215726, "ret": 3}, {"name": "GetModuleFileNameA", "args": [0, "013620891d1582f44942256115b16677", 261], "addr_func": "5242968", "addr": 4216296, "ret": 32}, {"name": "RegOpenKeyExA", "args": [2147483649, "Software\\Borland\\Locales", 0, 983065, 2147416328], "addr_func": "5243044", "addr": 4216326, "ret": "<BV32 retval_RegOpenKeyExA_32796_32>"}, {"name": "GetModuleHandleA", "args": ["kernel32.dll"], "addr_func": "5242964", "addr": 4215857, "ret": 6295592}, {"name": "GetProcAddress", "args": [6295592, "GetLongPathNameA"], "addr_func": "5242960", "addr": 4215874, "ret": 6295596}, {"name": "GetLongPathNameA", "args": ["013620891d1582f44942256115b16677", "", 261], "addr_func": "6295596", "addr": 4215901, "ret": "<BV32 retval_GetLongPathNameA_32811_32>"}, {"name": "lstrcpynA", "args": ["", "", 261], "addr_func": "5242944", "addr": 4215922, "ret": 2147416051}, {"name": "RegQueryValueExA", "args": [4215731, "", 0, 0, 2147416318, 2147416312], "addr_func": "5243040", "addr": 4216459, "ret": "<BV32 retval_RegQueryValueExA_32819_32>"}, {"name": "RegCloseKey", "args": [4215731], "addr_func": "5243048", "addr": 4216523, "ret": "<BV32 retval_RegCloseKey_32820_32>"}, {"name": "lstrcpynA", "args": ["PZM", "PZM", 261], "addr_func": "5242944", "addr": 4216552, "ret": 2147416051}, {"name": "GetThreadLocale", "args": [], "addr_func": "5242952", "addr": 4216565, "ret": 0}, {"name": "GetLocaleInfoA", "args": ["retval_GetThreadLocale_32829_32", 3, "", 5], "addr_func": "5242972", "addr": 4216571, "ret": "<BV32 retval_GetLocaleInfoA_32833_32>"}, {"name": "LoadStringA", "args": [4194304, 65475, "", 1024], "addr_func": "5243028", "addr": 4218525, "ret": "<BV32 retval_LoadStringA_32846_32>"}]}, "15": {"status": "ExcessLoop", "trace": [{"name": "main", "args": ["013620891d1582f44942256115b16677"], "addr": 4575104, "ret": "symbolic", "addr_func": 4575104}, {"name": "GetModuleHandleA", "args": [0], "addr_func": "5242964", "addr": 4219184, "ret": 4194304}, {"name": "GetKeyboardType", "args": [0], "addr_func": "5243024", "addr": 4206845, "ret": 4}, {"name": "GetCommandLineA", "args": [], "addr_func": "5242976", "addr": 4218867, "ret": 0}, {"name": "GetStartupInfoA", "args": [2147417628], "addr_func": "5242956", "addr": 4199222, "ret": "None"}, {"name": "GetVersion", "args": [], "addr_func": "5242912", "addr": 4218887, "ret": 0}, {"name": "GetVersion", "args": [], "addr_func": "5242912", "addr": 4218904, "ret": 0}, {"name": "GetThreadLocale", "args": [], "addr_func": "5242952", "addr": 4218932, "ret": 0}, {"name": "GetLocaleInfoA", "args": ["retval_GetThreadLocale_32771_32", 4100, "", 7], "addr_func": "5242972", "addr": 4218602, "ret": "<BV32 retval_GetLocaleInfoA_32772_32>"}, {"name": "GetCurrentThreadId", "args": [], "addr_func": "5242916", "addr": 4218964, "ret": 0}, {"name": "GetModuleFileNameA", "args": [4194304, "PZM", 261], "addr_func": "5242968", "addr": 4215726, "ret": 3}, {"name": "GetModuleFileNameA", "args": [0, "013620891d1582f44942256115b16677", 261], "addr_func": "5242968", "addr": 4216296, "ret": 32}, {"name": "RegOpenKeyExA", "args": [2147483649, "Software\\Borland\\Locales", 0, 983065, 2147416328], "addr_func": "5243044", "addr": 4216326, "ret": "<BV32 retval_RegOpenKeyExA_32796_32>"}, {"name": "GetModuleHandleA", "args": ["kernel32.dll"], "addr_func": "5242964", "addr": 4215857, "ret": 6295592}, {"name": "GetProcAddress", "args": [6295592, "GetLongPathNameA"], "addr_func": "5242960", "addr": 4215874, "ret": 6295596}, {"name": "GetLongPathNameA", "args": ["013620891d1582f44942256115b16677", "", 261], "addr_func": "6295596", "addr": 4215901, "ret": "<BV32 retval_GetLongPathNameA_32811_32>"}, {"name": "lstrcpynA", "args": ["", "", 261], "addr_func": "5242944", "addr": 4215922, "ret": 2147416051}, {"name": "RegQueryValueExA", "args": [4215731, "", 0, 0, 2147416318, 2147416312], "addr_func": "5243040", "addr": 4216459, "ret": "<BV32 retval_RegQueryValueExA_32819_32>"}, {"name": "RegQueryValueExA", "args": [4215731, "", 0, 0, 2147416318, 2147416312], "addr_func": "5243040", "addr": 4216489, "ret": "<BV32 retval_RegQueryValueExA_32821_32>"}, {"name": "RegCloseKey", "args": [4215731], "addr_func": "5243048", "addr": 4216523, "ret": "<BV32 retval_RegCloseKey_32824_32>"}, {"name": "lstrcpynA", "args": ["PZM", "PZM", 261], "addr_func": "5242944", "addr": 4216552, "ret": 2147416051}, {"name": "GetThreadLocale", "args": [], "addr_func": "5242952", "addr": 4216565, "ret": 0}, {"name": "GetLocaleInfoA", "args": ["retval_GetThreadLocale_32834_32", 3, "", 5], "addr_func": "5242972", "addr": 4216571, "ret": "<BV32 retval_GetLocaleInfoA_32837_32>"}, {"name": "LoadStringA", "args": [4194304, 65475, "", 1024], "addr_func": "5243028", "addr": 4218525, "ret": "<BV32 retval_LoadStringA_32847_32>"}, {"name": "LoadStringA", "args": [4194304, 65474, "", 1024], "addr_func": "5243028", "addr": 4218525, "ret": "<BV32 retval_LoadStringA_32851_32>"}, {"name": "LoadStringA", "args": [4194304, 65472, "", 1024], "addr_func": "5243028", "addr": 4218525, "ret": "<BV32 retval_LoadStringA_32854_32>"}]}, "sections": {"CODE": {"vaddr": 4198400, "memsize": 376832, "is_readable": true, "is_writable": true, "is_executable": true}, "DATA": {"vaddr": 4575232, "memsize": 8192, "is_readable": true, "is_writable": true, "is_executable": false}, "BSS": {"vaddr": 4583424, "memsize": 4096, "is_readable": true, "is_writable": true, "is_executable": false}, ".idata": {"vaddr": 4587520, "memsize": 12288, "is_readable": true, "is_writable": true, "is_executable": false}, ".tls": {"vaddr": 4599808, "memsize": 4096, "is_readable": true, "is_writable": true, "is_executable": false}, ".zqi": {"vaddr": 4603904, "memsize": 4096, "is_readable": true, "is_writable": true, "is_executable": false}, ".reloc": {"vaddr": 4608000, "memsize": 28672, "is_readable": true, "is_writable": true, "is_executable": false}, ".ick": {"vaddr": 4636672, "memsize": 32768, "is_readable": true, "is_writable": true, "is_executable": false}, ".aspack": {"vaddr": 4669440, "memsize": 12288, "is_readable": true, "is_writable": true, "is_executable": false}, ".adata": {"vaddr": 4681728, "memsize": 4096, "is_readable": true, "is_writable": true, "is_executable": false}, ".yxutw": {"vaddr": 4685824, "memsize": 4096, "is_readable": false, "is_writable": false, "is_executable": false}, ".f": {"vaddr": 4689920, "memsize": 4096, "is_readable": false, "is_writable": false, "is_executable": false}, ".fmbav": {"vaddr": 4694016, "memsize": 4096, "is_readable": true, "is_writable": true, "is_executable": false}, ".ygz": {"vaddr": 4698112, "memsize": 4096, "is_readable": false, "is_writable": false, "is_executable": false}}}