{"0": {"status": "deadendend", "trace": [{"name": "main", "args": ["a0057baaaec1a9b89e4db819dcac9aec"], "addr": 4249708, "ret": "symbolic", "addr_func": 4249708}, {"name": "GetModuleHandleA", "args": [0], "addr_func": "5243032", "addr": 4212820, "ret": 4194304}, {"name": "GetKeyboardType", "args": [0], "addr_func": "5242996", "addr": 4207289, "ret": 4}, {"name": "GetCommandLineA", "args": [], "addr_func": "5242928", "addr": 4212580, "ret": 0}, {"name": "GetStartupInfoA", "args": [2147417628], "addr_func": "5242916", "addr": 4198722, "ret": "None"}, {"name": "GetCurrentThreadId", "args": [], "addr_func": "5242912", "addr": 4212600, "ret": 0}, {"name": "GetSystemDirectoryA", "args": ["C:\\Windows\\System32", 256], "addr_func": "5243052", "addr": 4216002, "ret": 162}, {"name": "InitializeCriticalSection", "args": [4257200], "addr_func": "5242892", "addr": 4200510, "ret": "None"}, {"name": "LocalAlloc", "args": [0, 4088], "addr_func": "5242908", "addr": 4200571, "ret": 3221258256}, {"name": "VirtualAlloc", "args": [0, 1048576, 8192, 1], "addr_func": "5242900", "addr": 4199279, "ret": 3222798336}, {"name": "LocalAlloc", "args": [0, 1604], "addr_func": "5242908", "addr": 4198831, "ret": 3221262352}, {"name": "VirtualAlloc", "args": [3222798336, 16384, 4096, 4], "addr_func": "5242900", "addr": 4199745, "ret": 3222798336}, {"name": "GetModuleFileNameA", "args": [0, "a0057baaaec1a9b89e4db819dcac9aec", 261], "addr_func": "5242920", "addr": 4204380, "ret": 32}, {"name": "CopyFileA", "args": ["a0057baaaec1a9b89e4db819dcac9aec", "C:\\Windows\\System32\\sIRC4.exe", 0], "addr_func": "5243096", "addr": 4214387, "ret": "<BV32 retval_CopyFileA_32767_32>"}, {"name": "CreateMutexA", "args": [0, 0, "sIRC4"], "addr_func": "5243088", "addr": 4213082, "ret": 1}, {"name": "VirtualFree", "args": [3222798336, 16384, 16384], "addr_func": "5242896", "addr": 4199874, "ret": "<BV32 retval_VirtualFree_32769_32>"}, {"name": "VirtualFree", "args": [3222798336, 0, 32768], "addr_func": "5242896", "addr": 4199552, "ret": "<BV32 retval_VirtualFree_32771_32>"}, {"name": "MessageBoxA", "args": [0, "Runtime error 204 at 00402514", "Error", 0], "addr_func": "5243000", "addr": 4209664, "ret": 1}, {"name": "LocalFree", "args": [3221258256], "addr_func": "5242904", "addr": 4200747, "ret": "<BV32 retval_LocalFree_32788_32>"}, {"name": "LocalFree", "args": [3221262352], "addr_func": "5242904", "addr": 4200841, "ret": "<BV32 retval_LocalFree_32790_32>"}, {"name": "DeleteCriticalSection", "args": [4257200], "addr_func": "5242880", "addr": 4200892, "ret": "None"}, {"name": "ExitProcess", "args": [], "addr_func": "5242936", "addr": 4209870, "ret": 0}]}, "1": {"status": "deadendend", "trace": [{"name": "main", "args": ["a0057baaaec1a9b89e4db819dcac9aec"], "addr": 4249708, "ret": "symbolic", "addr_func": 4249708}, {"name": "GetModuleHandleA", "args": [0], "addr_func": "5243032", "addr": 4212820, "ret": 4194304}, {"name": "GetKeyboardType", "args": [0], "addr_func": "5242996", "addr": 4207289, "ret": 4}, {"name": "GetCommandLineA", "args": [], "addr_func": "5242928", "addr": 4212580, "ret": 0}, {"name": "GetStartupInfoA", "args": [2147417628], "addr_func": "5242916", "addr": 4198722, "ret": "None"}, {"name": "GetCurrentThreadId", "args": [], "addr_func": "5242912", "addr": 4212600, "ret": 0}, {"name": "GetSystemDirectoryA", "args": ["C:\\Windows\\System32", 256], "addr_func": "5243052", "addr": 4216002, "ret": 162}, {"name": "InitializeCriticalSection", "args": [4257200], "addr_func": "5242892", "addr": 4200510, "ret": "None"}, {"name": "LocalAlloc", "args": [0, 4088], "addr_func": "5242908", "addr": 4200571, "ret": 3221258256}, {"name": "VirtualAlloc", "args": [0, 1048576, 8192, 1], "addr_func": "5242900", "addr": 4199279, "ret": 3222798336}, {"name": "LocalAlloc", "args": [0, 1604], "addr_func": "5242908", "addr": 4198831, "ret": 3221262352}, {"name": "VirtualAlloc", "args": [3222798336, 16384, 4096, 4], "addr_func": "5242900", "addr": 4199745, "ret": 3222798336}, {"name": "GetModuleFileNameA", "args": [0, "a0057baaaec1a9b89e4db819dcac9aec", 261], "addr_func": "5242920", "addr": 4204380, "ret": 32}, {"name": "CopyFileA", "args": ["a0057baaaec1a9b89e4db819dcac9aec", "C:\\Windows\\System32\\sIRC4.exe", 0], "addr_func": "5243096", "addr": 4214387, "ret": "<BV32 retval_CopyFileA_32767_32>"}, {"name": "CreateMutexA", "args": [0, 0, "sIRC4"], "addr_func": "5243088", "addr": 4213082, "ret": 1}, {"name": "VirtualFree", "args": [3222798336, 16384, 16384], "addr_func": "5242896", "addr": 4199874, "ret": "<BV32 retval_VirtualFree_32769_32>"}, {"name": "VirtualFree", "args": [3222798336, 0, 32768], "addr_func": "5242896", "addr": 4199552, "ret": "<BV32 retval_VirtualFree_32770_32>"}, {"name": "MessageBoxA", "args": [0, "Runtime error 204 at 00402514", "Error", 0], "addr_func": "5243000", "addr": 4209664, "ret": 1}, {"name": "LocalFree", "args": [3221258256], "addr_func": "5242904", "addr": 4200747, "ret": "<BV32 retval_LocalFree_32789_32>"}, {"name": "LocalFree", "args": [3221262352], "addr_func": "5242904", "addr": 4200841, "ret": "<BV32 retval_LocalFree_32791_32>"}, {"name": "DeleteCriticalSection", "args": [4257200], "addr_func": "5242880", "addr": 4200892, "ret": "None"}, {"name": "ExitProcess", "args": [], "addr_func": "5242936", "addr": 4209870, "ret": 0}]}, "2": {"status": "deadendend", "trace": [{"name": "main", "args": ["a0057baaaec1a9b89e4db819dcac9aec"], "addr": 4249708, "ret": "symbolic", "addr_func": 4249708}, {"name": "GetModuleHandleA", "args": [0], "addr_func": "5243032", "addr": 4212820, "ret": 4194304}, {"name": "GetKeyboardType", "args": [0], "addr_func": "5242996", "addr": 4207289, "ret": 4}, {"name": "GetCommandLineA", "args": [], "addr_func": "5242928", "addr": 4212580, "ret": 0}, {"name": "GetStartupInfoA", "args": [2147417628], "addr_func": "5242916", "addr": 4198722, "ret": "None"}, {"name": "GetCurrentThreadId", "args": [], "addr_func": "5242912", "addr": 4212600, "ret": 0}, {"name": "GetSystemDirectoryA", "args": ["C:\\Windows\\System32", 256], "addr_func": "5243052", "addr": 4216002, "ret": 162}, {"name": "InitializeCriticalSection", "args": [4257200], "addr_func": "5242892", "addr": 4200510, "ret": "None"}, {"name": "LocalAlloc", "args": [0, 4088], "addr_func": "5242908", "addr": 4200571, "ret": 3221258256}, {"name": "VirtualAlloc", "args": [0, 1048576, 8192, 1], "addr_func": "5242900", "addr": 4199279, "ret": 3222798336}, {"name": "LocalAlloc", "args": [0, 1604], "addr_func": "5242908", "addr": 4198831, "ret": 3221262352}, {"name": "VirtualAlloc", "args": [3222798336, 16384, 4096, 4], "addr_func": "5242900", "addr": 4199745, "ret": 3222798336}, {"name": "GetModuleFileNameA", "args": [0, "a0057baaaec1a9b89e4db819dcac9aec", 261], "addr_func": "5242920", "addr": 4204380, "ret": 32}, {"name": "CopyFileA", "args": ["a0057baaaec1a9b89e4db819dcac9aec", "C:\\Windows\\System32\\sIRC4.exe", 0], "addr_func": "5243096", "addr": 4214387, "ret": "<BV32 retval_CopyFileA_32767_32>"}, {"name": "CreateMutexA", "args": [0, 0, "sIRC4"], "addr_func": "5243088", "addr": 4213082, "ret": 1}, {"name": "VirtualFree", "args": [3222798336, 16384, 16384], "addr_func": "5242896", "addr": 4199874, "ret": "<BV32 retval_VirtualFree_32769_32>"}, {"name": "VirtualFree", "args": [3222798336, 0, 32768], "addr_func": "5242896", "addr": 4199552, "ret": "<BV32 retval_VirtualFree_32771_32>"}, {"name": "MessageBoxA", "args": [0, "Runtime error 204 at 00402514", "Error", 0], "addr_func": "5243000", "addr": 4209664, "ret": 1}, {"name": "LocalFree", "args": [3221258256], "addr_func": "5242904", "addr": 4200747, "ret": "<BV32 retval_LocalFree_32787_32>"}, {"name": "LocalFree", "args": [3221262352], "addr_func": "5242904", "addr": 4200841, "ret": "<BV32 retval_LocalFree_32792_32>"}, {"name": "DeleteCriticalSection", "args": [4257200], "addr_func": "5242880", "addr": 4200892, "ret": "None"}, {"name": "ExitProcess", "args": [], "addr_func": "5242936", "addr": 4209870, "ret": 0}]}, "3": {"status": "deadendend", "trace": [{"name": "main", "args": ["a0057baaaec1a9b89e4db819dcac9aec"], "addr": 4249708, "ret": "symbolic", "addr_func": 4249708}, {"name": "GetModuleHandleA", "args": [0], "addr_func": "5243032", "addr": 4212820, "ret": 4194304}, {"name": "GetKeyboardType", "args": [0], "addr_func": "5242996", "addr": 4207289, "ret": 4}, {"name": "GetCommandLineA", "args": [], "addr_func": "5242928", "addr": 4212580, "ret": 0}, {"name": "GetStartupInfoA", "args": [2147417628], "addr_func": "5242916", "addr": 4198722, "ret": "None"}, {"name": "GetCurrentThreadId", "args": [], "addr_func": "5242912", "addr": 4212600, "ret": 0}, {"name": "GetSystemDirectoryA", "args": ["C:\\Windows\\System32", 256], "addr_func": "5243052", "addr": 4216002, "ret": 162}, {"name": "InitializeCriticalSection", "args": [4257200], "addr_func": "5242892", "addr": 4200510, "ret": "None"}, {"name": "LocalAlloc", "args": [0, 4088], "addr_func": "5242908", "addr": 4200571, "ret": 3221258256}, {"name": "VirtualAlloc", "args": [0, 1048576, 8192, 1], "addr_func": "5242900", "addr": 4199279, "ret": 3222798336}, {"name": "LocalAlloc", "args": [0, 1604], "addr_func": "5242908", "addr": 4198831, "ret": 3221262352}, {"name": "VirtualAlloc", "args": [3222798336, 16384, 4096, 4], "addr_func": "5242900", "addr": 4199745, "ret": 3222798336}, {"name": "GetModuleFileNameA", "args": [0, "a0057baaaec1a9b89e4db819dcac9aec", 261], "addr_func": "5242920", "addr": 4204380, "ret": 32}, {"name": "CopyFileA", "args": ["a0057baaaec1a9b89e4db819dcac9aec", "C:\\Windows\\System32\\sIRC4.exe", 0], "addr_func": "5243096", "addr": 4214387, "ret": "<BV32 retval_CopyFileA_32767_32>"}, {"name": "WritePrivateProfileStringA", "args": ["boot", "shell", "Explorer.exe sIRC4.exe", "system.ini"], "addr_func": "5243036", "addr": 4214436, "ret": "<BV32 retval_WritePrivateProfileStringA_32768_32>"}, {"name": "CreateMutexA", "args": [0, 0, "sIRC4"], "addr_func": "5243088", "addr": 4213082, "ret": 1}, {"name": "VirtualFree", "args": [3222798336, 16384, 16384], "addr_func": "5242896", "addr": 4199874, "ret": "<BV32 retval_VirtualFree_32775_32>"}, {"name": "VirtualFree", "args": [3222798336, 0, 32768], "addr_func": "5242896", "addr": 4199552, "ret": "<BV32 retval_VirtualFree_32776_32>"}, {"name": "MessageBoxA", "args": [0, "Runtime error 204 at 00402514", "Error", 0], "addr_func": "5243000", "addr": 4209664, "ret": 1}, {"name": "LocalFree", "args": [3221258256], "addr_func": "5242904", "addr": 4200747, "ret": "<BV32 retval_LocalFree_32793_32>"}, {"name": "LocalFree", "args": [3221262352], "addr_func": "5242904", "addr": 4200841, "ret": "<BV32 retval_LocalFree_32796_32>"}, {"name": "DeleteCriticalSection", "args": [4257200], "addr_func": "5242880", "addr": 4200892, "ret": "None"}, {"name": "ExitProcess", "args": [], "addr_func": "5242936", "addr": 4209870, "ret": 0}]}, "4": {"status": "deadendend", "trace": [{"name": "main", "args": ["a0057baaaec1a9b89e4db819dcac9aec"], "addr": 4249708, "ret": "symbolic", "addr_func": 4249708}, {"name": "GetModuleHandleA", "args": [0], "addr_func": "5243032", "addr": 4212820, "ret": 4194304}, {"name": "GetKeyboardType", "args": [0], "addr_func": "5242996", "addr": 4207289, "ret": 4}, {"name": "GetCommandLineA", "args": [], "addr_func": "5242928", "addr": 4212580, "ret": 0}, {"name": "GetStartupInfoA", "args": [2147417628], "addr_func": "5242916", "addr": 4198722, "ret": "None"}, {"name": "GetCurrentThreadId", "args": [], "addr_func": "5242912", "addr": 4212600, "ret": 0}, {"name": "GetSystemDirectoryA", "args": ["C:\\Windows\\System32", 256], "addr_func": "5243052", "addr": 4216002, "ret": 162}, {"name": "InitializeCriticalSection", "args": [4257200], "addr_func": "5242892", "addr": 4200510, "ret": "None"}, {"name": "LocalAlloc", "args": [0, 4088], "addr_func": "5242908", "addr": 4200571, "ret": 3221258256}, {"name": "VirtualAlloc", "args": [0, 1048576, 8192, 1], "addr_func": "5242900", "addr": 4199279, "ret": 3222798336}, {"name": "LocalAlloc", "args": [0, 1604], "addr_func": "5242908", "addr": 4198831, "ret": 3221262352}, {"name": "VirtualAlloc", "args": [3222798336, 16384, 4096, 4], "addr_func": "5242900", "addr": 4199745, "ret": 3222798336}, {"name": "GetModuleFileNameA", "args": [0, "a0057baaaec1a9b89e4db819dcac9aec", 261], "addr_func": "5242920", "addr": 4204380, "ret": 32}, {"name": "CopyFileA", "args": ["a0057baaaec1a9b89e4db819dcac9aec", "C:\\Windows\\System32\\sIRC4.exe", 0], "addr_func": "5243096", "addr": 4214387, "ret": "<BV32 retval_CopyFileA_32767_32>"}, {"name": "WritePrivateProfileStringA", "args": ["boot", "shell", "Explorer.exe sIRC4.exe", "system.ini"], "addr_func": "5243036", "addr": 4214436, "ret": "<BV32 retval_WritePrivateProfileStringA_32768_32>"}, {"name": "CreateMutexA", "args": [0, 0, "sIRC4"], "addr_func": "5243088", "addr": 4213082, "ret": 1}, {"name": "VirtualFree", "args": [3222798336, 16384, 16384], "addr_func": "5242896", "addr": 4199874, "ret": "<BV32 retval_VirtualFree_32775_32>"}, {"name": "VirtualFree", "args": [3222798336, 0, 32768], "addr_func": "5242896", "addr": 4199552, "ret": "<BV32 retval_VirtualFree_32776_32>"}, {"name": "MessageBoxA", "args": [0, "Runtime error 204 at 00402514", "Error", 0], "addr_func": "5243000", "addr": 4209664, "ret": 1}, {"name": "LocalFree", "args": [3221258256], "addr_func": "5242904", "addr": 4200747, "ret": "<BV32 retval_LocalFree_32794_32>"}, {"name": "LocalFree", "args": [3221262352], "addr_func": "5242904", "addr": 4200841, "ret": "<BV32 retval_LocalFree_32797_32>"}, {"name": "DeleteCriticalSection", "args": [4257200], "addr_func": "5242880", "addr": 4200892, "ret": "None"}, {"name": "ExitProcess", "args": [], "addr_func": "5242936", "addr": 4209870, "ret": 0}]}, "5": {"status": "deadendend", "trace": [{"name": "main", "args": ["a0057baaaec1a9b89e4db819dcac9aec"], "addr": 4249708, "ret": "symbolic", "addr_func": 4249708}, {"name": "GetModuleHandleA", "args": [0], "addr_func": "5243032", "addr": 4212820, "ret": 4194304}, {"name": "GetKeyboardType", "args": [0], "addr_func": "5242996", "addr": 4207289, "ret": 4}, {"name": "GetCommandLineA", "args": [], "addr_func": "5242928", "addr": 4212580, "ret": 0}, {"name": "GetStartupInfoA", "args": [2147417628], "addr_func": "5242916", "addr": 4198722, "ret": "None"}, {"name": "GetCurrentThreadId", "args": [], "addr_func": "5242912", "addr": 4212600, "ret": 0}, {"name": "GetSystemDirectoryA", "args": ["C:\\Windows\\System32", 256], "addr_func": "5243052", "addr": 4216002, "ret": 162}, {"name": "InitializeCriticalSection", "args": [4257200], "addr_func": "5242892", "addr": 4200510, "ret": "None"}, {"name": "LocalAlloc", "args": [0, 4088], "addr_func": "5242908", "addr": 4200571, "ret": 3221258256}, {"name": "VirtualAlloc", "args": [0, 1048576, 8192, 1], "addr_func": "5242900", "addr": 4199279, "ret": 3222798336}, {"name": "LocalAlloc", "args": [0, 1604], "addr_func": "5242908", "addr": 4198831, "ret": 3221262352}, {"name": "VirtualAlloc", "args": [3222798336, 16384, 4096, 4], "addr_func": "5242900", "addr": 4199745, "ret": 3222798336}, {"name": "GetModuleFileNameA", "args": [0, "a0057baaaec1a9b89e4db819dcac9aec", 261], "addr_func": "5242920", "addr": 4204380, "ret": 32}, {"name": "CopyFileA", "args": ["a0057baaaec1a9b89e4db819dcac9aec", "C:\\Windows\\System32\\sIRC4.exe", 0], "addr_func": "5243096", "addr": 4214387, "ret": "<BV32 retval_CopyFileA_32767_32>"}, {"name": "WritePrivateProfileStringA", "args": ["boot", "shell", "Explorer.exe sIRC4.exe", "system.ini"], "addr_func": "5243036", "addr": 4214436, "ret": "<BV32 retval_WritePrivateProfileStringA_32768_32>"}, {"name": "CreateMutexA", "args": [0, 0, "sIRC4"], "addr_func": "5243088", "addr": 4213082, "ret": 1}, {"name": "VirtualFree", "args": [3222798336, 16384, 16384], "addr_func": "5242896", "addr": 4199874, "ret": "<BV32 retval_VirtualFree_32775_32>"}, {"name": "VirtualFree", "args": [3222798336, 0, 32768], "addr_func": "5242896", "addr": 4199552, "ret": "<BV32 retval_VirtualFree_32777_32>"}, {"name": "MessageBoxA", "args": [0, "Runtime error 204 at 00402514", "Error", 0], "addr_func": "5243000", "addr": 4209664, "ret": 1}, {"name": "LocalFree", "args": [3221258256], "addr_func": "5242904", "addr": 4200747, "ret": "<BV32 retval_LocalFree_32795_32>"}, {"name": "LocalFree", "args": [3221262352], "addr_func": "5242904", "addr": 4200841, "ret": "<BV32 retval_LocalFree_32798_32>"}, {"name": "DeleteCriticalSection", "args": [4257200], "addr_func": "5242880", "addr": 4200892, "ret": "None"}, {"name": "ExitProcess", "args": [], "addr_func": "5242936", "addr": 4209870, "ret": 0}]}, "6": {"status": "deadendend", "trace": [{"name": "main", "args": ["a0057baaaec1a9b89e4db819dcac9aec"], "addr": 4249708, "ret": "symbolic", "addr_func": 4249708}, {"name": "GetModuleHandleA", "args": [0], "addr_func": "5243032", "addr": 4212820, "ret": 4194304}, {"name": "GetKeyboardType", "args": [0], "addr_func": "5242996", "addr": 4207289, "ret": 4}, {"name": "GetCommandLineA", "args": [], "addr_func": "5242928", "addr": 4212580, "ret": 0}, {"name": "GetStartupInfoA", "args": [2147417628], "addr_func": "5242916", "addr": 4198722, "ret": "None"}, {"name": "GetCurrentThreadId", "args": [], "addr_func": "5242912", "addr": 4212600, "ret": 0}, {"name": "GetSystemDirectoryA", "args": ["C:\\Windows\\System32", 256], "addr_func": "5243052", "addr": 4216002, "ret": 162}, {"name": "InitializeCriticalSection", "args": [4257200], "addr_func": "5242892", "addr": 4200510, "ret": "None"}, {"name": "LocalAlloc", "args": [0, 4088], "addr_func": "5242908", "addr": 4200571, "ret": 3221258256}, {"name": "VirtualAlloc", "args": [0, 1048576, 8192, 1], "addr_func": "5242900", "addr": 4199279, "ret": 3222798336}, {"name": "LocalAlloc", "args": [0, 1604], "addr_func": "5242908", "addr": 4198831, "ret": 3221262352}, {"name": "VirtualAlloc", "args": [3222798336, 16384, 4096, 4], "addr_func": "5242900", "addr": 4199745, "ret": 3222798336}, {"name": "GetModuleFileNameA", "args": [0, "a0057baaaec1a9b89e4db819dcac9aec", 261], "addr_func": "5242920", "addr": 4204380, "ret": 32}, {"name": "CopyFileA", "args": ["a0057baaaec1a9b89e4db819dcac9aec", "C:\\Windows\\System32\\sIRC4.exe", 0], "addr_func": "5243096", "addr": 4214387, "ret": "<BV32 retval_CopyFileA_32767_32>"}, {"name": "CreateMutexA", "args": [0, 0, "sIRC4"], "addr_func": "5243088", "addr": 4213082, "ret": 1}, {"name": "VirtualFree", "args": [3222798336, 16384, 16384], "addr_func": "5242896", "addr": 4199874, "ret": "<BV32 retval_VirtualFree_32769_32>"}, {"name": "VirtualFree", "args": [3222798336, 0, 32768], "addr_func": "5242896", "addr": 4199552, "ret": "<BV32 retval_VirtualFree_32770_32>"}, {"name": "CreateFileA", "args": ["C:\\marijuana.txt", 1073741824, 1, 0, 2, 128, 0], "addr_func": "5242988", "addr": 4204932, "ret": 3}, {"name": "GetFileType", "args": [3], "addr_func": "5242984", "addr": 4205165, "ret": "<BV32 retval_GetFileType_32778_32>"}, {"name": "CloseHandle", "args": [3], "addr_func": "5242992", "addr": 4205192, "ret": "<BV32 retval_CloseHandle_32779_32>"}, {"name": "MessageBoxA", "args": [0, "Runtime error 105 at 0040D8A4", "Error", 0], "addr_func": "5243000", "addr": 4209664, "ret": 1}, {"name": "LocalFree", "args": [3221258256], "addr_func": "5242904", "addr": 4200747, "ret": "<BV32 retval_LocalFree_32799_32>"}, {"name": "LocalFree", "args": [3221262352], "addr_func": "5242904", "addr": 4200841, "ret": "<BV32 retval_LocalFree_32800_32>"}, {"name": "DeleteCriticalSection", "args": [4257200], "addr_func": "5242880", "addr": 4200892, "ret": "None"}, {"name": "ExitProcess", "args": [], "addr_func": "5242936", "addr": 4209870, "ret": 0}]}, "7": {"status": "deadendend", "trace": [{"name": "main", "args": ["a0057baaaec1a9b89e4db819dcac9aec"], "addr": 4249708, "ret": "symbolic", "addr_func": 4249708}, {"name": "GetModuleHandleA", "args": [0], "addr_func": "5243032", "addr": 4212820, "ret": 4194304}, {"name": "GetKeyboardType", "args": [0], "addr_func": "5242996", "addr": 4207289, "ret": 4}, {"name": "GetCommandLineA", "args": [], "addr_func": "5242928", "addr": 4212580, "ret": 0}, {"name": "GetStartupInfoA", "args": [2147417628], "addr_func": "5242916", "addr": 4198722, "ret": "None"}, {"name": "GetCurrentThreadId", "args": [], "addr_func": "5242912", "addr": 4212600, "ret": 0}, {"name": "GetSystemDirectoryA", "args": ["C:\\Windows\\System32", 256], "addr_func": "5243052", "addr": 4216002, "ret": 162}, {"name": "InitializeCriticalSection", "args": [4257200], "addr_func": "5242892", "addr": 4200510, "ret": "None"}, {"name": "LocalAlloc", "args": [0, 4088], "addr_func": "5242908", "addr": 4200571, "ret": 3221258256}, {"name": "VirtualAlloc", "args": [0, 1048576, 8192, 1], "addr_func": "5242900", "addr": 4199279, "ret": 3222798336}, {"name": "LocalAlloc", "args": [0, 1604], "addr_func": "5242908", "addr": 4198831, "ret": 3221262352}, {"name": "VirtualAlloc", "args": [3222798336, 16384, 4096, 4], "addr_func": "5242900", "addr": 4199745, "ret": 3222798336}, {"name": "GetModuleFileNameA", "args": [0, "a0057baaaec1a9b89e4db819dcac9aec", 261], "addr_func": "5242920", "addr": 4204380, "ret": 32}, {"name": "CopyFileA", "args": ["a0057baaaec1a9b89e4db819dcac9aec", "C:\\Windows\\System32\\sIRC4.exe", 0], "addr_func": "5243096", "addr": 4214387, "ret": "<BV32 retval_CopyFileA_32767_32>"}, {"name": "WritePrivateProfileStringA", "args": ["boot", "shell", "Explorer.exe sIRC4.exe", "system.ini"], "addr_func": "5243036", "addr": 4214436, "ret": "<BV32 retval_WritePrivateProfileStringA_32768_32>"}, {"name": "CreateMutexA", "args": [0, 0, "sIRC4"], "addr_func": "5243088", "addr": 4213082, "ret": 1}, {"name": "VirtualFree", "args": [3222798336, 16384, 16384], "addr_func": "5242896", "addr": 4199874, "ret": "<BV32 retval_VirtualFree_32775_32>"}, {"name": "VirtualFree", "args": [3222798336, 0, 32768], "addr_func": "5242896", "addr": 4199552, "ret": "<BV32 retval_VirtualFree_32777_32>"}, {"name": "CreateFileA", "args": ["C:\\marijuana.txt", 1073741824, 1, 0, 2, 128, 0], "addr_func": "5242988", "addr": 4204932, "ret": 3}, {"name": "GetFileType", "args": [3], "addr_func": "5242984", "addr": 4205165, "ret": "<BV32 retval_GetFileType_32784_32>"}, {"name": "CloseHandle", "args": [3], "addr_func": "5242992", "addr": 4205192, "ret": "<BV32 retval_CloseHandle_32785_32>"}, {"name": "MessageBoxA", "args": [0, "Runtime error 105 at 0040D8A4", "Error", 0], "addr_func": "5243000", "addr": 4209664, "ret": 1}, {"name": "LocalFree", "args": [3221258256], "addr_func": "5242904", "addr": 4200747, "ret": "<BV32 retval_LocalFree_32801_32>"}, {"name": "LocalFree", "args": [3221262352], "addr_func": "5242904", "addr": 4200841, "ret": "<BV32 retval_LocalFree_32802_32>"}, {"name": "DeleteCriticalSection", "args": [4257200], "addr_func": "5242880", "addr": 4200892, "ret": "None"}, {"name": "ExitProcess", "args": [], "addr_func": "5242936", "addr": 4209870, "ret": 0}]}, "8": {"status": "active", "trace": [{"name": "main", "args": ["a0057baaaec1a9b89e4db819dcac9aec"], "addr": 4249708, "ret": "symbolic", "addr_func": 4249708}, {"name": "GetModuleHandleA", "args": [0], "addr_func": "5243032", "addr": 4212820, "ret": 4194304}, {"name": "GetKeyboardType", "args": [0], "addr_func": "5242996", "addr": 4207289, "ret": 4}, {"name": "GetCommandLineA", "args": [], "addr_func": "5242928", "addr": 4212580, "ret": 0}, {"name": "GetStartupInfoA", "args": [2147417628], "addr_func": "5242916", "addr": 4198722, "ret": "None"}, {"name": "GetCurrentThreadId", "args": [], "addr_func": "5242912", "addr": 4212600, "ret": 0}, {"name": "GetSystemDirectoryA", "args": ["C:\\Windows\\System32", 256], "addr_func": "5243052", "addr": 4216002, "ret": 162}, {"name": "InitializeCriticalSection", "args": [4257200], "addr_func": "5242892", "addr": 4200510, "ret": "None"}, {"name": "LocalAlloc", "args": [0, 4088], "addr_func": "5242908", "addr": 4200571, "ret": 3221258256}, {"name": "VirtualAlloc", "args": [0, 1048576, 8192, 1], "addr_func": "5242900", "addr": 4199279, "ret": 3222798336}, {"name": "LocalAlloc", "args": [0, 1604], "addr_func": "5242908", "addr": 4198831, "ret": 3221262352}, {"name": "VirtualAlloc", "args": [3222798336, 16384, 4096, 4], "addr_func": "5242900", "addr": 4199745, "ret": 3222798336}, {"name": "GetModuleFileNameA", "args": [0, "a0057baaaec1a9b89e4db819dcac9aec", 261], "addr_func": "5242920", "addr": 4204380, "ret": 32}, {"name": "CopyFileA", "args": ["a0057baaaec1a9b89e4db819dcac9aec", "C:\\Windows\\System32\\sIRC4.exe", 0], "addr_func": "5243096", "addr": 4214387, "ret": "<BV32 retval_CopyFileA_32767_32>"}, {"name": "CreateMutexA", "args": [0, 0, "sIRC4"], "addr_func": "5243088", "addr": 4213082, "ret": 1}, {"name": "VirtualFree", "args": [3222798336, 16384, 16384], "addr_func": "5242896", "addr": 4199874, "ret": "<BV32 retval_VirtualFree_32769_32>"}, {"name": "VirtualFree", "args": [3222798336, 0, 32768], "addr_func": "5242896", "addr": 4199552, "ret": "<BV32 retval_VirtualFree_32770_32>"}, {"name": "CreateFileA", "args": ["C:\\marijuana.txt", 1073741824, 1, 0, 2, 128, 0], "addr_func": "5242988", "addr": 4204932, "ret": 3}, {"name": "GetFileType", "args": [3], "addr_func": "5242984", "addr": 4205165, "ret": "<BV32 retval_GetFileType_32778_32>"}, {"name": "WriteFile", "args": [3, "31ff%3vcc%%112c23J33c22322332crc3cr233J2fJffJv%1[J33JccJccfcc2fc2JfJ223rrcrrJ2cc3f2r3r233Jcf2rf3ffJfrJrr3f2]fr[2rvJ23%1JJJc1fc22", 128, 2147417712, 0], "addr_func": "5242944", "addr": 4204719, "ret": 1}, {"name": "WriteFile", "args": [3, "%J[rr]ff2rr2%ff32f2J23r323223J2rc333cc2fJJ3JJ2ccrfrJr2r3JJrcfc322f3cr3rcJ33f33rcrrrcf3cfrffJ2cff2r22fJJf3rr33rJ2f3cJJc33r3crrcf3", 128, 2147417712, 0], "addr_func": "5242944", "addr": 4204719, "ret": 1}, {"name": "WriteFile", "args": [3, "3cJJrffr2fJ2f22fc3ffrrJ32cJf\r\n]2]3r]31111rfr2crcJ3[%%]]vJf3233Jr22fJrvvv[v[Jc3Jc3rcccrfJ3ccfffJ3c32Jfrc2ffr3cJ222JcfrJrJ322r2ff3", 128, 2147417712, 0], "addr_func": "5242944", "addr": 4204719, "ret": 1}, {"name": "WriteFile", "args": [3, "Jr2JJcffcc3vJ]c2[2%Jv%2]rf2J213]3[v2]33[2[J32c2r33rrf2c2cff23rJJf22cf3crJc2fJJrcc33c2fccJ332rJJcrrffJr2ffrcJ3frJc23frcr22c2rcJc2", 128, 2147417712, 0], "addr_func": "5242944", "addr": 4204719, "ret": 1}, {"name": "WriteFile", "args": [3, "cJcff2c3cfrJrf2rfr2c232cff3332fJ2r2c2cfJ23f3J3f333J22r2f33\r\nJ]\"^^\"^^^^^\"\"\"\"\"\"\"\"\"\"\"\"\"\"\"\"\"\"\"\"\"\"\"\"\"\"\"\"\"\"\"\"\"\"\"\"\"\"\"\"^^^^^^^^^^^^^^^^^", 128, 2147417712, 0], "addr_func": "5242944", "addr": 4204719, "ret": 1}, {"name": "WriteFile", "args": [3, 4259984, 128, 2147417712, 0], "addr_func": "5242944", "addr": 4204719, "ret": 1}, {"name": "WriteFile", "args": [3, "^^^^^^^^^^^^^^^^^^^^^^^^^^^^^^^^^^^^^^^^^^^^^^^^^^^^^^^^^^^^^^^^^^^^^^^^^^^^^^^^^^^^^^^=\r\nff^                                   ", 128, 2147417712, 0], "addr_func": "5242944", "addr": 4204719, "ret": 1}, {"name": "WriteFile", "args": [3, 4259984, 128, 2147417712, 0], "addr_func": "5242944", "addr": 4204719, "ret": 1}, {"name": "WriteFile", "args": [3, "                                                                                                                    .=\r\n]J^     ", 128, 2147417712, 0], "addr_func": "5242944", "addr": 4204719, "ret": 1}, {"name": "WriteFile", "args": [3, "                                                                                                  . .!sG!7{^!s8G=..  .^68Vs2!;.;", 128, 2147417712, 0], "addr_func": "5242944", "addr": 4204719, "ret": 1}, {"name": "WriteFile", "args": [3, "*}..                                                                                                                            ", 128, 2147417712, 0], "addr_func": "5242944", "addr": 4204719, "ret": 1}, {"name": "WriteFile", "args": [3, "                   =\r\nf1\"                       .............                                                                   ", 128, 2147417712, 0], "addr_func": "5242944", "addr": 4204719, "ret": 1}, {"name": "WriteFile", "args": [3, 4259984, 128, 2147417712, 0], "addr_func": "5242944", "addr": 4204719, "ret": 1}, {"name": "WriteFile", "args": [3, "                                                .=\r\n1c^                                          .                              ", 128, 2147417712, 0], "addr_func": "5242944", "addr": 4204719, "ret": 1}, {"name": "WriteFile", "args": [3, 4259984, 128, 2147417712, 0], "addr_func": "5242944", "addr": 4204719, "ret": 1}, {"name": "WriteFile", "args": [3, "                                                                               =\r\nff^           .            . .  .   .     .   ", 128, 2147417712, 0], "addr_func": "5242944", "addr": 4204719, "ret": 1}, {"name": "WriteFile", "args": [3, 4259984, 128, 2147417712, 0], "addr_func": "5242944", "addr": 4204719, "ret": 1}, {"name": "WriteFile", "args": [3, "      .     .      . . .         ...  .       . .      .         .    . .          .  .                      =\r\nJf^          .. ", 128, 2147417712, 0], "addr_func": "5242944", "addr": 4204719, "ret": 1}, {"name": "WriteFile", "args": [3, "        .        . .  .  . .   .   .  . . .   .  .  .      . . ..  ..           .  ..    .. . .}6T6$i!+~,..    ~O4u{!!je^. .  . ", 128, 2147417712, 0], "addr_func": "5242944", "addr": 4204719, "ret": 1}, {"name": "WriteFile", "args": [3, " . .  .. . .   .      .       .    .    .  . .    .   . .   . .       . . . .    ...  .              . . ...  .    .            ", 128, 2147417712, 0], "addr_func": "5242944", "addr": 4204719, "ret": 1}, {"name": "WriteFile", "args": [3, "           =\r\n22^             ... .  .   .  . .   .    .      . .   .  .  .     .......... .  .      ..    ... ...  ...... . .6I", 128, 2147417712, 0], "addr_func": "5242944", "addr": 4204719, "ret": 1}, {"name": "WriteFile", "args": [3, "c35I=. . . ...^v}ca$l^. . .  .    . .       .  ..  . .        ..    ... ...... .  ..      ..  .. ... . . . ....:...          .  ", 128, 2147417712, 0], "addr_func": "5242944", "addr": 4204719, "ret": 1}, {"name": "WriteFile", "args": [3, "......,....     .. .                     =\r\nfJ^             . ....:.....   ......     ...........  .   . . .:,!!<-!==!\"... . .  ", 128, 2147417712, 0], "addr_func": "5242944", "addr": 4204719, "ret": 1}, {"name": "WriteFile", "args": [3, " ...:...:..:..,. . .^!\\, ..,,..:.,..  . .  ..:,^^.... .. . .....:....  ... ....,:..,.,           ..\\((?>(==^:. .  .   . ......,,", 128, 2147417712, 0], "addr_func": "5242944", "addr": 4204719, "ret": 1}, {"name": "WriteFile", "args": [3, ".:..     ,.\"!!..  .       . . ...^\"~?(|^ .... .  ..                    =\r\ncJ^            ..\"J4nTn5TaL<.;\"clJws2:. ...\"=i?2ai<,..", 128, 2147417712, 0], "addr_func": "5242944", "addr": 4204719, "ret": 1}, {"name": "WriteFile", "args": [3, 4259984, 128, 2147417712, 0], "addr_func": "5242944", "addr": 4204719, "ret": 1}, {"name": "WriteFile", "args": [3, 4259984, 128, 2147417712, 0], "addr_func": "5242944", "addr": 4204719, "ret": 1}, {"name": "WriteFile", "args": [3, 4259984, 128, 2147417712, 0], "addr_func": "5242944", "addr": 4204719, "ret": 1}, {"name": "WriteFile", "args": [3, 4259984, 128, 2147417712, 0], "addr_func": "5242944", "addr": 4204719, "ret": 1}, {"name": "WriteFile", "args": [3, 4259984, 128, 2147417712, 0], "addr_func": "5242944", "addr": 4204719, "ret": 1}, {"name": "WriteFile", "args": [3, 4259984, 128, 2147417712, 0], "addr_func": "5242944", "addr": 4204719, "ret": 1}, {"name": "WriteFile", "args": [3, 4259984, 128, 2147417712, 0], "addr_func": "5242944", "addr": 4204719, "ret": 1}, {"name": "WriteFile", "args": [3, 4259984, 128, 2147417712, 0], "addr_func": "5242944", "addr": 4204719, "ret": 1}, {"name": "WriteFile", "args": [3, 4259984, 128, 2147417712, 0], "addr_func": "5242944", "addr": 4204719, "ret": 1}, {"name": "WriteFile", "args": [3, 4259984, 128, 2147417712, 0], "addr_func": "5242944", "addr": 4204719, "ret": 1}, {"name": "WriteFile", "args": [3, 4259984, 128, 2147417712, 0], "addr_func": "5242944", "addr": 4204719, "ret": 1}, {"name": "WriteFile", "args": [3, 4259984, 128, 2147417712, 0], "addr_func": "5242944", "addr": 4204719, "ret": 1}, {"name": "WriteFile", "args": [3, 4259984, 128, 2147417712, 0], "addr_func": "5242944", "addr": 4204719, "ret": 1}, {"name": "WriteFile", "args": [3, 4259984, 128, 2147417712, 0], "addr_func": "5242944", "addr": 4204719, "ret": 1}, {"name": "WriteFile", "args": [3, 4259984, 128, 2147417712, 0], "addr_func": "5242944", "addr": 4204719, "ret": 1}, {"name": "WriteFile", "args": [3, 4259984, 128, 2147417712, 0], "addr_func": "5242944", "addr": 4204719, "ret": 1}, {"name": "WriteFile", "args": [3, 4259984, 128, 2147417712, 0], "addr_func": "5242944", "addr": 4204719, "ret": 1}, {"name": "WriteFile", "args": [3, "*8oT=. .  ..  .       .|o]IyZFA[Ve\"                    =\r\nJr^             .iDSFgpqZxh= .!QdQSTXk$&T  \"e%veDFPzz1    ..  .... .. ", 128, 2147417712, 0], "addr_func": "5242944", "addr": 4204719, "ret": 1}, {"name": "WriteFile", "args": [3, 4259984, 128, 2147417712, 0], "addr_func": "5242944", "addr": 4204719, "ret": 1}, {"name": "WriteFile", "args": [3, 4259984, 128, 2147417712, 0], "addr_func": "5242944", "addr": 4204719, "ret": 1}, {"name": "WriteFile", "args": [3, 4259984, 128, 2147417712, 0], "addr_func": "5242944", "addr": 4204719, "ret": 1}, {"name": "WriteFile", "args": [3, 4259984, 128, 2147417712, 0], "addr_func": "5242944", "addr": 4204719, "ret": 1}, {"name": "WriteFile", "args": [3, 4259984, 128, 2147417712, 0], "addr_func": "5242944", "addr": 4204719, "ret": 1}, {"name": "WriteFile", "args": [3, 4259984, 128, 2147417712, 0], "addr_func": "5242944", "addr": 4204719, "ret": 1}, {"name": "WriteFile", "args": [3, "                 =\r\nc%^            ..=OLCa&YIn8= .\"J4L86yG4k+  \"DWQxDQSsIs .  ..!}=oZicz{3{\"rOdbA*DnyCC~   ?8kL8Oonzc2t.        ", 128, 2147417712, 0], "addr_func": "5242944", "addr": 4204719, "ret": 1}, {"name": "WriteFile", "args": [3, ".=*o|\"^~lZPgK .  .!qDQarvuCJ2L . .ITPW#uooont...  .%qPbLJSpmUPh.  ...!YZYG&aDOsg2swY9ZTrD5Lu.  .iDx&bFdDPPz~  . .!3Cft\"!t$8J!.  ", 128, 2147417712, 0], "addr_func": "5242944", "addr": 4204719, "ret": 1}, {"name": "WriteFile", "args": [3, ".. \"sT*GFDXKWWS]QqQxq0hPXq^.                   =\r\n3[^            ..?PFamG&LpF( .!Gxh*nyr3&J. \"KFDUUFFonV. . ;|3o3o8c+~\"\\~~7Cnbgx", 128, 2147417712, 0], "addr_func": "5242944", "addr": 4204719, "ret": 1}, {"name": "WriteFile", "args": [3, 4259984, 128, 2147417712, 0], "addr_func": "5242944", "addr": 4204719, "ret": 1}, {"name": "WriteFile", "args": [3, 4259984, 128, 2147417712, 0], "addr_func": "5242944", "addr": 4204719, "ret": 1}, {"name": "WriteFile", "args": [3, 4259984, 128, 2147417712, 0], "addr_func": "5242944", "addr": 4204719, "ret": 1}, {"name": "WriteFile", "args": [3, "p*0Tm*qg.. \"pSaey/^_r0Uw. ..+UQh7)[y&dZ{ .  .?na*kG{Cz%C!..  ;o9v%jJur=,.^)ObOuY*aOSFU^                    =\r\nf]^            ..=", 128, 2147417712, 0], "addr_func": "5242944", "addr": 4204719, "ret": 1}, {"name": "WriteFile", "args": [3, 4259984, 128, 2147417712, 0], "addr_func": "5242944", "addr": 4204719, "ret": 1}, {"name": "WriteFile", "args": [3, 4259984, 128, 2147417712, 0], "addr_func": "5242944", "addr": 4204719, "ret": 1}, {"name": "WriteFile", "args": [3, 4259984, 128, 2147417712, 0], "addr_func": "5242944", "addr": 4204719, "ret": 1}, {"name": "WriteFile", "args": [3, 4259984, 128, 2147417712, 0], "addr_func": "5242944", "addr": 4204719, "ret": 1}, {"name": "WriteFile", "args": [3, 4259984, 128, 2147417712, 0], "addr_func": "5242944", "addr": 4204719, "ret": 1}, {"name": "WriteFile", "args": [3, 4259984, 128, 2147417712, 0], "addr_func": "5242944", "addr": 4204719, "ret": 1}, {"name": "WriteFile", "args": [3, 4259984, 128, 2147417712, 0], "addr_func": "5242944", "addr": 4204719, "ret": 1}, {"name": "WriteFile", "args": [3, 4259984, 128, 2147417712, 0], "addr_func": "5242944", "addr": 4204719, "ret": 1}, {"name": "WriteFile", "args": [3, ".  .7Z&9|w?iPbg$ .  >+5hSg6urIZv     ;c8mw2[2JV[/..\"&Z*zfwma9a= .  ,iUdPFdDs(o\"                    =\r\nJf^        ;^:,..|ZFiJ1Lar", 128, 2147417712, 0], "addr_func": "5242944", "addr": 4204719, "ret": 1}, {"name": "WriteFile", "args": [3, 4259984, 128, 2147417712, 0], "addr_func": "5242944", "addr": 4204719, "ret": 1}, {"name": "WriteFile", "args": [3, 4259984, 128, 2147417712, 0], "addr_func": "5242944", "addr": 4204719, "ret": 1}, {"name": "WriteFile", "args": [3, " =\r\nf2^        .=!/;:|SD{w$L*fI-..!ezLJ!nY49=.;\"FFSO4mbdY0..XXUTT4O0PPn,   \"bctx*m*Ta48t.  =O84$oosoG4+.  . .   .!}~;^!hPbaqD . ", 128, 2147417712, 0], "addr_func": "5242944", "addr": 4204719, "ret": 1}, {"name": "WriteFile", "args": [3, 4259984, 128, 2147417712, 0], "addr_func": "5242944", "addr": 4204719, "ret": 1}, {"name": "WriteFile", "args": [3, "PQF4DQUP^:.                    =\r\nfJ^         ^tTnt?2mOszzqSc:^^!hmk6]i99Oo.;_Xb*50Lxd01;\"TebbeV0smD]:...^u(rU0O9GLYm)...)8kV*z$", 128, 2147417712, 0], "addr_func": "5242944", "addr": 4204719, "ret": 1}, {"name": "WriteFile", "args": [3, "cwG*%.,,.:.,:,.jKZJ~\")gQFFa...,.(SQPDhV6rJ$Y....cICY&TC6C9j;,,,.^(3rzm]2Ircx8:~0Yq08m8G4hL:.:.tCCw6r(t4eZ+....[AQ&7inmwcU}.... ~", 128, 2147417712, 0], "addr_func": "5242944", "addr": 4204719, "ret": 1}, {"name": "WriteFile", "args": [3, "m2fc9VUdg3~. =OYme8L9Tnf\". ..(&0kT*Qbg),  .......            =\r\nfr\"           v5Zm9r*a5IqZ&^C\"<eV0+CkZaTl.;<Lry04as9t13?wQDDSFor", 128, 2147417712, 0], "addr_func": "5242944", "addr": 4204719, "ret": 1}, {"name": "WriteFile", "args": [3, "n0n:^.^^uI8e0JtxGLm)...)L0Lk*T[f**],;^;^;;^^.7XDAholoDPK5..^^:>0PQPQWqrfcY:,^.rw$50O4O5n+^^^^^;t6u3sIo91c89;!zSe48*8GGAn^;^^!=$T", 128, 2147417712, 0], "addr_func": "5242944", "addr": 4204719, "ret": 1}, {"name": "WriteFile", "args": [3, "VOTt7sa! ^^^vFq2=!sh0+01..:. ^^!12cY&40f!..=qqAew949&o!....{pV84TQDZn!...,..^^^..  .       =\r\n2r\"           >58qpLnIaJegh!s^!6u+", 128, 2147417712, 0], "addr_func": "5242944", "addr": 4204719, "ret": 1}, {"name": "WriteFile", "args": [3, 4259984, 128, 2147417712, 0], "addr_func": "5242944", "addr": 4204719, "ret": 1}, {"name": "WriteFile", "args": [3, 4259984, 128, 2147417712, 0], "addr_func": "5242944", "addr": 4204719, "ret": 1}, {"name": "WriteFile", "args": [3, 4259984, 128, 2147417712, 0], "addr_func": "5242944", "addr": 4204719, "ret": 1}, {"name": "WriteFile", "args": [3, 4259984, 128, 2147417712, 0], "addr_func": "5242944", "addr": 4204719, "ret": 1}, {"name": "WriteFile", "args": [3, 4259984, 128, 2147417712, 0], "addr_func": "5242944", "addr": 4204719, "ret": 1}, {"name": "WriteFile", "args": [3, ";^Ii^\"^jg*~?+{%zmxg^\"\"\"^(rtjrwzo0*&^^^;^vzaLsmG*&sj\"^^\"~Js[C*J*a6CL&5/^==3uJv~OmxT\"\"\"^fxO8e6+ze+(3^^\"^]e0naYeqT=T];^;;:?U84a$AFL", 128, 2147417712, 0], "addr_func": "5242944", "addr": 4204719, "ret": 1}, {"name": "WriteFile", "args": [3, 4259984, 128, 2147417712, 0], "addr_func": "5242944", "addr": 4204719, "ret": 1}, {"name": "WriteFile", "args": [3, 4259984, 128, 2147417712, 0], "addr_func": "5242944", "addr": 4204719, "ret": 1}, {"name": "WriteFile", "args": [3, 4259984, 128, 2147417712, 0], "addr_func": "5242944", "addr": 4204719, "ret": 1}, {"name": "WriteFile", "args": [3, 4259984, 128, 2147417712, 0], "addr_func": "5242944", "addr": 4204719, "ret": 1}, {"name": "WriteFile", "args": [3, "](!!+$11[&kG8f!!\"!5*8*m&u\"=1|%!\";.=$0h8U&hG&ni;\"\"\"^tT2+aqF0}$q1^\"^>i]fVZOn4U7\"\"\"^9&&fwaJ[CLO!^\"^.....^^\";.       =\r\nJr\"         ", 128, 2147417712, 0], "addr_func": "5242944", "addr": 4204719, "ret": 1}, {"name": "WriteFile", "args": [3, 4259984, 128, 2147417712, 0], "addr_func": "5242944", "addr": 4204719, "ret": 1}, {"name": "WriteFile", "args": [3, "--|mY4YyC$163]+1Oat}JIwC$C8s52tv!!(%]uT8mGm2!_<+*8I5gky\"=i=i!\":.-!}y0wuoswk7\"\"\"\";)fuJ0PDTcLD];\"^\"vS$0ATaZPl!\">+mTC]zT5$Tkai_\";,.", 128, 2147417712, 0], "addr_func": "5242944", "addr": 4204719, "ret": 1}, {"name": "WriteFile", "args": [3, "^^!\\.^\".       =\r\n2f\"       .^\"\"\"!!7ffji~ti1rannxs1lcaaVnau=t]uC$n9oT5wwzI}8?$aw{nwY0s3DGtPboI&*eDhs5}!!-]0rr1]Csh4zO3_[g8(~|(=c", 128, 2147417712, 0], "addr_func": "5242944", "addr": 4204719, "ret": 1}, {"name": "WriteFile", "args": [3, 4259984, 128, 2147417712, 0], "addr_func": "5242944", "addr": 4204719, "ret": 1}, {"name": "WriteFile", "args": [3, 4259984, 128, 2147417712, 0], "addr_func": "5242944", "addr": 4204719, "ret": 1}, {"name": "WriteFile", "args": [3, 4259984, 128, 2147417712, 0], "addr_func": "5242944", "addr": 4204719, "ret": 1}, {"name": "WriteFile", "args": [3, 4259984, 128, 2147417712, 0], "addr_func": "5242944", "addr": 4204719, "ret": 1}, {"name": "WriteFile", "args": [3, 4259984, 128, 2147417712, 0], "addr_func": "5242944", "addr": 4204719, "ret": 1}, {"name": "WriteFile", "args": [3, 4259984, 128, 2147417712, 0], "addr_func": "5242944", "addr": 4204719, "ret": 1}, {"name": "WriteFile", "args": [3, "GG6stCCC*u%]8yGs$!)=i86c2]t1Oz*v!!\"!yFClil8AgU05a!)~9KD$==))kX&~!<!=|=t~~)=~=TS%8gL]{IsV84V*kkf{=\"?tt?+hCi1w0m4eLY?!!=/~i?===|+5", 128, 2147417712, 0], "addr_func": "5242944", "addr": 4204719, "ret": 1}, {"name": "WriteFile", "args": [3, 4259984, 128, 2147417712, 0], "addr_func": "5242944", "addr": 4204719, "ret": 1}, {"name": "WriteFile", "args": [3, 4259984, 128, 2147417712, 0], "addr_func": "5242944", "addr": 4204719, "ret": 1}, {"name": "WriteFile", "args": [3, 4259984, 128, 2147417712, 0], "addr_func": "5242944", "addr": 4204719, "ret": 1}, {"name": "WriteFile", "args": [3, 4259984, 128, 2147417712, 0], "addr_func": "5242944", "addr": 4204719, "ret": 1}, {"name": "WriteFile", "args": [3, 4259984, 128, 2147417712, 0], "addr_func": "5242944", "addr": 4204719, "ret": 1}, {"name": "WriteFile", "args": [3, 4259984, 128, 2147417712, 0], "addr_func": "5242944", "addr": 4204719, "ret": 1}, {"name": "WriteFile", "args": [3, 4259984, 128, 2147417712, 0], "addr_func": "5242944", "addr": 4204719, "ret": 1}, {"name": "WriteFile", "args": [3, 4259984, 128, 2147417712, 0], "addr_func": "5242944", "addr": 4204719, "ret": 1}, {"name": "WriteFile", "args": [3, 4259984, 128, 2147417712, 0], "addr_func": "5242944", "addr": 4204719, "ret": 1}, {"name": "WriteFile", "args": [3, 4259984, 128, 2147417712, 0], "addr_func": "5242944", "addr": 4204719, "ret": 1}, {"name": "WriteFile", "args": [3, 4259984, 128, 2147417712, 0], "addr_func": "5242944", "addr": 4204719, "ret": 1}, {"name": "WriteFile", "args": [3, 4259984, 128, 2147417712, 0], "addr_func": "5242944", "addr": 4204719, "ret": 1}, {"name": "WriteFile", "args": [3, 4259984, 128, 2147417712, 0], "addr_func": "5242944", "addr": 4204719, "ret": 1}, {"name": "WriteFile", "args": [3, 4259984, 128, 2147417712, 0], "addr_func": "5242944", "addr": 4204719, "ret": 1}, {"name": "WriteFile", "args": [3, 4259984, 128, 2147417712, 0], "addr_func": "5242944", "addr": 4204719, "ret": 1}, {"name": "WriteFile", "args": [3, 4259984, 128, 2147417712, 0], "addr_func": "5242944", "addr": 4204719, "ret": 1}, {"name": "WriteFile", "args": [3, 4259984, 128, 2147417712, 0], "addr_func": "5242944", "addr": 4204719, "ret": 1}, {"name": "WriteFile", "args": [3, 4259984, 128, 2147417712, 0], "addr_func": "5242944", "addr": 4204719, "ret": 1}, {"name": "WriteFile", "args": [3, 4259984, 128, 2147417712, 0], "addr_func": "5242944", "addr": 4204719, "ret": 1}, {"name": "WriteFile", "args": [3, 4259984, 128, 2147417712, 0], "addr_func": "5242944", "addr": 4204719, "ret": 1}, {"name": "WriteFile", "args": [3, 4259984, 128, 2147417712, 0], "addr_func": "5242944", "addr": 4204719, "ret": 1}, {"name": "WriteFile", "args": [3, 4259984, 128, 2147417712, 0], "addr_func": "5242944", "addr": 4204719, "ret": 1}, {"name": "WriteFile", "args": [3, 4259984, 128, 2147417712, 0], "addr_func": "5242944", "addr": 4204719, "ret": 1}, {"name": "WriteFile", "args": [3, 4259984, 128, 2147417712, 0], "addr_func": "5242944", "addr": 4204719, "ret": 1}, {"name": "WriteFile", "args": [3, 4259984, 128, 2147417712, 0], "addr_func": "5242944", "addr": 4204719, "ret": 1}, {"name": "WriteFile", "args": [3, 4259984, 128, 2147417712, 0], "addr_func": "5242944", "addr": 4204719, "ret": 1}, {"name": "WriteFile", "args": [3, "DQPQAAZQFFUY5IYqWWDpApFbbbUUPPFI+v&O0DF3.. .\"sD1+*kk!!u&Z8$zm4oI+Jys$uzaoCIv!(=tba4bZdApqpqbUDSQDPwpUD0k*DUDPDDhFFADdPFqpn6*U8cV", 128, 2147417712, 0], "addr_func": "5242944", "addr": 4204719, "ret": 1}, {"name": "WriteFile", "args": [3, 4259984, 128, 2147417712, 0], "addr_func": "5242944", "addr": 4204719, "ret": 1}, {"name": "WriteFile", "args": [3, "     .)0m4YT~.>$&G),;\"...;<1$G*dQQQpgASGYVeeAbKFgpFPqgeSx4T3tVTYheTkx3....temi*hef;^7kmhn)Y8Gaf3Iww$JJ6uc$CfcCe*xZd*eUDDPDdPx8z+", 128, 2147417712, 0], "addr_func": "5242944", "addr": 4204719, "ret": 1}, {"name": "WriteFile", "args": [3, 4259984, 128, 2147417712, 0], "addr_func": "5242944", "addr": 4204719, "ret": 1}, {"name": "WriteFile", "args": [3, 4259984, 128, 2147417712, 0], "addr_func": "5242944", "addr": 4204719, "ret": 1}, {"name": "WriteFile", "args": [3, 4259984, 128, 2147417712, 0], "addr_func": "5242944", "addr": 4204719, "ret": 1}, {"name": "WriteFile", "args": [3, "DPZi;.,^ion5pFpJ5DA%sUFb3/;\"9SSDUdZWK+>. . =\r\nJ3-      .      .  .VVom]^. .^7a<:   .  .    <[3^ .;^-ir80&Vk5T!..\"\";,.sDSDpUFPhQb", 128, 2147417712, 0], "addr_func": "5242944", "addr": 4204719, "ret": 1}, {"name": "WriteFile", "args": [3, 4259984, 128, 2147417712, 0], "addr_func": "5242944", "addr": 4204719, "ret": 1}, {"name": "WriteFile", "args": [3, "pbF4yqPbDs/!pDXFg=2xQbVUQLkYahdgd)=?tlv3ossan!OQPu|pDDD{^.^!iaZPeXgxy/ . =\r\n2v!                :0kw8!.   .!s\".   .   ..  ,tJ:..^", 128, 2147417712, 0], "addr_func": "5242944", "addr": 4204719, "ret": 1}, {"name": "WriteFile", "args": [3, 4259984, 128, 2147417712, 0], "addr_func": "5242944", "addr": 4204719, "ret": 1}, {"name": "WriteFile", "args": [3, 4259984, 128, 2147417712, 0], "addr_func": "5242944", "addr": 4204719, "ret": 1}, {"name": "WriteFile", "args": [3, 4259984, 128, 2147417712, 0], "addr_func": "5242944", "addr": 4204719, "ret": 1}, {"name": "WriteFile", "args": [3, 4259984, 128, 2147417712, 0], "addr_func": "5242944", "addr": 4204719, "ret": 1}, {"name": "WriteFile", "args": [3, 4259984, 128, 2147417712, 0], "addr_func": "5242944", "addr": 4204719, "ret": 1}, {"name": "WriteFile", "args": [3, "2zUQFFQ1tqQ8qUFDZPShpptcFQq$PPA:,.^eDQKPpJ\"\\|IqGDFPFAPh|.. ;nkO4L3{aI$r[c$G*8mm[=LeUDSqZADSpPbYa9Y$VQFJ+!^;^+VqhVV*0OsyGFUUb&5ks", 128, 2147417712, 0], "addr_func": "5242944", "addr": 4204719, "ret": 1}, {"name": "WriteFile", "args": [3, 4259984, 128, 2147417712, 0], "addr_func": "5242944", "addr": 4204719, "ret": 1}, {"name": "WriteFile", "args": [3, 4259984, 128, 2147417712, 0], "addr_func": "5242944", "addr": 4204719, "ret": 1}, {"name": "WriteFile", "args": [3, 4259984, 128, 2147417712, 0], "addr_func": "5242944", "addr": 4204719, "ret": 1}, {"name": "WriteFile", "args": [3, 4259984, 128, 2147417712, 0], "addr_func": "5242944", "addr": 4204719, "ret": 1}, {"name": "WriteFile", "args": [3, 4259984, 128, 2147417712, 0], "addr_func": "5242944", "addr": 4204719, "ret": 1}, {"name": "WriteFile", "args": [3, 4259984, 128, 2147417712, 0], "addr_func": "5242944", "addr": 4204719, "ret": 1}, {"name": "WriteFile", "args": [3, 4259984, 128, 2147417712, 0], "addr_func": "5242944", "addr": 4204719, "ret": 1}, {"name": "WriteFile", "args": [3, 4259984, 128, 2147417712, 0], "addr_func": "5242944", "addr": 4204719, "ret": 1}, {"name": "WriteFile", "args": [3, "^.\"LFQK+.  ;:^_gKC7&taFF=.       ..^!\",?S9qb(..\"C&PPA6\\.:..:i;!x8=... .  \"$C;    .vOZDxzPP1=4Qx~:... . ^;:(FDAL5UQdk?;.. .     .", 128, 2147417712, 0], "addr_func": "5242944", "addr": 4204719, "ret": 1}, {"name": "WriteFile", "args": [3, "nXP\"  .   ;wh7^. . .       =\r\nfJ!               ^=.               ...^jqx&a(!;.  .vgFSi^.^wd!kdgw\\..  .thg!. . ..:;.  ..        ", 128, 2147417712, 0], "addr_func": "5242944", "addr": 4204719, "ret": 1}, {"name": "WriteFile", "args": [3, "  )08z   ^&*T^ .!T6o!5h!!23FPU!..+QdX9;. :..;e&!_~=+hX+.      ...;,^^~u?2Xy;..^!tyDxI; . .!.^3dI\". .  .:=2:.  .\"qU#pi3QAC^^=mz^ ", 128, 2147417712, 0], "addr_func": "5242944", "addr": 4204719, "ret": 1}, {"name": "WriteFile", "args": [3, 4259984, 128, 2147417712, 0], "addr_func": "5242944", "addr": 4204719, "ret": 1}, {"name": "WriteFile", "args": [3, " .. ,tQ&^...    ..   .       . .\"n*{ ..^G9J; :;wyuc6+,.!lDUAt^.!eFK8>. ...;h|...:\"yX]^.       .^ ..~+;?gQ=.. ..\"J*q=. ..\"..<JOt.", 128, 2147417712, 0], "addr_func": "5242944", "addr": 4204719, "ret": 1}, {"name": "WriteFile", "args": [3, " .   .\"+.  .;6dQUt!4p)t\"...)!.  ..;, .>gp#Z=t*DQFh1; .   . .re%,       ;0L!.  .        =\r\nf2!              .,:             . ..,", 128, 2147417712, 0], "addr_func": "5242944", "addr": 4204719, "ret": 1}, {"name": "WriteFile", "args": [3, 4259984, 128, 2147417712, 0], "addr_func": "5242944", "addr": 4204719, "ret": 1}, {"name": "WriteFile", "args": [3, 4259984, 128, 2147417712, 0], "addr_func": "5242944", "addr": 4204719, "ret": 1}, {"name": "WriteFile", "args": [3, "            ..           .   . .      .. ..IZP|.. .:\"!\".   .   .^9e;  ..    ..            . .^{~  .=Ti^.   ~a2z^ . .\"SPh+%\".^iXA", 128, 2147417712, 0], "addr_func": "5242944", "addr": 4204719, "ret": 1}, {"name": "WriteFile", "args": [3, "g{.   ^;.     ,nx<.       . . ... .=#Z!.  .    ..  .  .  ^!^ .  .  .  .=F8=: .8t:. ;^..    .;^:.  \"^igDl  .!nDAI^.. .   =_.  .  ", 128, 2147417712, 0], "addr_func": "5242944", "addr": 4204719, "ret": 1}, {"name": "WriteFile", "args": [3, " . . ;!;  ..       =\r\ncc!              .                   .. ..       .^kI-...  ...\".   .  ..\"+^.. .   .   . .       .   . ^^ .", 128, 2147417712, 0], "addr_func": "5242944", "addr": 4204719, "ret": 1}, {"name": "WriteFile", "args": [3, ".(!:.   .,{aw!  . ^SKI,:\"; .uPPG^.  .  . .. .!G>. .    .  ..  .  :$x)..   .    ..   . .. :. . . . ..!~^.   .\".   .\"\".    ...  . ", 128, 2147417712, 0], "addr_func": "5242944", "addr": 4204719, "ret": 1}, {"name": "WriteFile", "args": [3, 4259984, 128, 2147417712, 0], "addr_func": "5242944", "addr": 4204719, "ret": 1}, {"name": "WriteFile", "args": [3, "      . .   ..       .   .;;. .(^..    .!y6~.  .;pK%...^../0qq^ .  .  .  . ^7!. .    .         .\"o(.   .  . .  .  .. ..  .   .  ", 128, 2147417712, 0], "addr_func": "5242944", "addr": 4204719, "ret": 1}, {"name": "WriteFile", "args": [3, " ^\",.     .  ...^!.. . .     . ..!oo.  .. .\"+(;.    ;.  .    . .      .        =\r\nc[!                                           ", 128, 2147417712, 0], "addr_func": "5242944", "addr": 4204719, "ret": 1}, {"name": "WriteFile", "args": [3, ". .^>\"... .              .^.                           ..:  :!..     .:ow~    :hF=.  .  .~8p~.         . .<>.                  ^", 128, 2147417712, 0], "addr_func": "5242944", "addr": 4204719, "ret": 1}, {"name": "WriteFile", "args": [3, "!.  .                          ...            .^.              ,!r,      .:^^,  ..                           =\r\nr3! .           ", 128, 2147417712, 0], "addr_func": "5242944", "addr": 4204719, "ret": 1}, {"name": "WriteFile", "args": [3, "                                 ^^...                  . ..                       .  . . ,;     ....{9~.  ..&V^       :|$7,.   ", 128, 2147417712, 0], "addr_func": "5242944", "addr": 4204719, "ret": 1}, {"name": "WriteFile", "args": [3, "    .   ,;...  .             .;...                                           .                .). .      ...  .                 ", 128, 2147417712, 0], "addr_func": "5242944", "addr": 4204719, "ret": 1}, {"name": "WriteFile", "args": [3, "           =\r\n13!                                                                       .                        .  .  ...      ", 128, 2147417712, 0], "addr_func": "5242944", "addr": 4204719, "ret": 1}]}, "9": {"status": "active", "trace": [{"name": "main", "args": ["a0057baaaec1a9b89e4db819dcac9aec"], "addr": 4249708, "ret": "symbolic", "addr_func": 4249708}, {"name": "GetModuleHandleA", "args": [0], "addr_func": "5243032", "addr": 4212820, "ret": 4194304}, {"name": "GetKeyboardType", "args": [0], "addr_func": "5242996", "addr": 4207289, "ret": 4}, {"name": "GetCommandLineA", "args": [], "addr_func": "5242928", "addr": 4212580, "ret": 0}, {"name": "GetStartupInfoA", "args": [2147417628], "addr_func": "5242916", "addr": 4198722, "ret": "None"}, {"name": "GetCurrentThreadId", "args": [], "addr_func": "5242912", "addr": 4212600, "ret": 0}, {"name": "GetSystemDirectoryA", "args": ["C:\\Windows\\System32", 256], "addr_func": "5243052", "addr": 4216002, "ret": 162}, {"name": "InitializeCriticalSection", "args": [4257200], "addr_func": "5242892", "addr": 4200510, "ret": "None"}, {"name": "LocalAlloc", "args": [0, 4088], "addr_func": "5242908", "addr": 4200571, "ret": 3221258256}, {"name": "VirtualAlloc", "args": [0, 1048576, 8192, 1], "addr_func": "5242900", "addr": 4199279, "ret": 3222798336}, {"name": "LocalAlloc", "args": [0, 1604], "addr_func": "5242908", "addr": 4198831, "ret": 3221262352}, {"name": "VirtualAlloc", "args": [3222798336, 16384, 4096, 4], "addr_func": "5242900", "addr": 4199745, "ret": 3222798336}, {"name": "GetModuleFileNameA", "args": [0, "a0057baaaec1a9b89e4db819dcac9aec", 261], "addr_func": "5242920", "addr": 4204380, "ret": 32}, {"name": "CopyFileA", "args": ["a0057baaaec1a9b89e4db819dcac9aec", "C:\\Windows\\System32\\sIRC4.exe", 0], "addr_func": "5243096", "addr": 4214387, "ret": "<BV32 retval_CopyFileA_32767_32>"}, {"name": "WritePrivateProfileStringA", "args": ["boot", "shell", "Explorer.exe sIRC4.exe", "system.ini"], "addr_func": "5243036", "addr": 4214436, "ret": "<BV32 retval_WritePrivateProfileStringA_32768_32>"}, {"name": "CreateMutexA", "args": [0, 0, "sIRC4"], "addr_func": "5243088", "addr": 4213082, "ret": 1}, {"name": "VirtualFree", "args": [3222798336, 16384, 16384], "addr_func": "5242896", "addr": 4199874, "ret": "<BV32 retval_VirtualFree_32775_32>"}, {"name": "VirtualFree", "args": [3222798336, 0, 32768], "addr_func": "5242896", "addr": 4199552, "ret": "<BV32 retval_VirtualFree_32777_32>"}, {"name": "CreateFileA", "args": ["C:\\marijuana.txt", 1073741824, 1, 0, 2, 128, 0], "addr_func": "5242988", "addr": 4204932, "ret": 3}, {"name": "GetFileType", "args": [3], "addr_func": "5242984", "addr": 4205165, "ret": "<BV32 retval_GetFileType_32784_32>"}, {"name": "WriteFile", "args": [3, "31ff%3vcc%%112c23J33c22322332crc3cr233J2fJffJv%1[J33JccJccfcc2fc2JfJ223rrcrrJ2cc3f2r3r233Jcf2rf3ffJfrJrr3f2]fr[2rvJ23%1JJJc1fc22", 128, 2147417712, 0], "addr_func": "5242944", "addr": 4204719, "ret": 1}, {"name": "WriteFile", "args": [3, "%J[rr]ff2rr2%ff32f2J23r323223J2rc333cc2fJJ3JJ2ccrfrJr2r3JJrcfc322f3cr3rcJ33f33rcrrrcf3cfrffJ2cff2r22fJJf3rr33rJ2f3cJJc33r3crrcf3", 128, 2147417712, 0], "addr_func": "5242944", "addr": 4204719, "ret": 1}, {"name": "WriteFile", "args": [3, "3cJJrffr2fJ2f22fc3ffrrJ32cJf\r\n]2]3r]31111rfr2crcJ3[%%]]vJf3233Jr22fJrvvv[v[Jc3Jc3rcccrfJ3ccfffJ3c32Jfrc2ffr3cJ222JcfrJrJ322r2ff3", 128, 2147417712, 0], "addr_func": "5242944", "addr": 4204719, "ret": 1}, {"name": "WriteFile", "args": [3, "Jr2JJcffcc3vJ]c2[2%Jv%2]rf2J213]3[v2]33[2[J32c2r33rrf2c2cff23rJJf22cf3crJc2fJJrcc33c2fccJ332rJJcrrffJr2ffrcJ3frJc23frcr22c2rcJc2", 128, 2147417712, 0], "addr_func": "5242944", "addr": 4204719, "ret": 1}, {"name": "WriteFile", "args": [3, "cJcff2c3cfrJrf2rfr2c232cff3332fJ2r2c2cfJ23f3J3f333J22r2f33\r\nJ]\"^^\"^^^^^\"\"\"\"\"\"\"\"\"\"\"\"\"\"\"\"\"\"\"\"\"\"\"\"\"\"\"\"\"\"\"\"\"\"\"\"\"\"\"\"^^^^^^^^^^^^^^^^^", 128, 2147417712, 0], "addr_func": "5242944", "addr": 4204719, "ret": 1}, {"name": "WriteFile", "args": [3, 4259984, 128, 2147417712, 0], "addr_func": "5242944", "addr": 4204719, "ret": 1}, {"name": "WriteFile", "args": [3, "^^^^^^^^^^^^^^^^^^^^^^^^^^^^^^^^^^^^^^^^^^^^^^^^^^^^^^^^^^^^^^^^^^^^^^^^^^^^^^^^^^^^^^^=\r\nff^                                   ", 128, 2147417712, 0], "addr_func": "5242944", "addr": 4204719, "ret": 1}, {"name": "WriteFile", "args": [3, 4259984, 128, 2147417712, 0], "addr_func": "5242944", "addr": 4204719, "ret": 1}, {"name": "WriteFile", "args": [3, "                                                                                                                    .=\r\n]J^     ", 128, 2147417712, 0], "addr_func": "5242944", "addr": 4204719, "ret": 1}, {"name": "WriteFile", "args": [3, "                                                                                                  . .!sG!7{^!s8G=..  .^68Vs2!;.;", 128, 2147417712, 0], "addr_func": "5242944", "addr": 4204719, "ret": 1}, {"name": "WriteFile", "args": [3, "*}..                                                                                                                            ", 128, 2147417712, 0], "addr_func": "5242944", "addr": 4204719, "ret": 1}, {"name": "WriteFile", "args": [3, "                   =\r\nf1\"                       .............                                                                   ", 128, 2147417712, 0], "addr_func": "5242944", "addr": 4204719, "ret": 1}, {"name": "WriteFile", "args": [3, 4259984, 128, 2147417712, 0], "addr_func": "5242944", "addr": 4204719, "ret": 1}, {"name": "WriteFile", "args": [3, "                                                .=\r\n1c^                                          .                              ", 128, 2147417712, 0], "addr_func": "5242944", "addr": 4204719, "ret": 1}, {"name": "WriteFile", "args": [3, 4259984, 128, 2147417712, 0], "addr_func": "5242944", "addr": 4204719, "ret": 1}, {"name": "WriteFile", "args": [3, "                                                                               =\r\nff^           .            . .  .   .     .   ", 128, 2147417712, 0], "addr_func": "5242944", "addr": 4204719, "ret": 1}, {"name": "WriteFile", "args": [3, 4259984, 128, 2147417712, 0], "addr_func": "5242944", "addr": 4204719, "ret": 1}, {"name": "WriteFile", "args": [3, "      .     .      . . .         ...  .       . .      .         .    . .          .  .                      =\r\nJf^          .. ", 128, 2147417712, 0], "addr_func": "5242944", "addr": 4204719, "ret": 1}, {"name": "WriteFile", "args": [3, "        .        . .  .  . .   .   .  . . .   .  .  .      . . ..  ..           .  ..    .. . .}6T6$i!+~,..    ~O4u{!!je^. .  . ", 128, 2147417712, 0], "addr_func": "5242944", "addr": 4204719, "ret": 1}, {"name": "WriteFile", "args": [3, " . .  .. . .   .      .       .    .    .  . .    .   . .   . .       . . . .    ...  .              . . ...  .    .            ", 128, 2147417712, 0], "addr_func": "5242944", "addr": 4204719, "ret": 1}, {"name": "WriteFile", "args": [3, "           =\r\n22^             ... .  .   .  . .   .    .      . .   .  .  .     .......... .  .      ..    ... ...  ...... . .6I", 128, 2147417712, 0], "addr_func": "5242944", "addr": 4204719, "ret": 1}, {"name": "WriteFile", "args": [3, "c35I=. . . ...^v}ca$l^. . .  .    . .       .  ..  . .        ..    ... ...... .  ..      ..  .. ... . . . ....:...          .  ", 128, 2147417712, 0], "addr_func": "5242944", "addr": 4204719, "ret": 1}, {"name": "WriteFile", "args": [3, "......,....     .. .                     =\r\nfJ^             . ....:.....   ......     ...........  .   . . .:,!!<-!==!\"... . .  ", 128, 2147417712, 0], "addr_func": "5242944", "addr": 4204719, "ret": 1}, {"name": "WriteFile", "args": [3, " ...:...:..:..,. . .^!\\, ..,,..:.,..  . .  ..:,^^.... .. . .....:....  ... ....,:..,.,           ..\\((?>(==^:. .  .   . ......,,", 128, 2147417712, 0], "addr_func": "5242944", "addr": 4204719, "ret": 1}, {"name": "WriteFile", "args": [3, ".:..     ,.\"!!..  .       . . ...^\"~?(|^ .... .  ..                    =\r\ncJ^            ..\"J4nTn5TaL<.;\"clJws2:. ...\"=i?2ai<,..", 128, 2147417712, 0], "addr_func": "5242944", "addr": 4204719, "ret": 1}, {"name": "WriteFile", "args": [3, 4259984, 128, 2147417712, 0], "addr_func": "5242944", "addr": 4204719, "ret": 1}, {"name": "WriteFile", "args": [3, 4259984, 128, 2147417712, 0], "addr_func": "5242944", "addr": 4204719, "ret": 1}, {"name": "WriteFile", "args": [3, 4259984, 128, 2147417712, 0], "addr_func": "5242944", "addr": 4204719, "ret": 1}, {"name": "WriteFile", "args": [3, 4259984, 128, 2147417712, 0], "addr_func": "5242944", "addr": 4204719, "ret": 1}, {"name": "WriteFile", "args": [3, 4259984, 128, 2147417712, 0], "addr_func": "5242944", "addr": 4204719, "ret": 1}, {"name": "WriteFile", "args": [3, 4259984, 128, 2147417712, 0], "addr_func": "5242944", "addr": 4204719, "ret": 1}, {"name": "WriteFile", "args": [3, 4259984, 128, 2147417712, 0], "addr_func": "5242944", "addr": 4204719, "ret": 1}, {"name": "WriteFile", "args": [3, 4259984, 128, 2147417712, 0], "addr_func": "5242944", "addr": 4204719, "ret": 1}, {"name": "WriteFile", "args": [3, 4259984, 128, 2147417712, 0], "addr_func": "5242944", "addr": 4204719, "ret": 1}, {"name": "WriteFile", "args": [3, 4259984, 128, 2147417712, 0], "addr_func": "5242944", "addr": 4204719, "ret": 1}, {"name": "WriteFile", "args": [3, 4259984, 128, 2147417712, 0], "addr_func": "5242944", "addr": 4204719, "ret": 1}, {"name": "WriteFile", "args": [3, 4259984, 128, 2147417712, 0], "addr_func": "5242944", "addr": 4204719, "ret": 1}, {"name": "WriteFile", "args": [3, 4259984, 128, 2147417712, 0], "addr_func": "5242944", "addr": 4204719, "ret": 1}, {"name": "WriteFile", "args": [3, 4259984, 128, 2147417712, 0], "addr_func": "5242944", "addr": 4204719, "ret": 1}, {"name": "WriteFile", "args": [3, 4259984, 128, 2147417712, 0], "addr_func": "5242944", "addr": 4204719, "ret": 1}, {"name": "WriteFile", "args": [3, 4259984, 128, 2147417712, 0], "addr_func": "5242944", "addr": 4204719, "ret": 1}, {"name": "WriteFile", "args": [3, 4259984, 128, 2147417712, 0], "addr_func": "5242944", "addr": 4204719, "ret": 1}, {"name": "WriteFile", "args": [3, "*8oT=. .  ..  .       .|o]IyZFA[Ve\"                    =\r\nJr^             .iDSFgpqZxh= .!QdQSTXk$&T  \"e%veDFPzz1    ..  .... .. ", 128, 2147417712, 0], "addr_func": "5242944", "addr": 4204719, "ret": 1}, {"name": "WriteFile", "args": [3, 4259984, 128, 2147417712, 0], "addr_func": "5242944", "addr": 4204719, "ret": 1}, {"name": "WriteFile", "args": [3, 4259984, 128, 2147417712, 0], "addr_func": "5242944", "addr": 4204719, "ret": 1}, {"name": "WriteFile", "args": [3, 4259984, 128, 2147417712, 0], "addr_func": "5242944", "addr": 4204719, "ret": 1}, {"name": "WriteFile", "args": [3, 4259984, 128, 2147417712, 0], "addr_func": "5242944", "addr": 4204719, "ret": 1}, {"name": "WriteFile", "args": [3, 4259984, 128, 2147417712, 0], "addr_func": "5242944", "addr": 4204719, "ret": 1}, {"name": "WriteFile", "args": [3, 4259984, 128, 2147417712, 0], "addr_func": "5242944", "addr": 4204719, "ret": 1}, {"name": "WriteFile", "args": [3, "                 =\r\nc%^            ..=OLCa&YIn8= .\"J4L86yG4k+  \"DWQxDQSsIs .  ..!}=oZicz{3{\"rOdbA*DnyCC~   ?8kL8Oonzc2t.        ", 128, 2147417712, 0], "addr_func": "5242944", "addr": 4204719, "ret": 1}, {"name": "WriteFile", "args": [3, ".=*o|\"^~lZPgK .  .!qDQarvuCJ2L . .ITPW#uooont...  .%qPbLJSpmUPh.  ...!YZYG&aDOsg2swY9ZTrD5Lu.  .iDx&bFdDPPz~  . .!3Cft\"!t$8J!.  ", 128, 2147417712, 0], "addr_func": "5242944", "addr": 4204719, "ret": 1}, {"name": "WriteFile", "args": [3, ".. \"sT*GFDXKWWS]QqQxq0hPXq^.                   =\r\n3[^            ..?PFamG&LpF( .!Gxh*nyr3&J. \"KFDUUFFonV. . ;|3o3o8c+~\"\\~~7Cnbgx", 128, 2147417712, 0], "addr_func": "5242944", "addr": 4204719, "ret": 1}, {"name": "WriteFile", "args": [3, 4259984, 128, 2147417712, 0], "addr_func": "5242944", "addr": 4204719, "ret": 1}, {"name": "WriteFile", "args": [3, 4259984, 128, 2147417712, 0], "addr_func": "5242944", "addr": 4204719, "ret": 1}, {"name": "WriteFile", "args": [3, 4259984, 128, 2147417712, 0], "addr_func": "5242944", "addr": 4204719, "ret": 1}, {"name": "WriteFile", "args": [3, "p*0Tm*qg.. \"pSaey/^_r0Uw. ..+UQh7)[y&dZ{ .  .?na*kG{Cz%C!..  ;o9v%jJur=,.^)ObOuY*aOSFU^                    =\r\nf]^            ..=", 128, 2147417712, 0], "addr_func": "5242944", "addr": 4204719, "ret": 1}, {"name": "WriteFile", "args": [3, 4259984, 128, 2147417712, 0], "addr_func": "5242944", "addr": 4204719, "ret": 1}, {"name": "WriteFile", "args": [3, 4259984, 128, 2147417712, 0], "addr_func": "5242944", "addr": 4204719, "ret": 1}, {"name": "WriteFile", "args": [3, 4259984, 128, 2147417712, 0], "addr_func": "5242944", "addr": 4204719, "ret": 1}, {"name": "WriteFile", "args": [3, 4259984, 128, 2147417712, 0], "addr_func": "5242944", "addr": 4204719, "ret": 1}, {"name": "WriteFile", "args": [3, 4259984, 128, 2147417712, 0], "addr_func": "5242944", "addr": 4204719, "ret": 1}, {"name": "WriteFile", "args": [3, 4259984, 128, 2147417712, 0], "addr_func": "5242944", "addr": 4204719, "ret": 1}, {"name": "WriteFile", "args": [3, 4259984, 128, 2147417712, 0], "addr_func": "5242944", "addr": 4204719, "ret": 1}, {"name": "WriteFile", "args": [3, 4259984, 128, 2147417712, 0], "addr_func": "5242944", "addr": 4204719, "ret": 1}, {"name": "WriteFile", "args": [3, ".  .7Z&9|w?iPbg$ .  >+5hSg6urIZv     ;c8mw2[2JV[/..\"&Z*zfwma9a= .  ,iUdPFdDs(o\"                    =\r\nJf^        ;^:,..|ZFiJ1Lar", 128, 2147417712, 0], "addr_func": "5242944", "addr": 4204719, "ret": 1}, {"name": "WriteFile", "args": [3, 4259984, 128, 2147417712, 0], "addr_func": "5242944", "addr": 4204719, "ret": 1}, {"name": "WriteFile", "args": [3, 4259984, 128, 2147417712, 0], "addr_func": "5242944", "addr": 4204719, "ret": 1}, {"name": "WriteFile", "args": [3, " =\r\nf2^        .=!/;:|SD{w$L*fI-..!ezLJ!nY49=.;\"FFSO4mbdY0..XXUTT4O0PPn,   \"bctx*m*Ta48t.  =O84$oosoG4+.  . .   .!}~;^!hPbaqD . ", 128, 2147417712, 0], "addr_func": "5242944", "addr": 4204719, "ret": 1}, {"name": "WriteFile", "args": [3, 4259984, 128, 2147417712, 0], "addr_func": "5242944", "addr": 4204719, "ret": 1}, {"name": "WriteFile", "args": [3, "PQF4DQUP^:.                    =\r\nfJ^         ^tTnt?2mOszzqSc:^^!hmk6]i99Oo.;_Xb*50Lxd01;\"TebbeV0smD]:...^u(rU0O9GLYm)...)8kV*z$", 128, 2147417712, 0], "addr_func": "5242944", "addr": 4204719, "ret": 1}, {"name": "WriteFile", "args": [3, "cwG*%.,,.:.,:,.jKZJ~\")gQFFa...,.(SQPDhV6rJ$Y....cICY&TC6C9j;,,,.^(3rzm]2Ircx8:~0Yq08m8G4hL:.:.tCCw6r(t4eZ+....[AQ&7inmwcU}.... ~", 128, 2147417712, 0], "addr_func": "5242944", "addr": 4204719, "ret": 1}, {"name": "WriteFile", "args": [3, "m2fc9VUdg3~. =OYme8L9Tnf\". ..(&0kT*Qbg),  .......            =\r\nfr\"           v5Zm9r*a5IqZ&^C\"<eV0+CkZaTl.;<Lry04as9t13?wQDDSFor", 128, 2147417712, 0], "addr_func": "5242944", "addr": 4204719, "ret": 1}, {"name": "WriteFile", "args": [3, "n0n:^.^^uI8e0JtxGLm)...)L0Lk*T[f**],;^;^;;^^.7XDAholoDPK5..^^:>0PQPQWqrfcY:,^.rw$50O4O5n+^^^^^;t6u3sIo91c89;!zSe48*8GGAn^;^^!=$T", 128, 2147417712, 0], "addr_func": "5242944", "addr": 4204719, "ret": 1}, {"name": "WriteFile", "args": [3, "VOTt7sa! ^^^vFq2=!sh0+01..:. ^^!12cY&40f!..=qqAew949&o!....{pV84TQDZn!...,..^^^..  .       =\r\n2r\"           >58qpLnIaJegh!s^!6u+", 128, 2147417712, 0], "addr_func": "5242944", "addr": 4204719, "ret": 1}, {"name": "WriteFile", "args": [3, 4259984, 128, 2147417712, 0], "addr_func": "5242944", "addr": 4204719, "ret": 1}, {"name": "WriteFile", "args": [3, 4259984, 128, 2147417712, 0], "addr_func": "5242944", "addr": 4204719, "ret": 1}, {"name": "WriteFile", "args": [3, 4259984, 128, 2147417712, 0], "addr_func": "5242944", "addr": 4204719, "ret": 1}, {"name": "WriteFile", "args": [3, 4259984, 128, 2147417712, 0], "addr_func": "5242944", "addr": 4204719, "ret": 1}, {"name": "WriteFile", "args": [3, 4259984, 128, 2147417712, 0], "addr_func": "5242944", "addr": 4204719, "ret": 1}, {"name": "WriteFile", "args": [3, ";^Ii^\"^jg*~?+{%zmxg^\"\"\"^(rtjrwzo0*&^^^;^vzaLsmG*&sj\"^^\"~Js[C*J*a6CL&5/^==3uJv~OmxT\"\"\"^fxO8e6+ze+(3^^\"^]e0naYeqT=T];^;;:?U84a$AFL", 128, 2147417712, 0], "addr_func": "5242944", "addr": 4204719, "ret": 1}, {"name": "WriteFile", "args": [3, 4259984, 128, 2147417712, 0], "addr_func": "5242944", "addr": 4204719, "ret": 1}, {"name": "WriteFile", "args": [3, 4259984, 128, 2147417712, 0], "addr_func": "5242944", "addr": 4204719, "ret": 1}, {"name": "WriteFile", "args": [3, 4259984, 128, 2147417712, 0], "addr_func": "5242944", "addr": 4204719, "ret": 1}, {"name": "WriteFile", "args": [3, 4259984, 128, 2147417712, 0], "addr_func": "5242944", "addr": 4204719, "ret": 1}, {"name": "WriteFile", "args": [3, "](!!+$11[&kG8f!!\"!5*8*m&u\"=1|%!\";.=$0h8U&hG&ni;\"\"\"^tT2+aqF0}$q1^\"^>i]fVZOn4U7\"\"\"^9&&fwaJ[CLO!^\"^.....^^\";.       =\r\nJr\"         ", 128, 2147417712, 0], "addr_func": "5242944", "addr": 4204719, "ret": 1}, {"name": "WriteFile", "args": [3, 4259984, 128, 2147417712, 0], "addr_func": "5242944", "addr": 4204719, "ret": 1}, {"name": "WriteFile", "args": [3, "--|mY4YyC$163]+1Oat}JIwC$C8s52tv!!(%]uT8mGm2!_<+*8I5gky\"=i=i!\":.-!}y0wuoswk7\"\"\"\";)fuJ0PDTcLD];\"^\"vS$0ATaZPl!\">+mTC]zT5$Tkai_\";,.", 128, 2147417712, 0], "addr_func": "5242944", "addr": 4204719, "ret": 1}, {"name": "WriteFile", "args": [3, "^^!\\.^\".       =\r\n2f\"       .^\"\"\"!!7ffji~ti1rannxs1lcaaVnau=t]uC$n9oT5wwzI}8?$aw{nwY0s3DGtPboI&*eDhs5}!!-]0rr1]Csh4zO3_[g8(~|(=c", 128, 2147417712, 0], "addr_func": "5242944", "addr": 4204719, "ret": 1}, {"name": "WriteFile", "args": [3, 4259984, 128, 2147417712, 0], "addr_func": "5242944", "addr": 4204719, "ret": 1}, {"name": "WriteFile", "args": [3, 4259984, 128, 2147417712, 0], "addr_func": "5242944", "addr": 4204719, "ret": 1}, {"name": "WriteFile", "args": [3, 4259984, 128, 2147417712, 0], "addr_func": "5242944", "addr": 4204719, "ret": 1}, {"name": "WriteFile", "args": [3, 4259984, 128, 2147417712, 0], "addr_func": "5242944", "addr": 4204719, "ret": 1}, {"name": "WriteFile", "args": [3, 4259984, 128, 2147417712, 0], "addr_func": "5242944", "addr": 4204719, "ret": 1}, {"name": "WriteFile", "args": [3, 4259984, 128, 2147417712, 0], "addr_func": "5242944", "addr": 4204719, "ret": 1}, {"name": "WriteFile", "args": [3, "GG6stCCC*u%]8yGs$!)=i86c2]t1Oz*v!!\"!yFClil8AgU05a!)~9KD$==))kX&~!<!=|=t~~)=~=TS%8gL]{IsV84V*kkf{=\"?tt?+hCi1w0m4eLY?!!=/~i?===|+5", 128, 2147417712, 0], "addr_func": "5242944", "addr": 4204719, "ret": 1}, {"name": "WriteFile", "args": [3, 4259984, 128, 2147417712, 0], "addr_func": "5242944", "addr": 4204719, "ret": 1}, {"name": "WriteFile", "args": [3, 4259984, 128, 2147417712, 0], "addr_func": "5242944", "addr": 4204719, "ret": 1}, {"name": "WriteFile", "args": [3, 4259984, 128, 2147417712, 0], "addr_func": "5242944", "addr": 4204719, "ret": 1}, {"name": "WriteFile", "args": [3, 4259984, 128, 2147417712, 0], "addr_func": "5242944", "addr": 4204719, "ret": 1}, {"name": "WriteFile", "args": [3, 4259984, 128, 2147417712, 0], "addr_func": "5242944", "addr": 4204719, "ret": 1}, {"name": "WriteFile", "args": [3, 4259984, 128, 2147417712, 0], "addr_func": "5242944", "addr": 4204719, "ret": 1}, {"name": "WriteFile", "args": [3, 4259984, 128, 2147417712, 0], "addr_func": "5242944", "addr": 4204719, "ret": 1}, {"name": "WriteFile", "args": [3, 4259984, 128, 2147417712, 0], "addr_func": "5242944", "addr": 4204719, "ret": 1}, {"name": "WriteFile", "args": [3, 4259984, 128, 2147417712, 0], "addr_func": "5242944", "addr": 4204719, "ret": 1}, {"name": "WriteFile", "args": [3, 4259984, 128, 2147417712, 0], "addr_func": "5242944", "addr": 4204719, "ret": 1}, {"name": "WriteFile", "args": [3, 4259984, 128, 2147417712, 0], "addr_func": "5242944", "addr": 4204719, "ret": 1}, {"name": "WriteFile", "args": [3, 4259984, 128, 2147417712, 0], "addr_func": "5242944", "addr": 4204719, "ret": 1}, {"name": "WriteFile", "args": [3, 4259984, 128, 2147417712, 0], "addr_func": "5242944", "addr": 4204719, "ret": 1}, {"name": "WriteFile", "args": [3, 4259984, 128, 2147417712, 0], "addr_func": "5242944", "addr": 4204719, "ret": 1}, {"name": "WriteFile", "args": [3, 4259984, 128, 2147417712, 0], "addr_func": "5242944", "addr": 4204719, "ret": 1}, {"name": "WriteFile", "args": [3, 4259984, 128, 2147417712, 0], "addr_func": "5242944", "addr": 4204719, "ret": 1}, {"name": "WriteFile", "args": [3, 4259984, 128, 2147417712, 0], "addr_func": "5242944", "addr": 4204719, "ret": 1}, {"name": "WriteFile", "args": [3, 4259984, 128, 2147417712, 0], "addr_func": "5242944", "addr": 4204719, "ret": 1}, {"name": "WriteFile", "args": [3, 4259984, 128, 2147417712, 0], "addr_func": "5242944", "addr": 4204719, "ret": 1}, {"name": "WriteFile", "args": [3, 4259984, 128, 2147417712, 0], "addr_func": "5242944", "addr": 4204719, "ret": 1}, {"name": "WriteFile", "args": [3, 4259984, 128, 2147417712, 0], "addr_func": "5242944", "addr": 4204719, "ret": 1}, {"name": "WriteFile", "args": [3, 4259984, 128, 2147417712, 0], "addr_func": "5242944", "addr": 4204719, "ret": 1}, {"name": "WriteFile", "args": [3, 4259984, 128, 2147417712, 0], "addr_func": "5242944", "addr": 4204719, "ret": 1}, {"name": "WriteFile", "args": [3, 4259984, 128, 2147417712, 0], "addr_func": "5242944", "addr": 4204719, "ret": 1}, {"name": "WriteFile", "args": [3, 4259984, 128, 2147417712, 0], "addr_func": "5242944", "addr": 4204719, "ret": 1}, {"name": "WriteFile", "args": [3, 4259984, 128, 2147417712, 0], "addr_func": "5242944", "addr": 4204719, "ret": 1}, {"name": "WriteFile", "args": [3, "DQPQAAZQFFUY5IYqWWDpApFbbbUUPPFI+v&O0DF3.. .\"sD1+*kk!!u&Z8$zm4oI+Jys$uzaoCIv!(=tba4bZdApqpqbUDSQDPwpUD0k*DUDPDDhFFADdPFqpn6*U8cV", 128, 2147417712, 0], "addr_func": "5242944", "addr": 4204719, "ret": 1}, {"name": "WriteFile", "args": [3, 4259984, 128, 2147417712, 0], "addr_func": "5242944", "addr": 4204719, "ret": 1}, {"name": "WriteFile", "args": [3, "     .)0m4YT~.>$&G),;\"...;<1$G*dQQQpgASGYVeeAbKFgpFPqgeSx4T3tVTYheTkx3....temi*hef;^7kmhn)Y8Gaf3Iww$JJ6uc$CfcCe*xZd*eUDDPDdPx8z+", 128, 2147417712, 0], "addr_func": "5242944", "addr": 4204719, "ret": 1}, {"name": "WriteFile", "args": [3, 4259984, 128, 2147417712, 0], "addr_func": "5242944", "addr": 4204719, "ret": 1}, {"name": "WriteFile", "args": [3, 4259984, 128, 2147417712, 0], "addr_func": "5242944", "addr": 4204719, "ret": 1}, {"name": "WriteFile", "args": [3, 4259984, 128, 2147417712, 0], "addr_func": "5242944", "addr": 4204719, "ret": 1}, {"name": "WriteFile", "args": [3, "DPZi;.,^ion5pFpJ5DA%sUFb3/;\"9SSDUdZWK+>. . =\r\nJ3-      .      .  .VVom]^. .^7a<:   .  .    <[3^ .;^-ir80&Vk5T!..\"\";,.sDSDpUFPhQb", 128, 2147417712, 0], "addr_func": "5242944", "addr": 4204719, "ret": 1}, {"name": "WriteFile", "args": [3, 4259984, 128, 2147417712, 0], "addr_func": "5242944", "addr": 4204719, "ret": 1}, {"name": "WriteFile", "args": [3, "pbF4yqPbDs/!pDXFg=2xQbVUQLkYahdgd)=?tlv3ossan!OQPu|pDDD{^.^!iaZPeXgxy/ . =\r\n2v!                :0kw8!.   .!s\".   .   ..  ,tJ:..^", 128, 2147417712, 0], "addr_func": "5242944", "addr": 4204719, "ret": 1}, {"name": "WriteFile", "args": [3, 4259984, 128, 2147417712, 0], "addr_func": "5242944", "addr": 4204719, "ret": 1}, {"name": "WriteFile", "args": [3, 4259984, 128, 2147417712, 0], "addr_func": "5242944", "addr": 4204719, "ret": 1}, {"name": "WriteFile", "args": [3, 4259984, 128, 2147417712, 0], "addr_func": "5242944", "addr": 4204719, "ret": 1}, {"name": "WriteFile", "args": [3, 4259984, 128, 2147417712, 0], "addr_func": "5242944", "addr": 4204719, "ret": 1}, {"name": "WriteFile", "args": [3, 4259984, 128, 2147417712, 0], "addr_func": "5242944", "addr": 4204719, "ret": 1}, {"name": "WriteFile", "args": [3, "2zUQFFQ1tqQ8qUFDZPShpptcFQq$PPA:,.^eDQKPpJ\"\\|IqGDFPFAPh|.. ;nkO4L3{aI$r[c$G*8mm[=LeUDSqZADSpPbYa9Y$VQFJ+!^;^+VqhVV*0OsyGFUUb&5ks", 128, 2147417712, 0], "addr_func": "5242944", "addr": 4204719, "ret": 1}, {"name": "WriteFile", "args": [3, 4259984, 128, 2147417712, 0], "addr_func": "5242944", "addr": 4204719, "ret": 1}, {"name": "WriteFile", "args": [3, 4259984, 128, 2147417712, 0], "addr_func": "5242944", "addr": 4204719, "ret": 1}, {"name": "WriteFile", "args": [3, 4259984, 128, 2147417712, 0], "addr_func": "5242944", "addr": 4204719, "ret": 1}, {"name": "WriteFile", "args": [3, 4259984, 128, 2147417712, 0], "addr_func": "5242944", "addr": 4204719, "ret": 1}, {"name": "WriteFile", "args": [3, 4259984, 128, 2147417712, 0], "addr_func": "5242944", "addr": 4204719, "ret": 1}, {"name": "WriteFile", "args": [3, 4259984, 128, 2147417712, 0], "addr_func": "5242944", "addr": 4204719, "ret": 1}, {"name": "WriteFile", "args": [3, 4259984, 128, 2147417712, 0], "addr_func": "5242944", "addr": 4204719, "ret": 1}, {"name": "WriteFile", "args": [3, 4259984, 128, 2147417712, 0], "addr_func": "5242944", "addr": 4204719, "ret": 1}, {"name": "WriteFile", "args": [3, "^.\"LFQK+.  ;:^_gKC7&taFF=.       ..^!\",?S9qb(..\"C&PPA6\\.:..:i;!x8=... .  \"$C;    .vOZDxzPP1=4Qx~:... . ^;:(FDAL5UQdk?;.. .     .", 128, 2147417712, 0], "addr_func": "5242944", "addr": 4204719, "ret": 1}, {"name": "WriteFile", "args": [3, "nXP\"  .   ;wh7^. . .       =\r\nfJ!               ^=.               ...^jqx&a(!;.  .vgFSi^.^wd!kdgw\\..  .thg!. . ..:;.  ..        ", 128, 2147417712, 0], "addr_func": "5242944", "addr": 4204719, "ret": 1}, {"name": "WriteFile", "args": [3, "  )08z   ^&*T^ .!T6o!5h!!23FPU!..+QdX9;. :..;e&!_~=+hX+.      ...;,^^~u?2Xy;..^!tyDxI; . .!.^3dI\". .  .:=2:.  .\"qU#pi3QAC^^=mz^ ", 128, 2147417712, 0], "addr_func": "5242944", "addr": 4204719, "ret": 1}, {"name": "WriteFile", "args": [3, 4259984, 128, 2147417712, 0], "addr_func": "5242944", "addr": 4204719, "ret": 1}, {"name": "WriteFile", "args": [3, " .. ,tQ&^...    ..   .       . .\"n*{ ..^G9J; :;wyuc6+,.!lDUAt^.!eFK8>. ...;h|...:\"yX]^.       .^ ..~+;?gQ=.. ..\"J*q=. ..\"..<JOt.", 128, 2147417712, 0], "addr_func": "5242944", "addr": 4204719, "ret": 1}, {"name": "WriteFile", "args": [3, " .   .\"+.  .;6dQUt!4p)t\"...)!.  ..;, .>gp#Z=t*DQFh1; .   . .re%,       ;0L!.  .        =\r\nf2!              .,:             . ..,", 128, 2147417712, 0], "addr_func": "5242944", "addr": 4204719, "ret": 1}, {"name": "WriteFile", "args": [3, 4259984, 128, 2147417712, 0], "addr_func": "5242944", "addr": 4204719, "ret": 1}, {"name": "WriteFile", "args": [3, 4259984, 128, 2147417712, 0], "addr_func": "5242944", "addr": 4204719, "ret": 1}, {"name": "WriteFile", "args": [3, "            ..           .   . .      .. ..IZP|.. .:\"!\".   .   .^9e;  ..    ..            . .^{~  .=Ti^.   ~a2z^ . .\"SPh+%\".^iXA", 128, 2147417712, 0], "addr_func": "5242944", "addr": 4204719, "ret": 1}, {"name": "WriteFile", "args": [3, "g{.   ^;.     ,nx<.       . . ... .=#Z!.  .    ..  .  .  ^!^ .  .  .  .=F8=: .8t:. ;^..    .;^:.  \"^igDl  .!nDAI^.. .   =_.  .  ", 128, 2147417712, 0], "addr_func": "5242944", "addr": 4204719, "ret": 1}, {"name": "WriteFile", "args": [3, " . . ;!;  ..       =\r\ncc!              .                   .. ..       .^kI-...  ...\".   .  ..\"+^.. .   .   . .       .   . ^^ .", 128, 2147417712, 0], "addr_func": "5242944", "addr": 4204719, "ret": 1}, {"name": "WriteFile", "args": [3, ".(!:.   .,{aw!  . ^SKI,:\"; .uPPG^.  .  . .. .!G>. .    .  ..  .  :$x)..   .    ..   . .. :. . . . ..!~^.   .\".   .\"\".    ...  . ", 128, 2147417712, 0], "addr_func": "5242944", "addr": 4204719, "ret": 1}, {"name": "WriteFile", "args": [3, 4259984, 128, 2147417712, 0], "addr_func": "5242944", "addr": 4204719, "ret": 1}, {"name": "WriteFile", "args": [3, "      . .   ..       .   .;;. .(^..    .!y6~.  .;pK%...^../0qq^ .  .  .  . ^7!. .    .         .\"o(.   .  . .  .  .. ..  .   .  ", 128, 2147417712, 0], "addr_func": "5242944", "addr": 4204719, "ret": 1}, {"name": "WriteFile", "args": [3, " ^\",.     .  ...^!.. . .     . ..!oo.  .. .\"+(;.    ;.  .    . .      .        =\r\nc[!                                           ", 128, 2147417712, 0], "addr_func": "5242944", "addr": 4204719, "ret": 1}, {"name": "WriteFile", "args": [3, ". .^>\"... .              .^.                           ..:  :!..     .:ow~    :hF=.  .  .~8p~.         . .<>.                  ^", 128, 2147417712, 0], "addr_func": "5242944", "addr": 4204719, "ret": 1}, {"name": "WriteFile", "args": [3, "!.  .                          ...            .^.              ,!r,      .:^^,  ..                           =\r\nr3! .           ", 128, 2147417712, 0], "addr_func": "5242944", "addr": 4204719, "ret": 1}, {"name": "WriteFile", "args": [3, "                                 ^^...                  . ..                       .  . . ,;     ....{9~.  ..&V^       :|$7,.   ", 128, 2147417712, 0], "addr_func": "5242944", "addr": 4204719, "ret": 1}, {"name": "WriteFile", "args": [3, "    .   ,;...  .             .;...                                           .                .). .      ...  .                 ", 128, 2147417712, 0], "addr_func": "5242944", "addr": 4204719, "ret": 1}, {"name": "WriteFile", "args": [3, "           =\r\n13!                                                                       .                        .  .  ...      ", 128, 2147417712, 0], "addr_func": "5242944", "addr": 4204719, "ret": 1}]}, "sections": {"CODE": {"vaddr": 4198400, "memsize": 51588, "is_readable": true, "is_writable": false, "is_executable": true}, "DATA": {"vaddr": 4251648, "memsize": 2588, "is_readable": true, "is_writable": true, "is_executable": false}, "BSS": {"vaddr": 4255744, "memsize": 4369, "is_readable": true, "is_writable": true, "is_executable": false}, ".idata": {"vaddr": 4263936, "memsize": 2110, "is_readable": true, "is_writable": true, "is_executable": false}, ".tls": {"vaddr": 4268032, "memsize": 8, "is_readable": true, "is_writable": true, "is_executable": false}, ".rdata": {"vaddr": 4272128, "memsize": 24, "is_readable": true, "is_writable": false, "is_executable": false}, ".reloc": {"vaddr": 4276224, "memsize": 1808, "is_readable": true, "is_writable": false, "is_executable": false}, ".rsrc": {"vaddr": 4280320, "memsize": 5756, "is_readable": true, "is_writable": false, "is_executable": false}}}