{"0": {"status": "active", "trace": [{"name": "main", "args": ["00ff73cf6fa793bc08d87ead13c5eac5"], "addr": 4316804, "ret": "symbolic", "addr_func": 4316804}, {"name": "GetModuleHandleA", "args": [0], "addr_func": "5242960", "addr": 4221404, "ret": 4194304}, {"name": "GetKeyboardType", "args": [0], "addr_func": "5243052", "addr": 4208809, "ret": 4}, {"name": "GetCommandLineA", "args": [], "addr_func": "5242976", "addr": 4221164, "ret": 0}, {"name": "GetStartupInfoA", "args": [2147417448], "addr_func": "5242952", "addr": 4199230, "ret": "None"}, {"name": "GetCurrentThreadId", "args": [], "addr_func": "5242912", "addr": 4221184, "ret": 0}, {"name": "GetModuleFileNameA", "args": [4194304, "PZM", 261], "addr_func": "5242964", "addr": 4218166, "ret": 3}, {"name": "GetModuleFileNameA", "args": [0, "00ff73cf6fa793bc08d87ead13c5eac5", 261], "addr_func": "5242964", "addr": 4218736, "ret": 32}, {"name": "RegOpenKeyExA", "args": [2147483649, "Software\\Borland\\Locales", 0, 983065, 2147416148], "addr_func": "5243072", "addr": 4218766, "ret": "<BV32 retval_RegOpenKeyExA_32767_32>"}, {"name": "RegOpenKeyExA", "args": [2147483650, "Software\\Borland\\Locales", 0, 983065, 2147416148], "addr_func": "5243072", "addr": 4218796, "ret": "<BV32 retval_RegOpenKeyExA_32768_32>"}, {"name": "GetModuleHandleA", "args": ["kernel32.dll"], "addr_func": "5242960", "addr": 4218297, "ret": 6295592}, {"name": "GetProcAddress", "args": [6295592, "GetLongPathNameA"], "addr_func": "5242956", "addr": 4218314, "ret": 6295596}, {"name": "GetLongPathNameA", "args": ["00ff73cf6fa793bc08d87ead13c5eac5", "", 261], "addr_func": "6295596", "addr": 4218341, "ret": "<BV32 retval_GetLongPathNameA_32772_32>"}, {"name": "lstrcpynA", "args": ["", "", 261], "addr_func": "5242940", "addr": 4218362, "ret": 2147415871}, {"name": "RegQueryValueExA", "args": [4218171, "", 0, 0, 2147416138, 2147416132], "addr_func": "5243068", "addr": 4218899, "ret": "<BV32 retval_RegQueryValueExA_32776_32>"}, {"name": "RegCloseKey", "args": [4218171], "addr_func": "5243076", "addr": 4218963, "ret": "<BV32 retval_RegCloseKey_32780_32>"}, {"name": "lstrcpynA", "args": ["PZM", "PZM", 261], "addr_func": "5242940", "addr": 4218992, "ret": 2147415871}, {"name": "GetThreadLocale", "args": [], "addr_func": "5242948", "addr": 4219005, "ret": 0}, {"name": "GetLocaleInfoA", "args": ["retval_GetThreadLocale_32789_32", 3, "", 5], "addr_func": "5242968", "addr": 4219011, "ret": "<BV32 retval_GetLocaleInfoA_32792_32>"}, {"name": "LoadStringA", "args": [4194304, 65494, "", 1024], "addr_func": "5243056", "addr": 4220957, "ret": "<BV32 retval_LoadStringA_32800_32>"}, {"name": "LoadStringA", "args": [4194304, 65493, "", 1024], "addr_func": "5243056", "addr": 4220957, "ret": "<BV32 retval_LoadStringA_32806_32>"}, {"name": "LoadStringA", "args": [4194304, 65491, "", 1024], "addr_func": "5243056", "addr": 4220957, "ret": "<BV32 retval_LoadStringA_32809_32>"}, {"name": "LoadStringA", "args": [4194304, 65492, "", 1024], "addr_func": "5243056", "addr": 4220957, "ret": "<BV32 retval_LoadStringA_32813_32>"}, {"name": "InitializeCriticalSection", "args": [4343232], "addr_func": "5242892", "addr": 4201018, "ret": "None"}, {"name": "LocalAlloc", "args": [0, 4088], "addr_func": "5242908", "addr": 4201079, "ret": 3221258256}, {"name": "VirtualAlloc", "args": [0, 1048576, 8192, 1], "addr_func": "5242900", "addr": 4199787, "ret": 3222798336}, {"name": "LocalAlloc", "args": [0, 1604], "addr_func": "5242908", "addr": 4199339, "ret": 3221262352}, {"name": "VirtualAlloc", "args": [3222798336, "retval_LoadStringA_32813_32", 4096, 4], "addr_func": "5242900", "addr": 4200253, "ret": 3222798336}]}, "1": {"status": "active", "trace": [{"name": "main", "args": ["00ff73cf6fa793bc08d87ead13c5eac5"], "addr": 4316804, "ret": "symbolic", "addr_func": 4316804}, {"name": "GetModuleHandleA", "args": [0], "addr_func": "5242960", "addr": 4221404, "ret": 4194304}, {"name": "GetKeyboardType", "args": [0], "addr_func": "5243052", "addr": 4208809, "ret": 4}, {"name": "GetCommandLineA", "args": [], "addr_func": "5242976", "addr": 4221164, "ret": 0}, {"name": "GetStartupInfoA", "args": [2147417448], "addr_func": "5242952", "addr": 4199230, "ret": "None"}, {"name": "GetCurrentThreadId", "args": [], "addr_func": "5242912", "addr": 4221184, "ret": 0}, {"name": "GetModuleFileNameA", "args": [4194304, "PZM", 261], "addr_func": "5242964", "addr": 4218166, "ret": 3}, {"name": "GetModuleFileNameA", "args": [0, "00ff73cf6fa793bc08d87ead13c5eac5", 261], "addr_func": "5242964", "addr": 4218736, "ret": 32}, {"name": "RegOpenKeyExA", "args": [2147483649, "Software\\Borland\\Locales", 0, 983065, 2147416148], "addr_func": "5243072", "addr": 4218766, "ret": "<BV32 retval_RegOpenKeyExA_32767_32>"}, {"name": "RegOpenKeyExA", "args": [2147483650, "Software\\Borland\\Locales", 0, 983065, 2147416148], "addr_func": "5243072", "addr": 4218796, "ret": "<BV32 retval_RegOpenKeyExA_32768_32>"}, {"name": "GetModuleHandleA", "args": ["kernel32.dll"], "addr_func": "5242960", "addr": 4218297, "ret": 6295592}, {"name": "GetProcAddress", "args": [6295592, "GetLongPathNameA"], "addr_func": "5242956", "addr": 4218314, "ret": 6295596}, {"name": "GetLongPathNameA", "args": ["00ff73cf6fa793bc08d87ead13c5eac5", "", 261], "addr_func": "6295596", "addr": 4218341, "ret": "<BV32 retval_GetLongPathNameA_32772_32>"}, {"name": "lstrcpynA", "args": ["", "", 261], "addr_func": "5242940", "addr": 4218362, "ret": 2147415871}, {"name": "RegQueryValueExA", "args": [4218171, "", 0, 0, 2147416138, 2147416132], "addr_func": "5243068", "addr": 4218899, "ret": "<BV32 retval_RegQueryValueExA_32776_32>"}, {"name": "RegCloseKey", "args": [4218171], "addr_func": "5243076", "addr": 4218963, "ret": "<BV32 retval_RegCloseKey_32780_32>"}, {"name": "lstrcpynA", "args": ["PZM", "PZM", 261], "addr_func": "5242940", "addr": 4218992, "ret": 2147415871}, {"name": "GetThreadLocale", "args": [], "addr_func": "5242948", "addr": 4219005, "ret": 0}, {"name": "GetLocaleInfoA", "args": ["retval_GetThreadLocale_32789_32", 3, "", 5], "addr_func": "5242968", "addr": 4219011, "ret": "<BV32 retval_GetLocaleInfoA_32792_32>"}, {"name": "LoadStringA", "args": [4194304, 65494, "", 1024], "addr_func": "5243056", "addr": 4220957, "ret": "<BV32 retval_LoadStringA_32800_32>"}, {"name": "LoadStringA", "args": [4194304, 65493, "", 1024], "addr_func": "5243056", "addr": 4220957, "ret": "<BV32 retval_LoadStringA_32806_32>"}, {"name": "LoadStringA", "args": [4194304, 65491, "", 1024], "addr_func": "5243056", "addr": 4220957, "ret": "<BV32 retval_LoadStringA_32809_32>"}, {"name": "LoadStringA", "args": [4194304, 65492, "", 1024], "addr_func": "5243056", "addr": 4220957, "ret": "<BV32 retval_LoadStringA_32814_32>"}, {"name": "InitializeCriticalSection", "args": [4343232], "addr_func": "5242892", "addr": 4201018, "ret": "None"}, {"name": "LocalAlloc", "args": [0, 4088], "addr_func": "5242908", "addr": 4201079, "ret": 3221258256}]}, "2": {"status": "active", "trace": [{"name": "main", "args": ["00ff73cf6fa793bc08d87ead13c5eac5"], "addr": 4316804, "ret": "symbolic", "addr_func": 4316804}, {"name": "GetModuleHandleA", "args": [0], "addr_func": "5242960", "addr": 4221404, "ret": 4194304}, {"name": "GetKeyboardType", "args": [0], "addr_func": "5243052", "addr": 4208809, "ret": 4}, {"name": "GetCommandLineA", "args": [], "addr_func": "5242976", "addr": 4221164, "ret": 0}, {"name": "GetStartupInfoA", "args": [2147417448], "addr_func": "5242952", "addr": 4199230, "ret": "None"}, {"name": "GetCurrentThreadId", "args": [], "addr_func": "5242912", "addr": 4221184, "ret": 0}, {"name": "GetModuleFileNameA", "args": [4194304, "PZM", 261], "addr_func": "5242964", "addr": 4218166, "ret": 3}, {"name": "GetModuleFileNameA", "args": [0, "00ff73cf6fa793bc08d87ead13c5eac5", 261], "addr_func": "5242964", "addr": 4218736, "ret": 32}, {"name": "RegOpenKeyExA", "args": [2147483649, "Software\\Borland\\Locales", 0, 983065, 2147416148], "addr_func": "5243072", "addr": 4218766, "ret": "<BV32 retval_RegOpenKeyExA_32767_32>"}, {"name": "RegOpenKeyExA", "args": [2147483650, "Software\\Borland\\Locales", 0, 983065, 2147416148], "addr_func": "5243072", "addr": 4218796, "ret": "<BV32 retval_RegOpenKeyExA_32768_32>"}, {"name": "GetModuleHandleA", "args": ["kernel32.dll"], "addr_func": "5242960", "addr": 4218297, "ret": 6295592}, {"name": "GetProcAddress", "args": [6295592, "GetLongPathNameA"], "addr_func": "5242956", "addr": 4218314, "ret": 6295596}, {"name": "GetLongPathNameA", "args": ["00ff73cf6fa793bc08d87ead13c5eac5", "", 261], "addr_func": "6295596", "addr": 4218341, "ret": "<BV32 retval_GetLongPathNameA_32772_32>"}, {"name": "lstrcpynA", "args": ["", "", 261], "addr_func": "5242940", "addr": 4218362, "ret": 2147415871}, {"name": "RegQueryValueExA", "args": [4218171, "", 0, 0, 2147416138, 2147416132], "addr_func": "5243068", "addr": 4218899, "ret": "<BV32 retval_RegQueryValueExA_32776_32>"}, {"name": "RegCloseKey", "args": [4218171], "addr_func": "5243076", "addr": 4218963, "ret": "<BV32 retval_RegCloseKey_32780_32>"}, {"name": "lstrcpynA", "args": ["PZM", "PZM", 261], "addr_func": "5242940", "addr": 4218992, "ret": 2147415871}, {"name": "GetThreadLocale", "args": [], "addr_func": "5242948", "addr": 4219005, "ret": 0}, {"name": "GetLocaleInfoA", "args": ["retval_GetThreadLocale_32789_32", 3, "", 5], "addr_func": "5242968", "addr": 4219011, "ret": "<BV32 retval_GetLocaleInfoA_32792_32>"}, {"name": "LoadStringA", "args": [4194304, 65494, "", 1024], "addr_func": "5243056", "addr": 4220957, "ret": "<BV32 retval_LoadStringA_32800_32>"}, {"name": "LoadStringA", "args": [4194304, 65493, "", 1024], "addr_func": "5243056", "addr": 4220957, "ret": "<BV32 retval_LoadStringA_32806_32>"}, {"name": "LoadStringA", "args": [4194304, 65491, "", 1024], "addr_func": "5243056", "addr": 4220957, "ret": "<BV32 retval_LoadStringA_32809_32>"}, {"name": "LoadStringA", "args": [4194304, 65492, "", 1024], "addr_func": "5243056", "addr": 4220957, "ret": "<BV32 retval_LoadStringA_32814_32>"}, {"name": "InitializeCriticalSection", "args": [4343232], "addr_func": "5242892", "addr": 4201018, "ret": "None"}, {"name": "LocalAlloc", "args": [0, 4088], "addr_func": "5242908", "addr": 4201079, "ret": 3221258256}, {"name": "VirtualAlloc", "args": [0, 1048576, 8192, 1], "addr_func": "5242900", "addr": 4199787, "ret": 3222798336}, {"name": "LocalAlloc", "args": [0, 1604], "addr_func": "5242908", "addr": 4199339, "ret": 3221262352}]}, "3": {"status": "active", "trace": [{"name": "main", "args": ["00ff73cf6fa793bc08d87ead13c5eac5"], "addr": 4316804, "ret": "symbolic", "addr_func": 4316804}, {"name": "GetModuleHandleA", "args": [0], "addr_func": "5242960", "addr": 4221404, "ret": 4194304}, {"name": "GetKeyboardType", "args": [0], "addr_func": "5243052", "addr": 4208809, "ret": 4}, {"name": "GetCommandLineA", "args": [], "addr_func": "5242976", "addr": 4221164, "ret": 0}, {"name": "GetStartupInfoA", "args": [2147417448], "addr_func": "5242952", "addr": 4199230, "ret": "None"}, {"name": "GetCurrentThreadId", "args": [], "addr_func": "5242912", "addr": 4221184, "ret": 0}, {"name": "GetModuleFileNameA", "args": [4194304, "PZM", 261], "addr_func": "5242964", "addr": 4218166, "ret": 3}, {"name": "GetModuleFileNameA", "args": [0, "00ff73cf6fa793bc08d87ead13c5eac5", 261], "addr_func": "5242964", "addr": 4218736, "ret": 32}, {"name": "RegOpenKeyExA", "args": [2147483649, "Software\\Borland\\Locales", 0, 983065, 2147416148], "addr_func": "5243072", "addr": 4218766, "ret": "<BV32 retval_RegOpenKeyExA_32767_32>"}, {"name": "RegOpenKeyExA", "args": [2147483650, "Software\\Borland\\Locales", 0, 983065, 2147416148], "addr_func": "5243072", "addr": 4218796, "ret": "<BV32 retval_RegOpenKeyExA_32768_32>"}, {"name": "GetModuleHandleA", "args": ["kernel32.dll"], "addr_func": "5242960", "addr": 4218297, "ret": 6295592}, {"name": "GetProcAddress", "args": [6295592, "GetLongPathNameA"], "addr_func": "5242956", "addr": 4218314, "ret": 6295596}, {"name": "GetLongPathNameA", "args": ["00ff73cf6fa793bc08d87ead13c5eac5", "", 261], "addr_func": "6295596", "addr": 4218341, "ret": "<BV32 retval_GetLongPathNameA_32772_32>"}, {"name": "lstrcpynA", "args": ["", "", 261], "addr_func": "5242940", "addr": 4218362, "ret": 2147415871}, {"name": "RegQueryValueExA", "args": [4218171, "", 0, 0, 2147416138, 2147416132], "addr_func": "5243068", "addr": 4218899, "ret": "<BV32 retval_RegQueryValueExA_32776_32>"}, {"name": "RegCloseKey", "args": [4218171], "addr_func": "5243076", "addr": 4218963, "ret": "<BV32 retval_RegCloseKey_32780_32>"}, {"name": "lstrcpynA", "args": ["PZM", "PZM", 261], "addr_func": "5242940", "addr": 4218992, "ret": 2147415871}, {"name": "GetThreadLocale", "args": [], "addr_func": "5242948", "addr": 4219005, "ret": 0}, {"name": "GetLocaleInfoA", "args": ["retval_GetThreadLocale_32789_32", 3, "", 5], "addr_func": "5242968", "addr": 4219011, "ret": "<BV32 retval_GetLocaleInfoA_32792_32>"}, {"name": "LoadStringA", "args": [4194304, 65494, "", 1024], "addr_func": "5243056", "addr": 4220957, "ret": "<BV32 retval_LoadStringA_32800_32>"}, {"name": "LoadStringA", "args": [4194304, 65493, "", 1024], "addr_func": "5243056", "addr": 4220957, "ret": "<BV32 retval_LoadStringA_32806_32>"}, {"name": "LoadStringA", "args": [4194304, 65491, "", 1024], "addr_func": "5243056", "addr": 4220957, "ret": "<BV32 retval_LoadStringA_32809_32>"}, {"name": "LoadStringA", "args": [4194304, 65492, "", 1024], "addr_func": "5243056", "addr": 4220957, "ret": "<BV32 retval_LoadStringA_32814_32>"}, {"name": "InitializeCriticalSection", "args": [4343232], "addr_func": "5242892", "addr": 4201018, "ret": "None"}, {"name": "LocalAlloc", "args": [0, 4088], "addr_func": "5242908", "addr": 4201079, "ret": 3221258256}, {"name": "VirtualAlloc", "args": [0, "retval_LoadStringA_32814_32", 8192, 1], "addr_func": "5242900", "addr": 4199787, "ret": 3221762048}, {"name": "LocalAlloc", "args": [0, 1604], "addr_func": "5242908", "addr": 4199339, "ret": 3221262352}]}, "4": {"status": "ExcessLoop", "trace": [{"name": "main", "args": ["00ff73cf6fa793bc08d87ead13c5eac5"], "addr": 4316804, "ret": "symbolic", "addr_func": 4316804}, {"name": "GetModuleHandleA", "args": [0], "addr_func": "5242960", "addr": 4221404, "ret": 4194304}, {"name": "GetKeyboardType", "args": [0], "addr_func": "5243052", "addr": 4208809, "ret": 4}, {"name": "GetCommandLineA", "args": [], "addr_func": "5242976", "addr": 4221164, "ret": 0}, {"name": "GetStartupInfoA", "args": [2147417448], "addr_func": "5242952", "addr": 4199230, "ret": "None"}, {"name": "GetCurrentThreadId", "args": [], "addr_func": "5242912", "addr": 4221184, "ret": 0}, {"name": "GetModuleFileNameA", "args": [4194304, "PZM", 261], "addr_func": "5242964", "addr": 4218166, "ret": 3}, {"name": "GetModuleFileNameA", "args": [0, "00ff73cf6fa793bc08d87ead13c5eac5", 261], "addr_func": "5242964", "addr": 4218736, "ret": 32}, {"name": "RegOpenKeyExA", "args": [2147483649, "Software\\Borland\\Locales", 0, 983065, 2147416148], "addr_func": "5243072", "addr": 4218766, "ret": "<BV32 retval_RegOpenKeyExA_32767_32>"}, {"name": "RegOpenKeyExA", "args": [2147483650, "Software\\Borland\\Locales", 0, 983065, 2147416148], "addr_func": "5243072", "addr": 4218796, "ret": "<BV32 retval_RegOpenKeyExA_32768_32>"}, {"name": "GetModuleHandleA", "args": ["kernel32.dll"], "addr_func": "5242960", "addr": 4218297, "ret": 6295592}, {"name": "GetProcAddress", "args": [6295592, "GetLongPathNameA"], "addr_func": "5242956", "addr": 4218314, "ret": 6295596}, {"name": "GetLongPathNameA", "args": ["00ff73cf6fa793bc08d87ead13c5eac5", "", 261], "addr_func": "6295596", "addr": 4218341, "ret": "<BV32 retval_GetLongPathNameA_32772_32>"}, {"name": "lstrcpynA", "args": ["", "", 261], "addr_func": "5242940", "addr": 4218362, "ret": 2147415871}, {"name": "RegQueryValueExA", "args": [4218171, "", 0, 0, 2147416138, 2147416132], "addr_func": "5243068", "addr": 4218899, "ret": "<BV32 retval_RegQueryValueExA_32776_32>"}, {"name": "RegCloseKey", "args": [4218171], "addr_func": "5243076", "addr": 4218963, "ret": "<BV32 retval_RegCloseKey_32780_32>"}, {"name": "lstrcpynA", "args": ["PZM", "PZM", 261], "addr_func": "5242940", "addr": 4218992, "ret": 2147415871}, {"name": "GetThreadLocale", "args": [], "addr_func": "5242948", "addr": 4219005, "ret": 0}, {"name": "GetLocaleInfoA", "args": ["retval_GetThreadLocale_32789_32", 3, "", 5], "addr_func": "5242968", "addr": 4219011, "ret": "<BV32 retval_GetLocaleInfoA_32792_32>"}, {"name": "LoadStringA", "args": [4194304, 65494, "", 1024], "addr_func": "5243056", "addr": 4220957, "ret": "<BV32 retval_LoadStringA_32800_32>"}, {"name": "LoadStringA", "args": [4194304, 65493, "", 1024], "addr_func": "5243056", "addr": 4220957, "ret": "<BV32 retval_LoadStringA_32806_32>"}, {"name": "LoadStringA", "args": [4194304, 65491, "", 1024], "addr_func": "5243056", "addr": 4220957, "ret": "<BV32 retval_LoadStringA_32809_32>"}, {"name": "LoadStringA", "args": [4194304, 65492, "", 1024], "addr_func": "5243056", "addr": 4220957, "ret": "<BV32 retval_LoadStringA_32813_32>"}]}, "5": {"status": "ExcessLoop", "trace": [{"name": "main", "args": ["00ff73cf6fa793bc08d87ead13c5eac5"], "addr": 4316804, "ret": "symbolic", "addr_func": 4316804}, {"name": "GetModuleHandleA", "args": [0], "addr_func": "5242960", "addr": 4221404, "ret": 4194304}, {"name": "GetKeyboardType", "args": [0], "addr_func": "5243052", "addr": 4208809, "ret": 4}, {"name": "GetCommandLineA", "args": [], "addr_func": "5242976", "addr": 4221164, "ret": 0}, {"name": "GetStartupInfoA", "args": [2147417448], "addr_func": "5242952", "addr": 4199230, "ret": "None"}, {"name": "GetCurrentThreadId", "args": [], "addr_func": "5242912", "addr": 4221184, "ret": 0}, {"name": "GetModuleFileNameA", "args": [4194304, "PZM", 261], "addr_func": "5242964", "addr": 4218166, "ret": 3}, {"name": "GetModuleFileNameA", "args": [0, "00ff73cf6fa793bc08d87ead13c5eac5", 261], "addr_func": "5242964", "addr": 4218736, "ret": 32}, {"name": "RegOpenKeyExA", "args": [2147483649, "Software\\Borland\\Locales", 0, 983065, 2147416148], "addr_func": "5243072", "addr": 4218766, "ret": "<BV32 retval_RegOpenKeyExA_32767_32>"}, {"name": "RegOpenKeyExA", "args": [2147483650, "Software\\Borland\\Locales", 0, 983065, 2147416148], "addr_func": "5243072", "addr": 4218796, "ret": "<BV32 retval_RegOpenKeyExA_32768_32>"}, {"name": "GetModuleHandleA", "args": ["kernel32.dll"], "addr_func": "5242960", "addr": 4218297, "ret": 6295592}, {"name": "GetProcAddress", "args": [6295592, "GetLongPathNameA"], "addr_func": "5242956", "addr": 4218314, "ret": 6295596}, {"name": "GetLongPathNameA", "args": ["00ff73cf6fa793bc08d87ead13c5eac5", "", 261], "addr_func": "6295596", "addr": 4218341, "ret": "<BV32 retval_GetLongPathNameA_32772_32>"}, {"name": "lstrcpynA", "args": ["", "", 261], "addr_func": "5242940", "addr": 4218362, "ret": 2147415871}, {"name": "RegQueryValueExA", "args": [4218171, "", 0, 0, 2147416138, 2147416132], "addr_func": "5243068", "addr": 4218899, "ret": "<BV32 retval_RegQueryValueExA_32776_32>"}, {"name": "RegCloseKey", "args": [4218171], "addr_func": "5243076", "addr": 4218963, "ret": "<BV32 retval_RegCloseKey_32780_32>"}, {"name": "lstrcpynA", "args": ["PZM", "PZM", 261], "addr_func": "5242940", "addr": 4218992, "ret": 2147415871}, {"name": "GetThreadLocale", "args": [], "addr_func": "5242948", "addr": 4219005, "ret": 0}, {"name": "GetLocaleInfoA", "args": ["retval_GetThreadLocale_32789_32", 3, "", 5], "addr_func": "5242968", "addr": 4219011, "ret": "<BV32 retval_GetLocaleInfoA_32792_32>"}, {"name": "LoadStringA", "args": [4194304, 65494, "", 1024], "addr_func": "5243056", "addr": 4220957, "ret": "<BV32 retval_LoadStringA_32800_32>"}, {"name": "LoadStringA", "args": [4194304, 65493, "", 1024], "addr_func": "5243056", "addr": 4220957, "ret": "<BV32 retval_LoadStringA_32806_32>"}, {"name": "LoadStringA", "args": [4194304, 65491, "", 1024], "addr_func": "5243056", "addr": 4220957, "ret": "<BV32 retval_LoadStringA_32809_32>"}, {"name": "LoadStringA", "args": [4194304, 65492, "", 1024], "addr_func": "5243056", "addr": 4220957, "ret": "<BV32 retval_LoadStringA_32814_32>"}]}, "6": {"status": "ExcessLoop", "trace": [{"name": "main", "args": ["00ff73cf6fa793bc08d87ead13c5eac5"], "addr": 4316804, "ret": "symbolic", "addr_func": 4316804}, {"name": "GetModuleHandleA", "args": [0], "addr_func": "5242960", "addr": 4221404, "ret": 4194304}, {"name": "GetKeyboardType", "args": [0], "addr_func": "5243052", "addr": 4208809, "ret": 4}, {"name": "GetCommandLineA", "args": [], "addr_func": "5242976", "addr": 4221164, "ret": 0}, {"name": "GetStartupInfoA", "args": [2147417448], "addr_func": "5242952", "addr": 4199230, "ret": "None"}, {"name": "GetCurrentThreadId", "args": [], "addr_func": "5242912", "addr": 4221184, "ret": 0}, {"name": "GetModuleFileNameA", "args": [4194304, "PZM", 261], "addr_func": "5242964", "addr": 4218166, "ret": 3}, {"name": "GetModuleFileNameA", "args": [0, "00ff73cf6fa793bc08d87ead13c5eac5", 261], "addr_func": "5242964", "addr": 4218736, "ret": 32}, {"name": "RegOpenKeyExA", "args": [2147483649, "Software\\Borland\\Locales", 0, 983065, 2147416148], "addr_func": "5243072", "addr": 4218766, "ret": "<BV32 retval_RegOpenKeyExA_32767_32>"}, {"name": "RegOpenKeyExA", "args": [2147483650, "Software\\Borland\\Locales", 0, 983065, 2147416148], "addr_func": "5243072", "addr": 4218796, "ret": "<BV32 retval_RegOpenKeyExA_32768_32>"}, {"name": "GetModuleHandleA", "args": ["kernel32.dll"], "addr_func": "5242960", "addr": 4218297, "ret": 6295592}, {"name": "GetProcAddress", "args": [6295592, "GetLongPathNameA"], "addr_func": "5242956", "addr": 4218314, "ret": 6295596}, {"name": "GetLongPathNameA", "args": ["00ff73cf6fa793bc08d87ead13c5eac5", "", 261], "addr_func": "6295596", "addr": 4218341, "ret": "<BV32 retval_GetLongPathNameA_32772_32>"}, {"name": "lstrcpynA", "args": ["", "", 261], "addr_func": "5242940", "addr": 4218362, "ret": 2147415871}, {"name": "RegQueryValueExA", "args": [4218171, "", 0, 0, 2147416138, 2147416132], "addr_func": "5243068", "addr": 4218899, "ret": "<BV32 retval_RegQueryValueExA_32776_32>"}, {"name": "RegCloseKey", "args": [4218171], "addr_func": "5243076", "addr": 4218963, "ret": "<BV32 retval_RegCloseKey_32780_32>"}, {"name": "lstrcpynA", "args": ["PZM", "PZM", 261], "addr_func": "5242940", "addr": 4218992, "ret": 2147415871}, {"name": "GetThreadLocale", "args": [], "addr_func": "5242948", "addr": 4219005, "ret": 0}, {"name": "GetLocaleInfoA", "args": ["retval_GetThreadLocale_32789_32", 3, "", 5], "addr_func": "5242968", "addr": 4219011, "ret": "<BV32 retval_GetLocaleInfoA_32792_32>"}, {"name": "LoadStringA", "args": [4194304, 65494, "", 1024], "addr_func": "5243056", "addr": 4220957, "ret": "<BV32 retval_LoadStringA_32800_32>"}, {"name": "LoadStringA", "args": [4194304, 65493, "", 1024], "addr_func": "5243056", "addr": 4220957, "ret": "<BV32 retval_LoadStringA_32806_32>"}, {"name": "LoadStringA", "args": [4194304, 65491, "", 1024], "addr_func": "5243056", "addr": 4220957, "ret": "<BV32 retval_LoadStringA_32810_32>"}, {"name": "LoadStringA", "args": [4194304, 65492, "", 1024], "addr_func": "5243056", "addr": 4220957, "ret": "<BV32 retval_LoadStringA_32815_32>"}]}, "7": {"status": "ExcessLoop", "trace": [{"name": "main", "args": ["00ff73cf6fa793bc08d87ead13c5eac5"], "addr": 4316804, "ret": "symbolic", "addr_func": 4316804}, {"name": "GetModuleHandleA", "args": [0], "addr_func": "5242960", "addr": 4221404, "ret": 4194304}, {"name": "GetKeyboardType", "args": [0], "addr_func": "5243052", "addr": 4208809, "ret": 4}, {"name": "GetCommandLineA", "args": [], "addr_func": "5242976", "addr": 4221164, "ret": 0}, {"name": "GetStartupInfoA", "args": [2147417448], "addr_func": "5242952", "addr": 4199230, "ret": "None"}, {"name": "GetCurrentThreadId", "args": [], "addr_func": "5242912", "addr": 4221184, "ret": 0}, {"name": "GetModuleFileNameA", "args": [4194304, "PZM", 261], "addr_func": "5242964", "addr": 4218166, "ret": 3}, {"name": "GetModuleFileNameA", "args": [0, "00ff73cf6fa793bc08d87ead13c5eac5", 261], "addr_func": "5242964", "addr": 4218736, "ret": 32}, {"name": "RegOpenKeyExA", "args": [2147483649, "Software\\Borland\\Locales", 0, 983065, 2147416148], "addr_func": "5243072", "addr": 4218766, "ret": "<BV32 retval_RegOpenKeyExA_32767_32>"}, {"name": "RegOpenKeyExA", "args": [2147483650, "Software\\Borland\\Locales", 0, 983065, 2147416148], "addr_func": "5243072", "addr": 4218796, "ret": "<BV32 retval_RegOpenKeyExA_32768_32>"}, {"name": "GetModuleHandleA", "args": ["kernel32.dll"], "addr_func": "5242960", "addr": 4218297, "ret": 6295592}, {"name": "GetProcAddress", "args": [6295592, "GetLongPathNameA"], "addr_func": "5242956", "addr": 4218314, "ret": 6295596}, {"name": "GetLongPathNameA", "args": ["00ff73cf6fa793bc08d87ead13c5eac5", "", 261], "addr_func": "6295596", "addr": 4218341, "ret": "<BV32 retval_GetLongPathNameA_32772_32>"}, {"name": "lstrcpynA", "args": ["", "", 261], "addr_func": "5242940", "addr": 4218362, "ret": 2147415871}, {"name": "RegQueryValueExA", "args": [4218171, "", 0, 0, 2147416138, 2147416132], "addr_func": "5243068", "addr": 4218899, "ret": "<BV32 retval_RegQueryValueExA_32776_32>"}, {"name": "RegCloseKey", "args": [4218171], "addr_func": "5243076", "addr": 4218963, "ret": "<BV32 retval_RegCloseKey_32780_32>"}, {"name": "lstrcpynA", "args": ["PZM", "PZM", 261], "addr_func": "5242940", "addr": 4218992, "ret": 2147415871}, {"name": "GetThreadLocale", "args": [], "addr_func": "5242948", "addr": 4219005, "ret": 0}, {"name": "GetLocaleInfoA", "args": ["retval_GetThreadLocale_32789_32", 3, "", 5], "addr_func": "5242968", "addr": 4219011, "ret": "<BV32 retval_GetLocaleInfoA_32792_32>"}, {"name": "LoadStringA", "args": [4194304, 65494, "", 1024], "addr_func": "5243056", "addr": 4220957, "ret": "<BV32 retval_LoadStringA_32800_32>"}, {"name": "LoadStringA", "args": [4194304, 65493, "", 1024], "addr_func": "5243056", "addr": 4220957, "ret": "<BV32 retval_LoadStringA_32806_32>"}, {"name": "LoadStringA", "args": [4194304, 65491, "", 1024], "addr_func": "5243056", "addr": 4220957, "ret": "<BV32 retval_LoadStringA_32810_32>"}, {"name": "LoadStringA", "args": [4194304, 65492, "", 1024], "addr_func": "5243056", "addr": 4220957, "ret": "<BV32 retval_LoadStringA_32816_32>"}]}, "8": {"status": "ExcessLoop", "trace": [{"name": "main", "args": ["00ff73cf6fa793bc08d87ead13c5eac5"], "addr": 4316804, "ret": "symbolic", "addr_func": 4316804}, {"name": "GetModuleHandleA", "args": [0], "addr_func": "5242960", "addr": 4221404, "ret": 4194304}, {"name": "GetKeyboardType", "args": [0], "addr_func": "5243052", "addr": 4208809, "ret": 4}, {"name": "GetCommandLineA", "args": [], "addr_func": "5242976", "addr": 4221164, "ret": 0}, {"name": "GetStartupInfoA", "args": [2147417448], "addr_func": "5242952", "addr": 4199230, "ret": "None"}, {"name": "GetCurrentThreadId", "args": [], "addr_func": "5242912", "addr": 4221184, "ret": 0}, {"name": "GetModuleFileNameA", "args": [4194304, "PZM", 261], "addr_func": "5242964", "addr": 4218166, "ret": 3}, {"name": "GetModuleFileNameA", "args": [0, "00ff73cf6fa793bc08d87ead13c5eac5", 261], "addr_func": "5242964", "addr": 4218736, "ret": 32}, {"name": "RegOpenKeyExA", "args": [2147483649, "Software\\Borland\\Locales", 0, 983065, 2147416148], "addr_func": "5243072", "addr": 4218766, "ret": "<BV32 retval_RegOpenKeyExA_32767_32>"}, {"name": "RegOpenKeyExA", "args": [2147483650, "Software\\Borland\\Locales", 0, 983065, 2147416148], "addr_func": "5243072", "addr": 4218796, "ret": "<BV32 retval_RegOpenKeyExA_32768_32>"}, {"name": "GetModuleHandleA", "args": ["kernel32.dll"], "addr_func": "5242960", "addr": 4218297, "ret": 6295592}, {"name": "GetProcAddress", "args": [6295592, "GetLongPathNameA"], "addr_func": "5242956", "addr": 4218314, "ret": 6295596}, {"name": "GetLongPathNameA", "args": ["00ff73cf6fa793bc08d87ead13c5eac5", "", 261], "addr_func": "6295596", "addr": 4218341, "ret": "<BV32 retval_GetLongPathNameA_32772_32>"}, {"name": "lstrcpynA", "args": ["00", "00ff73cf6fa793bc08d87ead13c5eac5", 3], "addr_func": "5242940", "addr": 4218462, "ret": 2147415249}, {"name": "CharNextA", "args": ["f73cf6fa793bc08d87ead13c5eac5"], "addr_func": "5243064", "addr": 4218251, "ret": 2147415875}, {"name": "CharNextA", "args": ["73cf6fa793bc08d87ead13c5eac5"], "addr_func": "5243064", "addr": 4218251, "ret": 2147415876}, {"name": "CharNextA", "args": ["3cf6fa793bc08d87ead13c5eac5"], "addr_func": "5243064", "addr": 4218251, "ret": 2147415877}, {"name": "CharNextA", "args": ["cf6fa793bc08d87ead13c5eac5"], "addr_func": "5243064", "addr": 4218251, "ret": 2147415878}, {"name": "CharNextA", "args": ["f6fa793bc08d87ead13c5eac5"], "addr_func": "5243064", "addr": 4218251, "ret": 2147415879}, {"name": "CharNextA", "args": ["6fa793bc08d87ead13c5eac5"], "addr_func": "5243064", "addr": 4218251, "ret": 2147415880}, {"name": "CharNextA", "args": ["fa793bc08d87ead13c5eac5"], "addr_func": "5243064", "addr": 4218251, "ret": 2147415881}, {"name": "CharNextA", "args": ["a793bc08d87ead13c5eac5"], "addr_func": "5243064", "addr": 4218251, "ret": 2147415882}, {"name": "CharNextA", "args": ["793bc08d87ead13c5eac5"], "addr_func": "5243064", "addr": 4218251, "ret": 2147415883}, {"name": "CharNextA", "args": ["93bc08d87ead13c5eac5"], "addr_func": "5243064", "addr": 4218251, "ret": 2147415884}, {"name": "CharNextA", "args": ["3bc08d87ead13c5eac5"], "addr_func": "5243064", "addr": 4218251, "ret": 2147415885}, {"name": "CharNextA", "args": ["bc08d87ead13c5eac5"], "addr_func": "5243064", "addr": 4218251, "ret": 2147415886}, {"name": "CharNextA", "args": ["c08d87ead13c5eac5"], "addr_func": "5243064", "addr": 4218251, "ret": 2147415887}, {"name": "CharNextA", "args": ["08d87ead13c5eac5"], "addr_func": "5243064", "addr": 4218251, "ret": 2147415888}, {"name": "CharNextA", "args": ["8d87ead13c5eac5"], "addr_func": "5243064", "addr": 4218251, "ret": 2147415889}, {"name": "CharNextA", "args": ["d87ead13c5eac5"], "addr_func": "5243064", "addr": 4218251, "ret": 2147415890}, {"name": "CharNextA", "args": ["87ead13c5eac5"], "addr_func": "5243064", "addr": 4218251, "ret": 2147415891}, {"name": "CharNextA", "args": ["7ead13c5eac5"], "addr_func": "5243064", "addr": 4218251, "ret": 2147415892}, {"name": "CharNextA", "args": ["ead13c5eac5"], "addr_func": "5243064", "addr": 4218251, "ret": 2147415893}, {"name": "CharNextA", "args": ["ad13c5eac5"], "addr_func": "5243064", "addr": 4218251, "ret": 2147415894}, {"name": "CharNextA", "args": ["d13c5eac5"], "addr_func": "5243064", "addr": 4218251, "ret": 2147415895}, {"name": "CharNextA", "args": ["13c5eac5"], "addr_func": "5243064", "addr": 4218251, "ret": 2147415896}, {"name": "CharNextA", "args": ["3c5eac5"], "addr_func": "5243064", "addr": 4218251, "ret": 2147415897}, {"name": "CharNextA", "args": ["c5eac5"], "addr_func": "5243064", "addr": 4218251, "ret": 2147415898}, {"name": "CharNextA", "args": ["5eac5"], "addr_func": "5243064", "addr": 4218251, "ret": 2147415899}, {"name": "CharNextA", "args": ["eac5"], "addr_func": "5243064", "addr": 4218251, "ret": 2147415900}, {"name": "CharNextA", "args": ["ac5"], "addr_func": "5243064", "addr": 4218251, "ret": 2147415901}, {"name": "CharNextA", "args": ["c5"], "addr_func": "5243064", "addr": 4218251, "ret": 2147415902}, {"name": "CharNextA", "args": ["5"], "addr_func": "5243064", "addr": 4218251, "ret": 2147415903}, {"name": "lstrcpynA", "args": ["ff73cf6fa793bc08d87ead13c5eac5", "ff73cf6fa793bc08d87ead13c5eac5", 31], "addr_func": "5242940", "addr": 4218515, "ret": 2147415251}, {"name": "FindFirstFileA", "args": ["00ff73cf6fa793bc08d87ead13c5eac5", 2147415510], "addr_func": "5242984", "addr": 4218534, "ret": "<BV32 retval_FindFirstFileA_32817_32>"}, {"name": "FindClose", "args": ["retval_FindFirstFileA_32817_32"], "addr_func": "5242988", "addr": 4218547, "ret": "<BV32 retval_FindClose_32818_32>"}, {"name": "lstrlenA", "args": [""], "addr_func": "5242936", "addr": 4218559, "ret": 0}, {"name": "lstrcpynA", "args": ["", "", 258], "addr_func": "5242940", "addr": 4218611, "ret": 2147415252}, {"name": "lstrlenA", "args": [""], "addr_func": "5242936", "addr": 4218623, "ret": 0}, {"name": "lstrcpynA", "args": ["00\\", "00\\", 261], "addr_func": "5242940", "addr": 4218657, "ret": 2147415871}, {"name": "RegQueryValueExA", "args": [4218171, "00\\", 0, 0, 2147416138, 2147416132], "addr_func": "5243068", "addr": 4218899, "ret": "<BV32 retval_RegQueryValueExA_32823_32>"}, {"name": "RegCloseKey", "args": [4218171], "addr_func": "5243076", "addr": 4218963, "ret": "<BV32 retval_RegCloseKey_32824_32>"}, {"name": "lstrcpynA", "args": ["PZM", "PZM", 261], "addr_func": "5242940", "addr": 4218992, "ret": 2147415871}, {"name": "GetThreadLocale", "args": [], "addr_func": "5242948", "addr": 4219005, "ret": 0}, {"name": "GetLocaleInfoA", "args": ["retval_GetThreadLocale_32827_32", 3, "", 5], "addr_func": "5242968", "addr": 4219011, "ret": "<BV32 retval_GetLocaleInfoA_32828_32>"}, {"name": "LoadStringA", "args": [4194304, 65494, "", 1024], "addr_func": "5243056", "addr": 4220957, "ret": "<BV32 retval_LoadStringA_32831_32>"}, {"name": "LoadStringA", "args": [4194304, 65493, "", 1024], "addr_func": "5243056", "addr": 4220957, "ret": "<BV32 retval_LoadStringA_32832_32>"}, {"name": "LoadStringA", "args": [4194304, 65491, "", 1024], "addr_func": "5243056", "addr": 4220957, "ret": "<BV32 retval_LoadStringA_32834_32>"}, {"name": "LoadStringA", "args": [4194304, 65492, "", 1024], "addr_func": "5243056", "addr": 4220957, "ret": "<BV32 retval_LoadStringA_32836_32>"}]}, "9": {"status": "ExcessLoop", "trace": [{"name": "main", "args": ["00ff73cf6fa793bc08d87ead13c5eac5"], "addr": 4316804, "ret": "symbolic", "addr_func": 4316804}, {"name": "GetModuleHandleA", "args": [0], "addr_func": "5242960", "addr": 4221404, "ret": 4194304}, {"name": "GetKeyboardType", "args": [0], "addr_func": "5243052", "addr": 4208809, "ret": 4}, {"name": "GetCommandLineA", "args": [], "addr_func": "5242976", "addr": 4221164, "ret": 0}, {"name": "GetStartupInfoA", "args": [2147417448], "addr_func": "5242952", "addr": 4199230, "ret": "None"}, {"name": "GetCurrentThreadId", "args": [], "addr_func": "5242912", "addr": 4221184, "ret": 0}, {"name": "GetModuleFileNameA", "args": [4194304, "PZM", 261], "addr_func": "5242964", "addr": 4218166, "ret": 3}, {"name": "GetModuleFileNameA", "args": [0, "00ff73cf6fa793bc08d87ead13c5eac5", 261], "addr_func": "5242964", "addr": 4218736, "ret": 32}, {"name": "RegOpenKeyExA", "args": [2147483649, "Software\\Borland\\Locales", 0, 983065, 2147416148], "addr_func": "5243072", "addr": 4218766, "ret": "<BV32 retval_RegOpenKeyExA_32767_32>"}, {"name": "RegOpenKeyExA", "args": [2147483650, "Software\\Borland\\Locales", 0, 983065, 2147416148], "addr_func": "5243072", "addr": 4218796, "ret": "<BV32 retval_RegOpenKeyExA_32768_32>"}, {"name": "GetModuleHandleA", "args": ["kernel32.dll"], "addr_func": "5242960", "addr": 4218297, "ret": 6295592}, {"name": "GetProcAddress", "args": [6295592, "GetLongPathNameA"], "addr_func": "5242956", "addr": 4218314, "ret": 6295596}, {"name": "GetLongPathNameA", "args": ["00ff73cf6fa793bc08d87ead13c5eac5", "", 261], "addr_func": "6295596", "addr": 4218341, "ret": "<BV32 retval_GetLongPathNameA_32772_32>"}, {"name": "lstrcpynA", "args": ["00", "00ff73cf6fa793bc08d87ead13c5eac5", 3], "addr_func": "5242940", "addr": 4218462, "ret": 2147415249}, {"name": "CharNextA", "args": ["f73cf6fa793bc08d87ead13c5eac5"], "addr_func": "5243064", "addr": 4218251, "ret": 2147415875}, {"name": "CharNextA", "args": ["73cf6fa793bc08d87ead13c5eac5"], "addr_func": "5243064", "addr": 4218251, "ret": 2147415876}, {"name": "CharNextA", "args": ["3cf6fa793bc08d87ead13c5eac5"], "addr_func": "5243064", "addr": 4218251, "ret": 2147415877}, {"name": "CharNextA", "args": ["cf6fa793bc08d87ead13c5eac5"], "addr_func": "5243064", "addr": 4218251, "ret": 2147415878}, {"name": "CharNextA", "args": ["f6fa793bc08d87ead13c5eac5"], "addr_func": "5243064", "addr": 4218251, "ret": 2147415879}, {"name": "CharNextA", "args": ["6fa793bc08d87ead13c5eac5"], "addr_func": "5243064", "addr": 4218251, "ret": 2147415880}, {"name": "CharNextA", "args": ["fa793bc08d87ead13c5eac5"], "addr_func": "5243064", "addr": 4218251, "ret": 2147415881}, {"name": "CharNextA", "args": ["a793bc08d87ead13c5eac5"], "addr_func": "5243064", "addr": 4218251, "ret": 2147415882}, {"name": "CharNextA", "args": ["793bc08d87ead13c5eac5"], "addr_func": "5243064", "addr": 4218251, "ret": 2147415883}, {"name": "CharNextA", "args": ["93bc08d87ead13c5eac5"], "addr_func": "5243064", "addr": 4218251, "ret": 2147415884}, {"name": "CharNextA", "args": ["3bc08d87ead13c5eac5"], "addr_func": "5243064", "addr": 4218251, "ret": 2147415885}, {"name": "CharNextA", "args": ["bc08d87ead13c5eac5"], "addr_func": "5243064", "addr": 4218251, "ret": 2147415886}, {"name": "CharNextA", "args": ["c08d87ead13c5eac5"], "addr_func": "5243064", "addr": 4218251, "ret": 2147415887}, {"name": "CharNextA", "args": ["08d87ead13c5eac5"], "addr_func": "5243064", "addr": 4218251, "ret": 2147415888}, {"name": "CharNextA", "args": ["8d87ead13c5eac5"], "addr_func": "5243064", "addr": 4218251, "ret": 2147415889}, {"name": "CharNextA", "args": ["d87ead13c5eac5"], "addr_func": "5243064", "addr": 4218251, "ret": 2147415890}, {"name": "CharNextA", "args": ["87ead13c5eac5"], "addr_func": "5243064", "addr": 4218251, "ret": 2147415891}, {"name": "CharNextA", "args": ["7ead13c5eac5"], "addr_func": "5243064", "addr": 4218251, "ret": 2147415892}, {"name": "CharNextA", "args": ["ead13c5eac5"], "addr_func": "5243064", "addr": 4218251, "ret": 2147415893}, {"name": "CharNextA", "args": ["ad13c5eac5"], "addr_func": "5243064", "addr": 4218251, "ret": 2147415894}, {"name": "CharNextA", "args": ["d13c5eac5"], "addr_func": "5243064", "addr": 4218251, "ret": 2147415895}, {"name": "CharNextA", "args": ["13c5eac5"], "addr_func": "5243064", "addr": 4218251, "ret": 2147415896}, {"name": "CharNextA", "args": ["3c5eac5"], "addr_func": "5243064", "addr": 4218251, "ret": 2147415897}, {"name": "CharNextA", "args": ["c5eac5"], "addr_func": "5243064", "addr": 4218251, "ret": 2147415898}, {"name": "CharNextA", "args": ["5eac5"], "addr_func": "5243064", "addr": 4218251, "ret": 2147415899}, {"name": "CharNextA", "args": ["eac5"], "addr_func": "5243064", "addr": 4218251, "ret": 2147415900}, {"name": "CharNextA", "args": ["ac5"], "addr_func": "5243064", "addr": 4218251, "ret": 2147415901}, {"name": "CharNextA", "args": ["c5"], "addr_func": "5243064", "addr": 4218251, "ret": 2147415902}, {"name": "CharNextA", "args": ["5"], "addr_func": "5243064", "addr": 4218251, "ret": 2147415903}, {"name": "lstrcpynA", "args": ["ff73cf6fa793bc08d87ead13c5eac5", "ff73cf6fa793bc08d87ead13c5eac5", 31], "addr_func": "5242940", "addr": 4218515, "ret": 2147415251}, {"name": "FindFirstFileA", "args": ["00ff73cf6fa793bc08d87ead13c5eac5", 2147415510], "addr_func": "5242984", "addr": 4218534, "ret": "<BV32 retval_FindFirstFileA_32817_32>"}, {"name": "FindClose", "args": ["retval_FindFirstFileA_32817_32"], "addr_func": "5242988", "addr": 4218547, "ret": "<BV32 retval_FindClose_32818_32>"}, {"name": "lstrlenA", "args": [""], "addr_func": "5242936", "addr": 4218559, "ret": 0}, {"name": "lstrcpynA", "args": ["", "", 258], "addr_func": "5242940", "addr": 4218611, "ret": 2147415252}, {"name": "lstrlenA", "args": [""], "addr_func": "5242936", "addr": 4218623, "ret": 0}, {"name": "lstrcpynA", "args": ["00\\", "00\\", 261], "addr_func": "5242940", "addr": 4218657, "ret": 2147415871}, {"name": "RegQueryValueExA", "args": [4218171, "00\\", 0, 0, 2147416138, 2147416132], "addr_func": "5243068", "addr": 4218899, "ret": "<BV32 retval_RegQueryValueExA_32823_32>"}, {"name": "RegCloseKey", "args": [4218171], "addr_func": "5243076", "addr": 4218963, "ret": "<BV32 retval_RegCloseKey_32824_32>"}, {"name": "lstrcpynA", "args": ["PZM", "PZM", 261], "addr_func": "5242940", "addr": 4218992, "ret": 2147415871}, {"name": "GetThreadLocale", "args": [], "addr_func": "5242948", "addr": 4219005, "ret": 0}, {"name": "GetLocaleInfoA", "args": ["retval_GetThreadLocale_32827_32", 3, "", 5], "addr_func": "5242968", "addr": 4219011, "ret": "<BV32 retval_GetLocaleInfoA_32828_32>"}, {"name": "LoadStringA", "args": [4194304, 65494, "", 1024], "addr_func": "5243056", "addr": 4220957, "ret": "<BV32 retval_LoadStringA_32831_32>"}, {"name": "LoadStringA", "args": [4194304, 65493, "", 1024], "addr_func": "5243056", "addr": 4220957, "ret": "<BV32 retval_LoadStringA_32832_32>"}, {"name": "LoadStringA", "args": [4194304, 65491, "", 1024], "addr_func": "5243056", "addr": 4220957, "ret": "<BV32 retval_LoadStringA_32834_32>"}, {"name": "LoadStringA", "args": [4194304, 65492, "", 1024], "addr_func": "5243056", "addr": 4220957, "ret": "<BV32 retval_LoadStringA_32837_32>"}]}, "10": {"status": "ExcessLoop", "trace": [{"name": "main", "args": ["00ff73cf6fa793bc08d87ead13c5eac5"], "addr": 4316804, "ret": "symbolic", "addr_func": 4316804}, {"name": "GetModuleHandleA", "args": [0], "addr_func": "5242960", "addr": 4221404, "ret": 4194304}, {"name": "GetKeyboardType", "args": [0], "addr_func": "5243052", "addr": 4208809, "ret": 4}, {"name": "GetCommandLineA", "args": [], "addr_func": "5242976", "addr": 4221164, "ret": 0}, {"name": "GetStartupInfoA", "args": [2147417448], "addr_func": "5242952", "addr": 4199230, "ret": "None"}, {"name": "GetCurrentThreadId", "args": [], "addr_func": "5242912", "addr": 4221184, "ret": 0}, {"name": "GetModuleFileNameA", "args": [4194304, "PZM", 261], "addr_func": "5242964", "addr": 4218166, "ret": 3}, {"name": "GetModuleFileNameA", "args": [0, "00ff73cf6fa793bc08d87ead13c5eac5", 261], "addr_func": "5242964", "addr": 4218736, "ret": 32}, {"name": "RegOpenKeyExA", "args": [2147483649, "Software\\Borland\\Locales", 0, 983065, 2147416148], "addr_func": "5243072", "addr": 4218766, "ret": "<BV32 retval_RegOpenKeyExA_32767_32>"}, {"name": "RegOpenKeyExA", "args": [2147483650, "Software\\Borland\\Locales", 0, 983065, 2147416148], "addr_func": "5243072", "addr": 4218796, "ret": "<BV32 retval_RegOpenKeyExA_32768_32>"}, {"name": "GetModuleHandleA", "args": ["kernel32.dll"], "addr_func": "5242960", "addr": 4218297, "ret": 6295592}, {"name": "GetProcAddress", "args": [6295592, "GetLongPathNameA"], "addr_func": "5242956", "addr": 4218314, "ret": 6295596}, {"name": "GetLongPathNameA", "args": ["00ff73cf6fa793bc08d87ead13c5eac5", "", 261], "addr_func": "6295596", "addr": 4218341, "ret": "<BV32 retval_GetLongPathNameA_32772_32>"}, {"name": "lstrcpynA", "args": ["", "", 261], "addr_func": "5242940", "addr": 4218362, "ret": 2147415871}, {"name": "RegQueryValueExA", "args": [4218171, "", 0, 0, 2147416138, 2147416132], "addr_func": "5243068", "addr": 4218899, "ret": "<BV32 retval_RegQueryValueExA_32776_32>"}, {"name": "RegCloseKey", "args": [4218171], "addr_func": "5243076", "addr": 4218963, "ret": "<BV32 retval_RegCloseKey_32780_32>"}, {"name": "lstrcpynA", "args": ["PZM", "PZM", 261], "addr_func": "5242940", "addr": 4218992, "ret": 2147415871}, {"name": "GetThreadLocale", "args": [], "addr_func": "5242948", "addr": 4219005, "ret": 0}, {"name": "GetLocaleInfoA", "args": ["retval_GetThreadLocale_32789_32", 3, "", 5], "addr_func": "5242968", "addr": 4219011, "ret": "<BV32 retval_GetLocaleInfoA_32792_32>"}, {"name": "LoadStringA", "args": [4194304, 65494, "", 1024], "addr_func": "5243056", "addr": 4220957, "ret": "<BV32 retval_LoadStringA_32800_32>"}, {"name": "LoadStringA", "args": [4194304, 65493, "", 1024], "addr_func": "5243056", "addr": 4220957, "ret": "<BV32 retval_LoadStringA_32806_32>"}, {"name": "LoadStringA", "args": [4194304, 65491, "", 1024], "addr_func": "5243056", "addr": 4220957, "ret": "<BV32 retval_LoadStringA_32809_32>"}]}, "sections": {"CODE": {"vaddr": 4198400, "memsize": 137064, "is_readable": true, "is_writable": false, "is_executable": true}, "DATA": {"vaddr": 4337664, "memsize": 2436, "is_readable": true, "is_writable": true, "is_executable": false}, "BSS": {"vaddr": 4341760, "memsize": 2701, "is_readable": true, "is_writable": true, "is_executable": false}, ".idata": {"vaddr": 4345856, "memsize": 3934, "is_readable": true, "is_writable": true, "is_executable": false}, ".tls": {"vaddr": 4349952, "memsize": 12, "is_readable": true, "is_writable": true, "is_executable": false}, ".rdata": {"vaddr": 4354048, "memsize": 24, "is_readable": true, "is_writable": false, "is_executable": false}, ".reloc": {"vaddr": 4358144, "memsize": 8932, "is_readable": true, "is_writable": false, "is_executable": false}, ".rsrc": {"vaddr": 4370432, "memsize": 7968, "is_readable": true, "is_writable": false, "is_executable": false}}}