{"0": {"status": "active", "trace": [{"name": "main", "args": ["a03a623d1279c0b04d4459eb50c15e5a"], "addr": 4229740, "ret": "symbolic", "addr_func": 4229740}, {"name": "GetModuleHandleA", "args": [0], "addr_func": "5242904", "addr": 4208112, "ret": 4194304}, {"name": "GetProcessHeap", "args": [], "addr_func": "5243060", "addr": 4207897, "ret": 0}, {"name": "GetCurrentThreadId", "args": [], "addr_func": "5242976", "addr": 4207922, "ret": 0}, {"name": "GetModuleHandleA", "args": ["kernel32.dll"], "addr_func": "5242904", "addr": 4210722, "ret": 6295592}, {"name": "GetProcAddress", "args": [6295592, "GetDiskFreeSpaceExA"], "addr_func": "5242900", "addr": 4210739, "ret": 6295596}, {"name": "GetVersionExA", "args": [4244808], "addr_func": "5242896", "addr": 4211055, "ret": "<BV32 retval_GetVersionExA_32767_32>"}, {"name": "HeapAlloc", "args": [1, 0, 16], "addr_func": "5243056", "addr": 4198805, "ret": 3221258256}, {"name": "HeapAlloc", "args": [1, 0, 10], "addr_func": "5243056", "addr": 4198805, "ret": 3221258280}, {"name": "HeapAlloc", "args": [1, 0, 10], "addr_func": "5243056", "addr": 4198805, "ret": 3221258304}, {"name": "HeapReAlloc", "args": [1, 0, 3221258280, 11], "addr_func": "5243052", "addr": 4198865, "ret": 3221258280}, {"name": "HeapAlloc", "args": [1, 0, 10], "addr_func": "5243056", "addr": 4198805, "ret": 3221258328}, {"name": "HeapFree", "args": [1, 0, 3221258304], "addr_func": "5243048", "addr": 4198831, "ret": 1}, {"name": "HeapReAlloc", "args": [1, 0, 3221258280, 12], "addr_func": "5243052", "addr": 4198865, "ret": 3221258280}, {"name": "HeapAlloc", "args": [1, 0, 10], "addr_func": "5243056", "addr": 4198805, "ret": 3221258352}, {"name": "HeapFree", "args": [1, 0, 3221258328], "addr_func": "5243048", "addr": 4198831, "ret": 1}, {"name": "HeapReAlloc", "args": [1, 0, 3221258280, 13], "addr_func": "5243052", "addr": 4198865, "ret": 3221258280}, {"name": "HeapAlloc", "args": [1, 0, 10], "addr_func": "5243056", "addr": 4198805, "ret": 3221258376}, {"name": "HeapFree", "args": [1, 0, 3221258352], "addr_func": "5243048", "addr": 4198831, "ret": 1}, {"name": "HeapReAlloc", "args": [1, 0, 3221258280, 14], "addr_func": "5243052", "addr": 4198865, "ret": 3221258280}, {"name": "HeapAlloc", "args": [1, 0, 10], "addr_func": "5243056", "addr": 4198805, "ret": 3221258400}, {"name": "HeapFree", "args": [1, 0, 3221258376], "addr_func": "5243048", "addr": 4198831, "ret": 1}, {"name": "HeapReAlloc", "args": [1, 0, 3221258280, 15], "addr_func": "5243052", "addr": 4198865, "ret": 3221258280}, {"name": "HeapAlloc", "args": [1, 0, 10], "addr_func": "5243056", "addr": 4198805, "ret": 3221258424}, {"name": "HeapFree", "args": [1, 0, 3221258400], "addr_func": "5243048", "addr": 4198831, "ret": 1}, {"name": "HeapReAlloc", "args": [1, 0, 3221258280, 16], "addr_func": "5243052", "addr": 4198865, "ret": 3221258280}, {"name": "HeapAlloc", "args": [1, 0, 10], "addr_func": "5243056", "addr": 4198805, "ret": 3221258448}, {"name": "HeapFree", "args": [1, 0, 3221258424], "addr_func": "5243048", "addr": 4198831, "ret": 1}, {"name": "HeapReAlloc", "args": [1, 0, 3221258280, 17], "addr_func": "5243052", "addr": 4198865, "ret": 3221258472}, {"name": "HeapAlloc", "args": [1, 0, 10], "addr_func": "5243056", "addr": 4198805, "ret": 3221258280}, {"name": "HeapFree", "args": [1, 0, 3221258448], "addr_func": "5243048", "addr": 4198831, "ret": 1}, {"name": "HeapReAlloc", "args": [1, 0, 3221258472, 18], "addr_func": "5243052", "addr": 4198865, "ret": 3221258472}, {"name": "HeapAlloc", "args": [1, 0, 10], "addr_func": "5243056", "addr": 4198805, "ret": 3221258504}, {"name": "HeapFree", "args": [1, 0, 3221258280], "addr_func": "5243048", "addr": 4198831, "ret": 1}, {"name": "HeapReAlloc", "args": [1, 0, 3221258472, 19], "addr_func": "5243052", "addr": 4198865, "ret": 3221258472}, {"name": "HeapAlloc", "args": [1, 0, 10], "addr_func": "5243056", "addr": 4198805, "ret": 3221258528}, {"name": "HeapFree", "args": [1, 0, 3221258504], "addr_func": "5243048", "addr": 4198831, "ret": 1}, {"name": "HeapReAlloc", "args": [1, 0, 3221258472, 20], "addr_func": "5243052", "addr": 4198865, "ret": 3221258472}, {"name": "HeapAlloc", "args": [1, 0, 10], "addr_func": "5243056", "addr": 4198805, "ret": 3221258552}, {"name": "HeapFree", "args": [1, 0, 3221258528], "addr_func": "5243048", "addr": 4198831, "ret": 1}, {"name": "HeapReAlloc", "args": [1, 0, 3221258472, 21], "addr_func": "5243052", "addr": 4198865, "ret": 3221258472}, {"name": "HeapFree", "args": [1, 0, 3221258552], "addr_func": "5243048", "addr": 4198831, "ret": 1}, {"name": "LoadLibraryA", "args": ["kernel32.dll"], "addr_func": "5242880", "addr": 4214130, "ret": 6295592}]}, "sections": {"CODE": {"vaddr": 4198400, "memsize": 31556, "is_readable": true, "is_writable": false, "is_executable": true}, "DATA": {"vaddr": 4231168, "memsize": 5896, "is_readable": true, "is_writable": true, "is_executable": false}, "BSS": {"vaddr": 4239360, "memsize": 7693, "is_readable": true, "is_writable": true, "is_executable": false}, ".idata": {"vaddr": 4247552, "memsize": 1846, "is_readable": true, "is_writable": true, "is_executable": false}, ".tls": {"vaddr": 4251648, "memsize": 8, "is_readable": true, "is_writable": true, "is_executable": false}, ".rdata": {"vaddr": 4255744, "memsize": 24, "is_readable": true, "is_writable": false, "is_executable": false}, ".reloc": {"vaddr": 4259840, "memsize": 2236, "is_readable": true, "is_writable": false, "is_executable": false}, ".rsrc": {"vaddr": 4263936, "memsize": 120, "is_readable": true, "is_writable": false, "is_executable": false}}}