{"0": {"status": "deadendend", "trace": [{"name": "main", "args": ["a05bc4071896cd9e444496b0ae5274b6"], "addr": 268798648, "ret": "symbolic", "addr_func": 268798648}, {"name": "GetModuleHandleA", "args": [0], "addr_func": "269484124", "addr": 268462704, "ret": 268435456}, {"name": "GetKeyboardType", "args": [0], "addr_func": "269484188", "addr": 268448929, "ret": 4}, {"name": "GetCommandLineA", "args": [], "addr_func": "269484140", "addr": 268462363, "ret": 0}, {"name": "GetStartupInfoA", "args": [2147417296], "addr_func": "269484116", "addr": 268440442, "ret": "None"}, {"name": "GetVersion", "args": [], "addr_func": "269484072", "addr": 268462383, "ret": 0}, {"name": "GetVersion", "args": [], "addr_func": "269484072", "addr": 268462400, "ret": 0}, {"name": "GetThreadLocale", "args": [], "addr_func": "269484112", "addr": 268462428, "ret": 0}, {"name": "GetLocaleInfoA", "args": ["retval_GetThreadLocale_32771_32", 4100, "", 7], "addr_func": "269484132", "addr": 268462098, "ret": "<BV32 retval_GetLocaleInfoA_32772_32>"}, {"name": "GetCurrentThreadId", "args": [], "addr_func": "269484076", "addr": 268462460, "ret": 0}, {"name": "GetModuleFileNameA", "args": [268435456, "PZM", 261], "addr_func": "269484128", "addr": 268459026, "ret": 3}, {"name": "GetModuleFileNameA", "args": [0, "a05bc4071896cd9e444496b0ae5274b6", 261], "addr_func": "269484128", "addr": 268459683, "ret": 32}, {"name": "RegOpenKeyExA", "args": [2147483649, "Software\\Borland\\Locales", 0, 983065, 2147412908], "addr_func": "269484208", "addr": 268459713, "ret": "<BV32 retval_RegOpenKeyExA_32797_32>"}, {"name": "GetModuleHandleA", "args": ["kernel32.dll"], "addr_func": "269484124", "addr": 268459213, "ret": 270536744}, {"name": "GetProcAddress", "args": [270536744, "GetLongPathNameA"], "addr_func": "269484120", "addr": 268459230, "ret": 270536748}, {"name": "GetLongPathNameA", "args": ["a05bc4071896cd9e444496b0ae5274b6", "", 261], "addr_func": "270536748", "addr": 268459260, "ret": "<BV32 retval_GetLongPathNameA_32812_32>"}, {"name": "lstrcpynA", "args": ["", "", 261], "addr_func": "269484104", "addr": 268459282, "ret": 2147412627}, {"name": "RegQueryValueExA", "args": [268459031, "", 0, 0, 2147412898, 2147412892], "addr_func": "269484204", "addr": 268459846, "ret": "<BV32 retval_RegQueryValueExA_32819_32>"}, {"name": "RegQueryValueExA", "args": [268459031, "", 0, 0, 2147412898, 2147412892], "addr_func": "269484204", "addr": 268459876, "ret": "<BV32 retval_RegQueryValueExA_32822_32>"}, {"name": "RegCloseKey", "args": [268459031], "addr_func": "269484212", "addr": 268459910, "ret": "<BV32 retval_RegCloseKey_32824_32>"}, {"name": "lstrcpynA", "args": ["PZM", "PZM", 261], "addr_func": "269484104", "addr": 268459939, "ret": 2147412627}, {"name": "GetThreadLocale", "args": [], "addr_func": "269484112", "addr": 268459952, "ret": 0}, {"name": "GetLocaleInfoA", "args": ["retval_GetThreadLocale_32835_32", 3, "", 5], "addr_func": "269484132", "addr": 268459958, "ret": "<BV32 retval_GetLocaleInfoA_32838_32>"}, {"name": "LoadStringA", "args": [268435456, 65472, 2147413232, 4096], "addr_func": "269484192", "addr": 268462022, "ret": "<BV32 retval_LoadStringA_32848_32>"}, {"name": "LoadStringA", "args": [268435456, 65503, 2147413232, 4096], "addr_func": "269484192", "addr": 268462022, "ret": "<BV32 retval_LoadStringA_32852_32>"}, {"name": "LoadStringA", "args": [268435456, 65501, 2147413232, 4096], "addr_func": "269484192", "addr": 268462022, "ret": "<BV32 retval_LoadStringA_32855_32>"}, {"name": "LoadStringA", "args": [268435456, 65502, 2147413232, 4096], "addr_func": "269484192", "addr": 268462022, "ret": "<BV32 retval_LoadStringA_32859_32>"}, {"name": "InitializeCriticalSection", "args": [268817868], "addr_func": "269484044", "addr": 268442611, "ret": "None"}, {"name": "LocalAlloc", "args": [0, 4088], "addr_func": "269484060", "addr": 268442672, "ret": 3221258256}, {"name": "MessageBoxA", "args": [0, "Runtime error 203 at 10002AAC", "Error", 0], "addr_func": "269484196", "addr": 268452764, "ret": 1}, {"name": "LocalFree", "args": [3221258256], "addr_func": "269484056", "addr": 268442869, "ret": "<BV32 retval_LocalFree_32887_32>"}, {"name": "DeleteCriticalSection", "args": [268817868], "addr_func": "269484032", "addr": 268443042, "ret": "None"}, {"name": "ExitProcess", "args": [], "addr_func": "269484160", "addr": 268452979, "ret": 0}]}, "1": {"status": "active", "trace": [{"name": "main", "args": ["a05bc4071896cd9e444496b0ae5274b6"], "addr": 268798648, "ret": "symbolic", "addr_func": 268798648}, {"name": "GetModuleHandleA", "args": [0], "addr_func": "269484124", "addr": 268462704, "ret": 268435456}, {"name": "GetKeyboardType", "args": [0], "addr_func": "269484188", "addr": 268448929, "ret": 4}, {"name": "GetCommandLineA", "args": [], "addr_func": "269484140", "addr": 268462363, "ret": 0}, {"name": "GetStartupInfoA", "args": [2147417296], "addr_func": "269484116", "addr": 268440442, "ret": "None"}, {"name": "GetVersion", "args": [], "addr_func": "269484072", "addr": 268462383, "ret": 0}, {"name": "GetVersion", "args": [], "addr_func": "269484072", "addr": 268462400, "ret": 0}, {"name": "GetThreadLocale", "args": [], "addr_func": "269484112", "addr": 268462428, "ret": 0}, {"name": "GetLocaleInfoA", "args": ["retval_GetThreadLocale_32771_32", 4100, "", 7], "addr_func": "269484132", "addr": 268462098, "ret": "<BV32 retval_GetLocaleInfoA_32772_32>"}, {"name": "GetCurrentThreadId", "args": [], "addr_func": "269484076", "addr": 268462460, "ret": 0}, {"name": "GetModuleFileNameA", "args": [268435456, "PZM", 261], "addr_func": "269484128", "addr": 268459026, "ret": 3}, {"name": "GetModuleFileNameA", "args": [0, "a05bc4071896cd9e444496b0ae5274b6", 261], "addr_func": "269484128", "addr": 268459683, "ret": 32}, {"name": "RegOpenKeyExA", "args": [2147483649, "Software\\Borland\\Locales", 0, 983065, 2147412908], "addr_func": "269484208", "addr": 268459713, "ret": "<BV32 retval_RegOpenKeyExA_32797_32>"}, {"name": "GetModuleHandleA", "args": ["kernel32.dll"], "addr_func": "269484124", "addr": 268459213, "ret": 270536744}, {"name": "GetProcAddress", "args": [270536744, "GetLongPathNameA"], "addr_func": "269484120", "addr": 268459230, "ret": 270536748}, {"name": "GetLongPathNameA", "args": ["a05bc4071896cd9e444496b0ae5274b6", "", 261], "addr_func": "270536748", "addr": 268459260, "ret": "<BV32 retval_GetLongPathNameA_32812_32>"}, {"name": "lstrcpynA", "args": ["", "", 261], "addr_func": "269484104", "addr": 268459282, "ret": 2147412627}, {"name": "RegQueryValueExA", "args": [268459031, "", 0, 0, 2147412898, 2147412892], "addr_func": "269484204", "addr": 268459846, "ret": "<BV32 retval_RegQueryValueExA_32819_32>"}, {"name": "RegQueryValueExA", "args": [268459031, "", 0, 0, 2147412898, 2147412892], "addr_func": "269484204", "addr": 268459876, "ret": "<BV32 retval_RegQueryValueExA_32822_32>"}, {"name": "RegCloseKey", "args": [268459031], "addr_func": "269484212", "addr": 268459910, "ret": "<BV32 retval_RegCloseKey_32824_32>"}, {"name": "lstrcpynA", "args": ["PZM", "PZM", 261], "addr_func": "269484104", "addr": 268459939, "ret": 2147412627}, {"name": "GetThreadLocale", "args": [], "addr_func": "269484112", "addr": 268459952, "ret": 0}, {"name": "GetLocaleInfoA", "args": ["retval_GetThreadLocale_32835_32", 3, "", 5], "addr_func": "269484132", "addr": 268459958, "ret": "<BV32 retval_GetLocaleInfoA_32838_32>"}, {"name": "LoadStringA", "args": [268435456, 65472, 2147413232, 4096], "addr_func": "269484192", "addr": 268462022, "ret": "<BV32 retval_LoadStringA_32848_32>"}, {"name": "LoadStringA", "args": [268435456, 65503, 2147413232, 4096], "addr_func": "269484192", "addr": 268462022, "ret": "<BV32 retval_LoadStringA_32852_32>"}, {"name": "LoadStringA", "args": [268435456, 65501, 2147413232, 4096], "addr_func": "269484192", "addr": 268462022, "ret": "<BV32 retval_LoadStringA_32855_32>"}, {"name": "LoadStringA", "args": [268435456, 65502, 2147413232, 4096], "addr_func": "269484192", "addr": 268462022, "ret": "<BV32 retval_LoadStringA_32859_32>"}, {"name": "InitializeCriticalSection", "args": [268817868], "addr_func": "269484044", "addr": 268442611, "ret": "None"}, {"name": "LocalAlloc", "args": [0, 4088], "addr_func": "269484060", "addr": 268442672, "ret": 3221258256}]}, "2": {"status": "active", "trace": [{"name": "main", "args": ["a05bc4071896cd9e444496b0ae5274b6"], "addr": 268798648, "ret": "symbolic", "addr_func": 268798648}, {"name": "GetModuleHandleA", "args": [0], "addr_func": "269484124", "addr": 268462704, "ret": 268435456}, {"name": "GetKeyboardType", "args": [0], "addr_func": "269484188", "addr": 268448929, "ret": 4}, {"name": "GetCommandLineA", "args": [], "addr_func": "269484140", "addr": 268462363, "ret": 0}, {"name": "GetStartupInfoA", "args": [2147417296], "addr_func": "269484116", "addr": 268440442, "ret": "None"}, {"name": "GetVersion", "args": [], "addr_func": "269484072", "addr": 268462383, "ret": 0}, {"name": "GetVersion", "args": [], "addr_func": "269484072", "addr": 268462400, "ret": 0}, {"name": "GetThreadLocale", "args": [], "addr_func": "269484112", "addr": 268462428, "ret": 0}, {"name": "GetLocaleInfoA", "args": ["retval_GetThreadLocale_32771_32", 4100, "", 7], "addr_func": "269484132", "addr": 268462098, "ret": "<BV32 retval_GetLocaleInfoA_32772_32>"}, {"name": "GetCurrentThreadId", "args": [], "addr_func": "269484076", "addr": 268462460, "ret": 0}, {"name": "GetModuleFileNameA", "args": [268435456, "PZM", 261], "addr_func": "269484128", "addr": 268459026, "ret": 3}, {"name": "GetModuleFileNameA", "args": [0, "a05bc4071896cd9e444496b0ae5274b6", 261], "addr_func": "269484128", "addr": 268459683, "ret": 32}, {"name": "RegOpenKeyExA", "args": [2147483649, "Software\\Borland\\Locales", 0, 983065, 2147412908], "addr_func": "269484208", "addr": 268459713, "ret": "<BV32 retval_RegOpenKeyExA_32797_32>"}, {"name": "GetModuleHandleA", "args": ["kernel32.dll"], "addr_func": "269484124", "addr": 268459213, "ret": 270536744}, {"name": "GetProcAddress", "args": [270536744, "GetLongPathNameA"], "addr_func": "269484120", "addr": 268459230, "ret": 270536748}, {"name": "GetLongPathNameA", "args": ["a05bc4071896cd9e444496b0ae5274b6", "", 261], "addr_func": "270536748", "addr": 268459260, "ret": "<BV32 retval_GetLongPathNameA_32812_32>"}, {"name": "lstrcpynA", "args": ["", "", 261], "addr_func": "269484104", "addr": 268459282, "ret": 2147412627}, {"name": "RegQueryValueExA", "args": [268459031, "", 0, 0, 2147412898, 2147412892], "addr_func": "269484204", "addr": 268459846, "ret": "<BV32 retval_RegQueryValueExA_32819_32>"}, {"name": "RegQueryValueExA", "args": [268459031, "", 0, 0, 2147412898, 2147412892], "addr_func": "269484204", "addr": 268459876, "ret": "<BV32 retval_RegQueryValueExA_32822_32>"}, {"name": "RegCloseKey", "args": [268459031], "addr_func": "269484212", "addr": 268459910, "ret": "<BV32 retval_RegCloseKey_32824_32>"}, {"name": "lstrcpynA", "args": ["PZM", "PZM", 261], "addr_func": "269484104", "addr": 268459939, "ret": 2147412627}, {"name": "GetThreadLocale", "args": [], "addr_func": "269484112", "addr": 268459952, "ret": 0}, {"name": "GetLocaleInfoA", "args": ["retval_GetThreadLocale_32835_32", 3, "", 5], "addr_func": "269484132", "addr": 268459958, "ret": "<BV32 retval_GetLocaleInfoA_32838_32>"}, {"name": "LoadStringA", "args": [268435456, 65472, 2147413232, 4096], "addr_func": "269484192", "addr": 268462022, "ret": "<BV32 retval_LoadStringA_32848_32>"}, {"name": "LoadStringA", "args": [268435456, 65503, 2147413232, 4096], "addr_func": "269484192", "addr": 268462022, "ret": "<BV32 retval_LoadStringA_32852_32>"}, {"name": "LoadStringA", "args": [268435456, 65501, 2147413232, 4096], "addr_func": "269484192", "addr": 268462022, "ret": "<BV32 retval_LoadStringA_32855_32>"}, {"name": "LoadStringA", "args": [268435456, 65502, 2147413232, 4096], "addr_func": "269484192", "addr": 268462022, "ret": "<BV32 retval_LoadStringA_32860_32>"}, {"name": "InitializeCriticalSection", "args": [268817868], "addr_func": "269484044", "addr": 268442611, "ret": "None"}, {"name": "LocalAlloc", "args": [0, 4088], "addr_func": "269484060", "addr": 268442672, "ret": 3221258256}, {"name": "VirtualAlloc", "args": [0, 1048576, 8192, 1], "addr_func": "269484052", "addr": 268441195, "ret": 3222798336}, {"name": "LocalAlloc", "args": [0, 1604], "addr_func": "269484060", "addr": 268440553, "ret": 3221262352}, {"name": "VirtualAlloc", "args": [3222798336, "retval_LoadStringA_32860_32", 4096, 4], "addr_func": "269484052", "addr": 268441721, "ret": 3222798336}]}, "3": {"status": "active", "trace": [{"name": "main", "args": ["a05bc4071896cd9e444496b0ae5274b6"], "addr": 268798648, "ret": "symbolic", "addr_func": 268798648}, {"name": "GetModuleHandleA", "args": [0], "addr_func": "269484124", "addr": 268462704, "ret": 268435456}, {"name": "GetKeyboardType", "args": [0], "addr_func": "269484188", "addr": 268448929, "ret": 4}, {"name": "GetCommandLineA", "args": [], "addr_func": "269484140", "addr": 268462363, "ret": 0}, {"name": "GetStartupInfoA", "args": [2147417296], "addr_func": "269484116", "addr": 268440442, "ret": "None"}, {"name": "GetVersion", "args": [], "addr_func": "269484072", "addr": 268462383, "ret": 0}, {"name": "GetVersion", "args": [], "addr_func": "269484072", "addr": 268462400, "ret": 0}, {"name": "GetThreadLocale", "args": [], "addr_func": "269484112", "addr": 268462428, "ret": 0}, {"name": "GetLocaleInfoA", "args": ["retval_GetThreadLocale_32771_32", 4100, "", 7], "addr_func": "269484132", "addr": 268462098, "ret": "<BV32 retval_GetLocaleInfoA_32772_32>"}, {"name": "GetCurrentThreadId", "args": [], "addr_func": "269484076", "addr": 268462460, "ret": 0}, {"name": "GetModuleFileNameA", "args": [268435456, "PZM", 261], "addr_func": "269484128", "addr": 268459026, "ret": 3}, {"name": "GetModuleFileNameA", "args": [0, "a05bc4071896cd9e444496b0ae5274b6", 261], "addr_func": "269484128", "addr": 268459683, "ret": 32}, {"name": "RegOpenKeyExA", "args": [2147483649, "Software\\Borland\\Locales", 0, 983065, 2147412908], "addr_func": "269484208", "addr": 268459713, "ret": "<BV32 retval_RegOpenKeyExA_32797_32>"}, {"name": "GetModuleHandleA", "args": ["kernel32.dll"], "addr_func": "269484124", "addr": 268459213, "ret": 270536744}, {"name": "GetProcAddress", "args": [270536744, "GetLongPathNameA"], "addr_func": "269484120", "addr": 268459230, "ret": 270536748}, {"name": "GetLongPathNameA", "args": ["a05bc4071896cd9e444496b0ae5274b6", "", 261], "addr_func": "270536748", "addr": 268459260, "ret": "<BV32 retval_GetLongPathNameA_32812_32>"}, {"name": "lstrcpynA", "args": ["", "", 261], "addr_func": "269484104", "addr": 268459282, "ret": 2147412627}, {"name": "RegQueryValueExA", "args": [268459031, "", 0, 0, 2147412898, 2147412892], "addr_func": "269484204", "addr": 268459846, "ret": "<BV32 retval_RegQueryValueExA_32819_32>"}, {"name": "RegQueryValueExA", "args": [268459031, "", 0, 0, 2147412898, 2147412892], "addr_func": "269484204", "addr": 268459876, "ret": "<BV32 retval_RegQueryValueExA_32822_32>"}, {"name": "RegCloseKey", "args": [268459031], "addr_func": "269484212", "addr": 268459910, "ret": "<BV32 retval_RegCloseKey_32824_32>"}, {"name": "lstrcpynA", "args": ["PZM", "PZM", 261], "addr_func": "269484104", "addr": 268459939, "ret": 2147412627}, {"name": "GetThreadLocale", "args": [], "addr_func": "269484112", "addr": 268459952, "ret": 0}, {"name": "GetLocaleInfoA", "args": ["retval_GetThreadLocale_32835_32", 3, "", 5], "addr_func": "269484132", "addr": 268459958, "ret": "<BV32 retval_GetLocaleInfoA_32838_32>"}, {"name": "LoadStringA", "args": [268435456, 65472, 2147413232, 4096], "addr_func": "269484192", "addr": 268462022, "ret": "<BV32 retval_LoadStringA_32848_32>"}, {"name": "LoadStringA", "args": [268435456, 65503, 2147413232, 4096], "addr_func": "269484192", "addr": 268462022, "ret": "<BV32 retval_LoadStringA_32852_32>"}, {"name": "LoadStringA", "args": [268435456, 65501, 2147413232, 4096], "addr_func": "269484192", "addr": 268462022, "ret": "<BV32 retval_LoadStringA_32855_32>"}, {"name": "LoadStringA", "args": [268435456, 65502, 2147413232, 4096], "addr_func": "269484192", "addr": 268462022, "ret": "<BV32 retval_LoadStringA_32860_32>"}, {"name": "InitializeCriticalSection", "args": [268817868], "addr_func": "269484044", "addr": 268442611, "ret": "None"}, {"name": "LocalAlloc", "args": [0, 4088], "addr_func": "269484060", "addr": 268442672, "ret": 3221258256}, {"name": "VirtualAlloc", "args": [0, 1048576, 8192, 1], "addr_func": "269484052", "addr": 268441195, "ret": 3222798336}, {"name": "LocalAlloc", "args": [0, 1604], "addr_func": "269484060", "addr": 268440553, "ret": 3221262352}]}, "4": {"status": "active", "trace": [{"name": "main", "args": ["a05bc4071896cd9e444496b0ae5274b6"], "addr": 268798648, "ret": "symbolic", "addr_func": 268798648}, {"name": "GetModuleHandleA", "args": [0], "addr_func": "269484124", "addr": 268462704, "ret": 268435456}, {"name": "GetKeyboardType", "args": [0], "addr_func": "269484188", "addr": 268448929, "ret": 4}, {"name": "GetCommandLineA", "args": [], "addr_func": "269484140", "addr": 268462363, "ret": 0}, {"name": "GetStartupInfoA", "args": [2147417296], "addr_func": "269484116", "addr": 268440442, "ret": "None"}, {"name": "GetVersion", "args": [], "addr_func": "269484072", "addr": 268462383, "ret": 0}, {"name": "GetVersion", "args": [], "addr_func": "269484072", "addr": 268462400, "ret": 0}, {"name": "GetThreadLocale", "args": [], "addr_func": "269484112", "addr": 268462428, "ret": 0}, {"name": "GetLocaleInfoA", "args": ["retval_GetThreadLocale_32771_32", 4100, "", 7], "addr_func": "269484132", "addr": 268462098, "ret": "<BV32 retval_GetLocaleInfoA_32772_32>"}, {"name": "GetCurrentThreadId", "args": [], "addr_func": "269484076", "addr": 268462460, "ret": 0}, {"name": "GetModuleFileNameA", "args": [268435456, "PZM", 261], "addr_func": "269484128", "addr": 268459026, "ret": 3}, {"name": "GetModuleFileNameA", "args": [0, "a05bc4071896cd9e444496b0ae5274b6", 261], "addr_func": "269484128", "addr": 268459683, "ret": 32}, {"name": "RegOpenKeyExA", "args": [2147483649, "Software\\Borland\\Locales", 0, 983065, 2147412908], "addr_func": "269484208", "addr": 268459713, "ret": "<BV32 retval_RegOpenKeyExA_32797_32>"}, {"name": "GetModuleHandleA", "args": ["kernel32.dll"], "addr_func": "269484124", "addr": 268459213, "ret": 270536744}, {"name": "GetProcAddress", "args": [270536744, "GetLongPathNameA"], "addr_func": "269484120", "addr": 268459230, "ret": 270536748}, {"name": "GetLongPathNameA", "args": ["a05bc4071896cd9e444496b0ae5274b6", "", 261], "addr_func": "270536748", "addr": 268459260, "ret": "<BV32 retval_GetLongPathNameA_32812_32>"}, {"name": "lstrcpynA", "args": ["", "", 261], "addr_func": "269484104", "addr": 268459282, "ret": 2147412627}, {"name": "RegQueryValueExA", "args": [268459031, "", 0, 0, 2147412898, 2147412892], "addr_func": "269484204", "addr": 268459846, "ret": "<BV32 retval_RegQueryValueExA_32819_32>"}, {"name": "RegQueryValueExA", "args": [268459031, "", 0, 0, 2147412898, 2147412892], "addr_func": "269484204", "addr": 268459876, "ret": "<BV32 retval_RegQueryValueExA_32822_32>"}, {"name": "RegCloseKey", "args": [268459031], "addr_func": "269484212", "addr": 268459910, "ret": "<BV32 retval_RegCloseKey_32824_32>"}, {"name": "lstrcpynA", "args": ["PZM", "PZM", 261], "addr_func": "269484104", "addr": 268459939, "ret": 2147412627}, {"name": "GetThreadLocale", "args": [], "addr_func": "269484112", "addr": 268459952, "ret": 0}, {"name": "GetLocaleInfoA", "args": ["retval_GetThreadLocale_32835_32", 3, "", 5], "addr_func": "269484132", "addr": 268459958, "ret": "<BV32 retval_GetLocaleInfoA_32838_32>"}, {"name": "LoadStringA", "args": [268435456, 65472, 2147413232, 4096], "addr_func": "269484192", "addr": 268462022, "ret": "<BV32 retval_LoadStringA_32848_32>"}, {"name": "LoadStringA", "args": [268435456, 65503, 2147413232, 4096], "addr_func": "269484192", "addr": 268462022, "ret": "<BV32 retval_LoadStringA_32852_32>"}, {"name": "LoadStringA", "args": [268435456, 65501, 2147413232, 4096], "addr_func": "269484192", "addr": 268462022, "ret": "<BV32 retval_LoadStringA_32855_32>"}, {"name": "LoadStringA", "args": [268435456, 65502, 2147413232, 4096], "addr_func": "269484192", "addr": 268462022, "ret": "<BV32 retval_LoadStringA_32860_32>"}, {"name": "InitializeCriticalSection", "args": [268817868], "addr_func": "269484044", "addr": 268442611, "ret": "None"}, {"name": "LocalAlloc", "args": [0, 4088], "addr_func": "269484060", "addr": 268442672, "ret": 3221258256}, {"name": "VirtualAlloc", "args": [0, "retval_LoadStringA_32860_32", 8192, 1], "addr_func": "269484052", "addr": 268441195, "ret": 3221762048}, {"name": "LocalAlloc", "args": [0, 1604], "addr_func": "269484060", "addr": 268440553, "ret": 3221262352}, {"name": "VirtualAlloc", "args": [3221762048, "retval_LoadStringA_32860_32", 4096, 4], "addr_func": "269484052", "addr": 268441721, "ret": 3221762048}]}, "5": {"status": "active", "trace": [{"name": "main", "args": ["a05bc4071896cd9e444496b0ae5274b6"], "addr": 268798648, "ret": "symbolic", "addr_func": 268798648}, {"name": "GetModuleHandleA", "args": [0], "addr_func": "269484124", "addr": 268462704, "ret": 268435456}, {"name": "GetKeyboardType", "args": [0], "addr_func": "269484188", "addr": 268448929, "ret": 4}, {"name": "GetCommandLineA", "args": [], "addr_func": "269484140", "addr": 268462363, "ret": 0}, {"name": "GetStartupInfoA", "args": [2147417296], "addr_func": "269484116", "addr": 268440442, "ret": "None"}, {"name": "GetVersion", "args": [], "addr_func": "269484072", "addr": 268462383, "ret": 0}, {"name": "GetVersion", "args": [], "addr_func": "269484072", "addr": 268462400, "ret": 0}, {"name": "GetThreadLocale", "args": [], "addr_func": "269484112", "addr": 268462428, "ret": 0}, {"name": "GetLocaleInfoA", "args": ["retval_GetThreadLocale_32771_32", 4100, "", 7], "addr_func": "269484132", "addr": 268462098, "ret": "<BV32 retval_GetLocaleInfoA_32772_32>"}, {"name": "GetCurrentThreadId", "args": [], "addr_func": "269484076", "addr": 268462460, "ret": 0}, {"name": "GetModuleFileNameA", "args": [268435456, "PZM", 261], "addr_func": "269484128", "addr": 268459026, "ret": 3}, {"name": "GetModuleFileNameA", "args": [0, "a05bc4071896cd9e444496b0ae5274b6", 261], "addr_func": "269484128", "addr": 268459683, "ret": 32}, {"name": "RegOpenKeyExA", "args": [2147483649, "Software\\Borland\\Locales", 0, 983065, 2147412908], "addr_func": "269484208", "addr": 268459713, "ret": "<BV32 retval_RegOpenKeyExA_32797_32>"}, {"name": "GetModuleHandleA", "args": ["kernel32.dll"], "addr_func": "269484124", "addr": 268459213, "ret": 270536744}, {"name": "GetProcAddress", "args": [270536744, "GetLongPathNameA"], "addr_func": "269484120", "addr": 268459230, "ret": 270536748}, {"name": "GetLongPathNameA", "args": ["a05bc4071896cd9e444496b0ae5274b6", "", 261], "addr_func": "270536748", "addr": 268459260, "ret": "<BV32 retval_GetLongPathNameA_32812_32>"}, {"name": "lstrcpynA", "args": ["", "", 261], "addr_func": "269484104", "addr": 268459282, "ret": 2147412627}, {"name": "RegQueryValueExA", "args": [268459031, "", 0, 0, 2147412898, 2147412892], "addr_func": "269484204", "addr": 268459846, "ret": "<BV32 retval_RegQueryValueExA_32819_32>"}, {"name": "RegQueryValueExA", "args": [268459031, "", 0, 0, 2147412898, 2147412892], "addr_func": "269484204", "addr": 268459876, "ret": "<BV32 retval_RegQueryValueExA_32822_32>"}, {"name": "RegCloseKey", "args": [268459031], "addr_func": "269484212", "addr": 268459910, "ret": "<BV32 retval_RegCloseKey_32824_32>"}, {"name": "lstrcpynA", "args": ["PZM", "PZM", 261], "addr_func": "269484104", "addr": 268459939, "ret": 2147412627}, {"name": "GetThreadLocale", "args": [], "addr_func": "269484112", "addr": 268459952, "ret": 0}, {"name": "GetLocaleInfoA", "args": ["retval_GetThreadLocale_32835_32", 3, "", 5], "addr_func": "269484132", "addr": 268459958, "ret": "<BV32 retval_GetLocaleInfoA_32838_32>"}, {"name": "LoadStringA", "args": [268435456, 65472, 2147413232, 4096], "addr_func": "269484192", "addr": 268462022, "ret": "<BV32 retval_LoadStringA_32848_32>"}, {"name": "LoadStringA", "args": [268435456, 65503, 2147413232, 4096], "addr_func": "269484192", "addr": 268462022, "ret": "<BV32 retval_LoadStringA_32852_32>"}, {"name": "LoadStringA", "args": [268435456, 65501, 2147413232, 4096], "addr_func": "269484192", "addr": 268462022, "ret": "<BV32 retval_LoadStringA_32855_32>"}, {"name": "LoadStringA", "args": [268435456, 65502, 2147413232, 4096], "addr_func": "269484192", "addr": 268462022, "ret": "<BV32 retval_LoadStringA_32860_32>"}, {"name": "InitializeCriticalSection", "args": [268817868], "addr_func": "269484044", "addr": 268442611, "ret": "None"}, {"name": "LocalAlloc", "args": [0, 4088], "addr_func": "269484060", "addr": 268442672, "ret": 3221258256}, {"name": "VirtualAlloc", "args": [0, "retval_LoadStringA_32860_32", 8192, 1], "addr_func": "269484052", "addr": 268441195, "ret": 3221762048}, {"name": "LocalAlloc", "args": [0, 1604], "addr_func": "269484060", "addr": 268440553, "ret": 3221262352}]}, "6": {"status": "active", "trace": [{"name": "main", "args": ["a05bc4071896cd9e444496b0ae5274b6"], "addr": 268798648, "ret": "symbolic", "addr_func": 268798648}, {"name": "GetModuleHandleA", "args": [0], "addr_func": "269484124", "addr": 268462704, "ret": 268435456}, {"name": "GetKeyboardType", "args": [0], "addr_func": "269484188", "addr": 268448929, "ret": 4}, {"name": "GetCommandLineA", "args": [], "addr_func": "269484140", "addr": 268462363, "ret": 0}, {"name": "GetStartupInfoA", "args": [2147417296], "addr_func": "269484116", "addr": 268440442, "ret": "None"}, {"name": "GetVersion", "args": [], "addr_func": "269484072", "addr": 268462383, "ret": 0}, {"name": "GetVersion", "args": [], "addr_func": "269484072", "addr": 268462400, "ret": 0}, {"name": "GetThreadLocale", "args": [], "addr_func": "269484112", "addr": 268462428, "ret": 0}, {"name": "GetLocaleInfoA", "args": ["retval_GetThreadLocale_32771_32", 4100, "", 7], "addr_func": "269484132", "addr": 268462098, "ret": "<BV32 retval_GetLocaleInfoA_32772_32>"}, {"name": "GetCurrentThreadId", "args": [], "addr_func": "269484076", "addr": 268462460, "ret": 0}, {"name": "GetModuleFileNameA", "args": [268435456, "PZM", 261], "addr_func": "269484128", "addr": 268459026, "ret": 3}, {"name": "GetModuleFileNameA", "args": [0, "a05bc4071896cd9e444496b0ae5274b6", 261], "addr_func": "269484128", "addr": 268459683, "ret": 32}, {"name": "RegOpenKeyExA", "args": [2147483649, "Software\\Borland\\Locales", 0, 983065, 2147412908], "addr_func": "269484208", "addr": 268459713, "ret": "<BV32 retval_RegOpenKeyExA_32797_32>"}, {"name": "GetModuleHandleA", "args": ["kernel32.dll"], "addr_func": "269484124", "addr": 268459213, "ret": 270536744}, {"name": "GetProcAddress", "args": [270536744, "GetLongPathNameA"], "addr_func": "269484120", "addr": 268459230, "ret": 270536748}, {"name": "GetLongPathNameA", "args": ["a05bc4071896cd9e444496b0ae5274b6", "", 261], "addr_func": "270536748", "addr": 268459260, "ret": "<BV32 retval_GetLongPathNameA_32812_32>"}, {"name": "lstrcpynA", "args": ["", "", 261], "addr_func": "269484104", "addr": 268459282, "ret": 2147412627}, {"name": "RegQueryValueExA", "args": [268459031, "", 0, 0, 2147412898, 2147412892], "addr_func": "269484204", "addr": 268459846, "ret": "<BV32 retval_RegQueryValueExA_32819_32>"}, {"name": "RegQueryValueExA", "args": [268459031, "", 0, 0, 2147412898, 2147412892], "addr_func": "269484204", "addr": 268459876, "ret": "<BV32 retval_RegQueryValueExA_32822_32>"}, {"name": "RegCloseKey", "args": [268459031], "addr_func": "269484212", "addr": 268459910, "ret": "<BV32 retval_RegCloseKey_32824_32>"}, {"name": "lstrcpynA", "args": ["PZM", "PZM", 261], "addr_func": "269484104", "addr": 268459939, "ret": 2147412627}, {"name": "GetThreadLocale", "args": [], "addr_func": "269484112", "addr": 268459952, "ret": 0}, {"name": "GetLocaleInfoA", "args": ["retval_GetThreadLocale_32835_32", 3, "", 5], "addr_func": "269484132", "addr": 268459958, "ret": "<BV32 retval_GetLocaleInfoA_32838_32>"}, {"name": "LoadStringA", "args": [268435456, 65472, 2147413232, 4096], "addr_func": "269484192", "addr": 268462022, "ret": "<BV32 retval_LoadStringA_32848_32>"}, {"name": "LoadStringA", "args": [268435456, 65503, 2147413232, 4096], "addr_func": "269484192", "addr": 268462022, "ret": "<BV32 retval_LoadStringA_32852_32>"}, {"name": "LoadStringA", "args": [268435456, 65501, 2147413232, 4096], "addr_func": "269484192", "addr": 268462022, "ret": "<BV32 retval_LoadStringA_32855_32>"}, {"name": "LoadStringA", "args": [268435456, 65502, 2147413232, 4096], "addr_func": "269484192", "addr": 268462022, "ret": "<BV32 retval_LoadStringA_32859_32>"}, {"name": "InitializeCriticalSection", "args": [268817868], "addr_func": "269484044", "addr": 268442611, "ret": "None"}, {"name": "LocalAlloc", "args": [0, 4088], "addr_func": "269484060", "addr": 268442672, "ret": 3221258256}, {"name": "VirtualAlloc", "args": [0, 1048576, 8192, 1], "addr_func": "269484052", "addr": 268441195, "ret": 3222798336}, {"name": "LocalAlloc", "args": [0, 1604], "addr_func": "269484060", "addr": 268440553, "ret": 3221262352}]}, "7": {"status": "ExcessLoop", "trace": [{"name": "main", "args": ["a05bc4071896cd9e444496b0ae5274b6"], "addr": 268798648, "ret": "symbolic", "addr_func": 268798648}, {"name": "GetModuleHandleA", "args": [0], "addr_func": "269484124", "addr": 268462704, "ret": 268435456}, {"name": "GetKeyboardType", "args": [0], "addr_func": "269484188", "addr": 268448929, "ret": 4}, {"name": "GetCommandLineA", "args": [], "addr_func": "269484140", "addr": 268462363, "ret": 0}, {"name": "GetStartupInfoA", "args": [2147417296], "addr_func": "269484116", "addr": 268440442, "ret": "None"}, {"name": "GetVersion", "args": [], "addr_func": "269484072", "addr": 268462383, "ret": 0}, {"name": "GetVersion", "args": [], "addr_func": "269484072", "addr": 268462400, "ret": 0}, {"name": "GetThreadLocale", "args": [], "addr_func": "269484112", "addr": 268462428, "ret": 0}, {"name": "GetLocaleInfoA", "args": ["retval_GetThreadLocale_32771_32", 4100, "", 7], "addr_func": "269484132", "addr": 268462098, "ret": "<BV32 retval_GetLocaleInfoA_32772_32>"}, {"name": "GetCurrentThreadId", "args": [], "addr_func": "269484076", "addr": 268462460, "ret": 0}, {"name": "GetModuleFileNameA", "args": [268435456, "PZM", 261], "addr_func": "269484128", "addr": 268459026, "ret": 3}, {"name": "GetModuleFileNameA", "args": [0, "a05bc4071896cd9e444496b0ae5274b6", 261], "addr_func": "269484128", "addr": 268459683, "ret": 32}, {"name": "RegOpenKeyExA", "args": [2147483649, "Software\\Borland\\Locales", 0, 983065, 2147412908], "addr_func": "269484208", "addr": 268459713, "ret": "<BV32 retval_RegOpenKeyExA_32797_32>"}, {"name": "GetModuleHandleA", "args": ["kernel32.dll"], "addr_func": "269484124", "addr": 268459213, "ret": 270536744}, {"name": "GetProcAddress", "args": [270536744, "GetLongPathNameA"], "addr_func": "269484120", "addr": 268459230, "ret": 270536748}, {"name": "GetLongPathNameA", "args": ["a05bc4071896cd9e444496b0ae5274b6", "", 261], "addr_func": "270536748", "addr": 268459260, "ret": "<BV32 retval_GetLongPathNameA_32812_32>"}, {"name": "lstrcpynA", "args": ["", "", 261], "addr_func": "269484104", "addr": 268459282, "ret": 2147412627}, {"name": "RegQueryValueExA", "args": [268459031, "", 0, 0, 2147412898, 2147412892], "addr_func": "269484204", "addr": 268459846, "ret": "<BV32 retval_RegQueryValueExA_32819_32>"}, {"name": "RegQueryValueExA", "args": [268459031, "", 0, 0, 2147412898, 2147412892], "addr_func": "269484204", "addr": 268459876, "ret": "<BV32 retval_RegQueryValueExA_32822_32>"}, {"name": "RegCloseKey", "args": [268459031], "addr_func": "269484212", "addr": 268459910, "ret": "<BV32 retval_RegCloseKey_32824_32>"}, {"name": "lstrcpynA", "args": ["PZM", "PZM", 261], "addr_func": "269484104", "addr": 268459939, "ret": 2147412627}, {"name": "GetThreadLocale", "args": [], "addr_func": "269484112", "addr": 268459952, "ret": 0}, {"name": "GetLocaleInfoA", "args": ["retval_GetThreadLocale_32835_32", 3, "", 5], "addr_func": "269484132", "addr": 268459958, "ret": "<BV32 retval_GetLocaleInfoA_32838_32>"}, {"name": "LoadStringA", "args": [268435456, 65472, 2147413232, 4096], "addr_func": "269484192", "addr": 268462022, "ret": "<BV32 retval_LoadStringA_32848_32>"}, {"name": "LoadStringA", "args": [268435456, 65503, 2147413232, 4096], "addr_func": "269484192", "addr": 268462022, "ret": "<BV32 retval_LoadStringA_32852_32>"}, {"name": "LoadStringA", "args": [268435456, 65501, 2147413232, 4096], "addr_func": "269484192", "addr": 268462022, "ret": "<BV32 retval_LoadStringA_32855_32>"}, {"name": "LoadStringA", "args": [268435456, 65502, 2147413232, 4096], "addr_func": "269484192", "addr": 268462022, "ret": "<BV32 retval_LoadStringA_32859_32>"}]}, "8": {"status": "ExcessLoop", "trace": [{"name": "main", "args": ["a05bc4071896cd9e444496b0ae5274b6"], "addr": 268798648, "ret": "symbolic", "addr_func": 268798648}, {"name": "GetModuleHandleA", "args": [0], "addr_func": "269484124", "addr": 268462704, "ret": 268435456}, {"name": "GetKeyboardType", "args": [0], "addr_func": "269484188", "addr": 268448929, "ret": 4}, {"name": "GetCommandLineA", "args": [], "addr_func": "269484140", "addr": 268462363, "ret": 0}, {"name": "GetStartupInfoA", "args": [2147417296], "addr_func": "269484116", "addr": 268440442, "ret": "None"}, {"name": "GetVersion", "args": [], "addr_func": "269484072", "addr": 268462383, "ret": 0}, {"name": "GetVersion", "args": [], "addr_func": "269484072", "addr": 268462400, "ret": 0}, {"name": "GetThreadLocale", "args": [], "addr_func": "269484112", "addr": 268462428, "ret": 0}, {"name": "GetLocaleInfoA", "args": ["retval_GetThreadLocale_32771_32", 4100, "", 7], "addr_func": "269484132", "addr": 268462098, "ret": "<BV32 retval_GetLocaleInfoA_32772_32>"}, {"name": "GetCurrentThreadId", "args": [], "addr_func": "269484076", "addr": 268462460, "ret": 0}, {"name": "GetModuleFileNameA", "args": [268435456, "PZM", 261], "addr_func": "269484128", "addr": 268459026, "ret": 3}, {"name": "GetModuleFileNameA", "args": [0, "a05bc4071896cd9e444496b0ae5274b6", 261], "addr_func": "269484128", "addr": 268459683, "ret": 32}, {"name": "RegOpenKeyExA", "args": [2147483649, "Software\\Borland\\Locales", 0, 983065, 2147412908], "addr_func": "269484208", "addr": 268459713, "ret": "<BV32 retval_RegOpenKeyExA_32797_32>"}, {"name": "GetModuleHandleA", "args": ["kernel32.dll"], "addr_func": "269484124", "addr": 268459213, "ret": 270536744}, {"name": "GetProcAddress", "args": [270536744, "GetLongPathNameA"], "addr_func": "269484120", "addr": 268459230, "ret": 270536748}, {"name": "GetLongPathNameA", "args": ["a05bc4071896cd9e444496b0ae5274b6", "", 261], "addr_func": "270536748", "addr": 268459260, "ret": "<BV32 retval_GetLongPathNameA_32812_32>"}, {"name": "lstrcpynA", "args": ["", "", 261], "addr_func": "269484104", "addr": 268459282, "ret": 2147412627}, {"name": "RegQueryValueExA", "args": [268459031, "", 0, 0, 2147412898, 2147412892], "addr_func": "269484204", "addr": 268459846, "ret": "<BV32 retval_RegQueryValueExA_32819_32>"}, {"name": "RegQueryValueExA", "args": [268459031, "", 0, 0, 2147412898, 2147412892], "addr_func": "269484204", "addr": 268459876, "ret": "<BV32 retval_RegQueryValueExA_32822_32>"}, {"name": "RegCloseKey", "args": [268459031], "addr_func": "269484212", "addr": 268459910, "ret": "<BV32 retval_RegCloseKey_32824_32>"}, {"name": "lstrcpynA", "args": ["PZM", "PZM", 261], "addr_func": "269484104", "addr": 268459939, "ret": 2147412627}, {"name": "GetThreadLocale", "args": [], "addr_func": "269484112", "addr": 268459952, "ret": 0}, {"name": "GetLocaleInfoA", "args": ["retval_GetThreadLocale_32835_32", 3, "", 5], "addr_func": "269484132", "addr": 268459958, "ret": "<BV32 retval_GetLocaleInfoA_32838_32>"}, {"name": "LoadStringA", "args": [268435456, 65472, 2147413232, 4096], "addr_func": "269484192", "addr": 268462022, "ret": "<BV32 retval_LoadStringA_32848_32>"}, {"name": "LoadStringA", "args": [268435456, 65503, 2147413232, 4096], "addr_func": "269484192", "addr": 268462022, "ret": "<BV32 retval_LoadStringA_32852_32>"}, {"name": "LoadStringA", "args": [268435456, 65501, 2147413232, 4096], "addr_func": "269484192", "addr": 268462022, "ret": "<BV32 retval_LoadStringA_32855_32>"}, {"name": "LoadStringA", "args": [268435456, 65502, 2147413232, 4096], "addr_func": "269484192", "addr": 268462022, "ret": "<BV32 retval_LoadStringA_32860_32>"}]}, "9": {"status": "ExcessLoop", "trace": [{"name": "main", "args": ["a05bc4071896cd9e444496b0ae5274b6"], "addr": 268798648, "ret": "symbolic", "addr_func": 268798648}, {"name": "GetModuleHandleA", "args": [0], "addr_func": "269484124", "addr": 268462704, "ret": 268435456}, {"name": "GetKeyboardType", "args": [0], "addr_func": "269484188", "addr": 268448929, "ret": 4}, {"name": "GetCommandLineA", "args": [], "addr_func": "269484140", "addr": 268462363, "ret": 0}, {"name": "GetStartupInfoA", "args": [2147417296], "addr_func": "269484116", "addr": 268440442, "ret": "None"}, {"name": "GetVersion", "args": [], "addr_func": "269484072", "addr": 268462383, "ret": 0}, {"name": "GetVersion", "args": [], "addr_func": "269484072", "addr": 268462400, "ret": 0}, {"name": "GetThreadLocale", "args": [], "addr_func": "269484112", "addr": 268462428, "ret": 0}, {"name": "GetLocaleInfoA", "args": ["retval_GetThreadLocale_32771_32", 4100, "", 7], "addr_func": "269484132", "addr": 268462098, "ret": "<BV32 retval_GetLocaleInfoA_32772_32>"}, {"name": "GetCurrentThreadId", "args": [], "addr_func": "269484076", "addr": 268462460, "ret": 0}, {"name": "GetModuleFileNameA", "args": [268435456, "PZM", 261], "addr_func": "269484128", "addr": 268459026, "ret": 3}, {"name": "GetModuleFileNameA", "args": [0, "a05bc4071896cd9e444496b0ae5274b6", 261], "addr_func": "269484128", "addr": 268459683, "ret": 32}, {"name": "RegOpenKeyExA", "args": [2147483649, "Software\\Borland\\Locales", 0, 983065, 2147412908], "addr_func": "269484208", "addr": 268459713, "ret": "<BV32 retval_RegOpenKeyExA_32797_32>"}, {"name": "GetModuleHandleA", "args": ["kernel32.dll"], "addr_func": "269484124", "addr": 268459213, "ret": 270536744}, {"name": "GetProcAddress", "args": [270536744, "GetLongPathNameA"], "addr_func": "269484120", "addr": 268459230, "ret": 270536748}, {"name": "GetLongPathNameA", "args": ["a05bc4071896cd9e444496b0ae5274b6", "", 261], "addr_func": "270536748", "addr": 268459260, "ret": "<BV32 retval_GetLongPathNameA_32812_32>"}, {"name": "lstrcpynA", "args": ["", "", 261], "addr_func": "269484104", "addr": 268459282, "ret": 2147412627}, {"name": "RegQueryValueExA", "args": [268459031, "", 0, 0, 2147412898, 2147412892], "addr_func": "269484204", "addr": 268459846, "ret": "<BV32 retval_RegQueryValueExA_32819_32>"}, {"name": "RegQueryValueExA", "args": [268459031, "", 0, 0, 2147412898, 2147412892], "addr_func": "269484204", "addr": 268459876, "ret": "<BV32 retval_RegQueryValueExA_32822_32>"}, {"name": "RegCloseKey", "args": [268459031], "addr_func": "269484212", "addr": 268459910, "ret": "<BV32 retval_RegCloseKey_32824_32>"}, {"name": "lstrcpynA", "args": ["PZM", "PZM", 261], "addr_func": "269484104", "addr": 268459939, "ret": 2147412627}, {"name": "GetThreadLocale", "args": [], "addr_func": "269484112", "addr": 268459952, "ret": 0}, {"name": "GetLocaleInfoA", "args": ["retval_GetThreadLocale_32835_32", 3, "", 5], "addr_func": "269484132", "addr": 268459958, "ret": "<BV32 retval_GetLocaleInfoA_32838_32>"}, {"name": "LoadStringA", "args": [268435456, 65472, 2147413232, 4096], "addr_func": "269484192", "addr": 268462022, "ret": "<BV32 retval_LoadStringA_32848_32>"}, {"name": "LoadStringA", "args": [268435456, 65503, 2147413232, 4096], "addr_func": "269484192", "addr": 268462022, "ret": "<BV32 retval_LoadStringA_32852_32>"}, {"name": "LoadStringA", "args": [268435456, 65501, 2147413232, 4096], "addr_func": "269484192", "addr": 268462022, "ret": "<BV32 retval_LoadStringA_32856_32>"}, {"name": "LoadStringA", "args": [268435456, 65502, 2147413232, 4096], "addr_func": "269484192", "addr": 268462022, "ret": "<BV32 retval_LoadStringA_32861_32>"}]}, "10": {"status": "ExcessLoop", "trace": [{"name": "main", "args": ["a05bc4071896cd9e444496b0ae5274b6"], "addr": 268798648, "ret": "symbolic", "addr_func": 268798648}, {"name": "GetModuleHandleA", "args": [0], "addr_func": "269484124", "addr": 268462704, "ret": 268435456}, {"name": "GetKeyboardType", "args": [0], "addr_func": "269484188", "addr": 268448929, "ret": 4}, {"name": "GetCommandLineA", "args": [], "addr_func": "269484140", "addr": 268462363, "ret": 0}, {"name": "GetStartupInfoA", "args": [2147417296], "addr_func": "269484116", "addr": 268440442, "ret": "None"}, {"name": "GetVersion", "args": [], "addr_func": "269484072", "addr": 268462383, "ret": 0}, {"name": "GetVersion", "args": [], "addr_func": "269484072", "addr": 268462400, "ret": 0}, {"name": "GetThreadLocale", "args": [], "addr_func": "269484112", "addr": 268462428, "ret": 0}, {"name": "GetLocaleInfoA", "args": ["retval_GetThreadLocale_32771_32", 4100, "", 7], "addr_func": "269484132", "addr": 268462098, "ret": "<BV32 retval_GetLocaleInfoA_32772_32>"}, {"name": "GetCurrentThreadId", "args": [], "addr_func": "269484076", "addr": 268462460, "ret": 0}, {"name": "GetModuleFileNameA", "args": [268435456, "PZM", 261], "addr_func": "269484128", "addr": 268459026, "ret": 3}, {"name": "GetModuleFileNameA", "args": [0, "a05bc4071896cd9e444496b0ae5274b6", 261], "addr_func": "269484128", "addr": 268459683, "ret": 32}, {"name": "RegOpenKeyExA", "args": [2147483649, "Software\\Borland\\Locales", 0, 983065, 2147412908], "addr_func": "269484208", "addr": 268459713, "ret": "<BV32 retval_RegOpenKeyExA_32797_32>"}, {"name": "GetModuleHandleA", "args": ["kernel32.dll"], "addr_func": "269484124", "addr": 268459213, "ret": 270536744}, {"name": "GetProcAddress", "args": [270536744, "GetLongPathNameA"], "addr_func": "269484120", "addr": 268459230, "ret": 270536748}, {"name": "GetLongPathNameA", "args": ["a05bc4071896cd9e444496b0ae5274b6", "", 261], "addr_func": "270536748", "addr": 268459260, "ret": "<BV32 retval_GetLongPathNameA_32812_32>"}, {"name": "lstrcpynA", "args": ["", "", 261], "addr_func": "269484104", "addr": 268459282, "ret": 2147412627}, {"name": "RegQueryValueExA", "args": [268459031, "", 0, 0, 2147412898, 2147412892], "addr_func": "269484204", "addr": 268459846, "ret": "<BV32 retval_RegQueryValueExA_32819_32>"}, {"name": "RegQueryValueExA", "args": [268459031, "", 0, 0, 2147412898, 2147412892], "addr_func": "269484204", "addr": 268459876, "ret": "<BV32 retval_RegQueryValueExA_32822_32>"}, {"name": "RegCloseKey", "args": [268459031], "addr_func": "269484212", "addr": 268459910, "ret": "<BV32 retval_RegCloseKey_32824_32>"}, {"name": "lstrcpynA", "args": ["PZM", "PZM", 261], "addr_func": "269484104", "addr": 268459939, "ret": 2147412627}, {"name": "GetThreadLocale", "args": [], "addr_func": "269484112", "addr": 268459952, "ret": 0}, {"name": "GetLocaleInfoA", "args": ["retval_GetThreadLocale_32835_32", 3, "", 5], "addr_func": "269484132", "addr": 268459958, "ret": "<BV32 retval_GetLocaleInfoA_32838_32>"}, {"name": "LoadStringA", "args": [268435456, 65472, 2147413232, 4096], "addr_func": "269484192", "addr": 268462022, "ret": "<BV32 retval_LoadStringA_32848_32>"}, {"name": "LoadStringA", "args": [268435456, 65503, 2147413232, 4096], "addr_func": "269484192", "addr": 268462022, "ret": "<BV32 retval_LoadStringA_32852_32>"}, {"name": "LoadStringA", "args": [268435456, 65501, 2147413232, 4096], "addr_func": "269484192", "addr": 268462022, "ret": "<BV32 retval_LoadStringA_32856_32>"}, {"name": "LoadStringA", "args": [268435456, 65502, 2147413232, 4096], "addr_func": "269484192", "addr": 268462022, "ret": "<BV32 retval_LoadStringA_32862_32>"}]}, "11": {"status": "ExcessLoop", "trace": [{"name": "main", "args": ["a05bc4071896cd9e444496b0ae5274b6"], "addr": 268798648, "ret": "symbolic", "addr_func": 268798648}, {"name": "GetModuleHandleA", "args": [0], "addr_func": "269484124", "addr": 268462704, "ret": 268435456}, {"name": "GetKeyboardType", "args": [0], "addr_func": "269484188", "addr": 268448929, "ret": 4}, {"name": "GetCommandLineA", "args": [], "addr_func": "269484140", "addr": 268462363, "ret": 0}, {"name": "GetStartupInfoA", "args": [2147417296], "addr_func": "269484116", "addr": 268440442, "ret": "None"}, {"name": "GetVersion", "args": [], "addr_func": "269484072", "addr": 268462383, "ret": 0}, {"name": "GetVersion", "args": [], "addr_func": "269484072", "addr": 268462400, "ret": 0}, {"name": "GetThreadLocale", "args": [], "addr_func": "269484112", "addr": 268462428, "ret": 0}, {"name": "GetLocaleInfoA", "args": ["retval_GetThreadLocale_32771_32", 4100, "", 7], "addr_func": "269484132", "addr": 268462098, "ret": "<BV32 retval_GetLocaleInfoA_32772_32>"}, {"name": "GetCurrentThreadId", "args": [], "addr_func": "269484076", "addr": 268462460, "ret": 0}, {"name": "GetModuleFileNameA", "args": [268435456, "PZM", 261], "addr_func": "269484128", "addr": 268459026, "ret": 3}, {"name": "GetModuleFileNameA", "args": [0, "a05bc4071896cd9e444496b0ae5274b6", 261], "addr_func": "269484128", "addr": 268459683, "ret": 32}, {"name": "RegOpenKeyExA", "args": [2147483649, "Software\\Borland\\Locales", 0, 983065, 2147412908], "addr_func": "269484208", "addr": 268459713, "ret": "<BV32 retval_RegOpenKeyExA_32797_32>"}, {"name": "GetModuleHandleA", "args": ["kernel32.dll"], "addr_func": "269484124", "addr": 268459213, "ret": 270536744}, {"name": "GetProcAddress", "args": [270536744, "GetLongPathNameA"], "addr_func": "269484120", "addr": 268459230, "ret": 270536748}, {"name": "GetLongPathNameA", "args": ["a05bc4071896cd9e444496b0ae5274b6", "", 261], "addr_func": "270536748", "addr": 268459260, "ret": "<BV32 retval_GetLongPathNameA_32812_32>"}, {"name": "lstrcpynA", "args": ["a0", "a05bc4071896cd9e444496b0ae5274b6", 3], "addr_func": "269484104", "addr": 268459395, "ret": 2147411997}, {"name": "CharNextA", "args": ["bc4071896cd9e444496b0ae5274b6"], "addr_func": "269484200", "addr": 268459156, "ret": 2147412631}, {"name": "CharNextA", "args": ["c4071896cd9e444496b0ae5274b6"], "addr_func": "269484200", "addr": 268459156, "ret": 2147412632}, {"name": "CharNextA", "args": ["4071896cd9e444496b0ae5274b6"], "addr_func": "269484200", "addr": 268459156, "ret": 2147412633}, {"name": "CharNextA", "args": ["071896cd9e444496b0ae5274b6"], "addr_func": "269484200", "addr": 268459156, "ret": 2147412634}, {"name": "CharNextA", "args": ["71896cd9e444496b0ae5274b6"], "addr_func": "269484200", "addr": 268459156, "ret": 2147412635}, {"name": "CharNextA", "args": ["1896cd9e444496b0ae5274b6"], "addr_func": "269484200", "addr": 268459156, "ret": 2147412636}, {"name": "CharNextA", "args": ["896cd9e444496b0ae5274b6"], "addr_func": "269484200", "addr": 268459156, "ret": 2147412637}, {"name": "CharNextA", "args": ["96cd9e444496b0ae5274b6"], "addr_func": "269484200", "addr": 268459156, "ret": 2147412638}, {"name": "CharNextA", "args": ["6cd9e444496b0ae5274b6"], "addr_func": "269484200", "addr": 268459156, "ret": 2147412639}, {"name": "CharNextA", "args": ["cd9e444496b0ae5274b6"], "addr_func": "269484200", "addr": 268459156, "ret": 2147412640}, {"name": "CharNextA", "args": ["d9e444496b0ae5274b6"], "addr_func": "269484200", "addr": 268459156, "ret": 2147412641}, {"name": "CharNextA", "args": ["9e444496b0ae5274b6"], "addr_func": "269484200", "addr": 268459156, "ret": 2147412642}, {"name": "CharNextA", "args": ["e444496b0ae5274b6"], "addr_func": "269484200", "addr": 268459156, "ret": 2147412643}, {"name": "CharNextA", "args": ["444496b0ae5274b6"], "addr_func": "269484200", "addr": 268459156, "ret": 2147412644}, {"name": "CharNextA", "args": ["44496b0ae5274b6"], "addr_func": "269484200", "addr": 268459156, "ret": 2147412645}, {"name": "CharNextA", "args": ["4496b0ae5274b6"], "addr_func": "269484200", "addr": 268459156, "ret": 2147412646}, {"name": "CharNextA", "args": ["496b0ae5274b6"], "addr_func": "269484200", "addr": 268459156, "ret": 2147412647}, {"name": "CharNextA", "args": ["96b0ae5274b6"], "addr_func": "269484200", "addr": 268459156, "ret": 2147412648}, {"name": "CharNextA", "args": ["6b0ae5274b6"], "addr_func": "269484200", "addr": 268459156, "ret": 2147412649}, {"name": "CharNextA", "args": ["b0ae5274b6"], "addr_func": "269484200", "addr": 268459156, "ret": 2147412650}, {"name": "CharNextA", "args": ["0ae5274b6"], "addr_func": "269484200", "addr": 268459156, "ret": 2147412651}, {"name": "CharNextA", "args": ["ae5274b6"], "addr_func": "269484200", "addr": 268459156, "ret": 2147412652}, {"name": "CharNextA", "args": ["e5274b6"], "addr_func": "269484200", "addr": 268459156, "ret": 2147412653}, {"name": "CharNextA", "args": ["5274b6"], "addr_func": "269484200", "addr": 268459156, "ret": 2147412654}, {"name": "CharNextA", "args": ["274b6"], "addr_func": "269484200", "addr": 268459156, "ret": 2147412655}, {"name": "CharNextA", "args": ["74b6"], "addr_func": "269484200", "addr": 268459156, "ret": 2147412656}, {"name": "CharNextA", "args": ["4b6"], "addr_func": "269484200", "addr": 268459156, "ret": 2147412657}, {"name": "CharNextA", "args": ["b6"], "addr_func": "269484200", "addr": 268459156, "ret": 2147412658}, {"name": "CharNextA", "args": ["6"], "addr_func": "269484200", "addr": 268459156, "ret": 2147412659}, {"name": "lstrcpynA", "args": ["5bc4071896cd9e444496b0ae5274b6", "5bc4071896cd9e444496b0ae5274b6", 31], "addr_func": "269484104", "addr": 268459454, "ret": 2147411999}, {"name": "FindFirstFileA", "args": ["a05bc4071896cd9e444496b0ae5274b6", 2147412258], "addr_func": "269484148", "addr": 268459473, "ret": "<BV32 retval_FindFirstFileA_32863_32>"}, {"name": "FindClose", "args": ["retval_FindFirstFileA_32863_32"], "addr_func": "269484152", "addr": 268459486, "ret": "<BV32 retval_FindClose_32864_32>"}, {"name": "lstrlenA", "args": [""], "addr_func": "269484100", "addr": 268459498, "ret": 0}, {"name": "lstrcpynA", "args": ["", "", 258], "addr_func": "269484104", "addr": 268459550, "ret": 2147412000}, {"name": "lstrlenA", "args": [""], "addr_func": "269484100", "addr": 268459562, "ret": 0}, {"name": "lstrcpynA", "args": ["a0\\", "a0\\", 261], "addr_func": "269484104", "addr": 268459603, "ret": 2147412627}, {"name": "RegQueryValueExA", "args": [268459031, "a0\\", 0, 0, 2147412898, 2147412892], "addr_func": "269484204", "addr": 268459846, "ret": "<BV32 retval_RegQueryValueExA_32869_32>"}, {"name": "RegCloseKey", "args": [268459031], "addr_func": "269484212", "addr": 268459910, "ret": "<BV32 retval_RegCloseKey_32870_32>"}, {"name": "lstrcpynA", "args": ["PZM", "PZM", 261], "addr_func": "269484104", "addr": 268459939, "ret": 2147412627}, {"name": "GetThreadLocale", "args": [], "addr_func": "269484112", "addr": 268459952, "ret": 0}, {"name": "GetLocaleInfoA", "args": ["retval_GetThreadLocale_32873_32", 3, "", 5], "addr_func": "269484132", "addr": 268459958, "ret": "<BV32 retval_GetLocaleInfoA_32874_32>"}, {"name": "LoadStringA", "args": [268435456, 65472, 2147413232, 4096], "addr_func": "269484192", "addr": 268462022, "ret": "<BV32 retval_LoadStringA_32877_32>"}, {"name": "LoadStringA", "args": [268435456, 65503, 2147413232, 4096], "addr_func": "269484192", "addr": 268462022, "ret": "<BV32 retval_LoadStringA_32878_32>"}, {"name": "LoadStringA", "args": [268435456, 65501, 2147413232, 4096], "addr_func": "269484192", "addr": 268462022, "ret": "<BV32 retval_LoadStringA_32880_32>"}, {"name": "LoadStringA", "args": [268435456, 65502, 2147413232, 4096], "addr_func": "269484192", "addr": 268462022, "ret": "<BV32 retval_LoadStringA_32882_32>"}]}, "12": {"status": "ExcessLoop", "trace": [{"name": "main", "args": ["a05bc4071896cd9e444496b0ae5274b6"], "addr": 268798648, "ret": "symbolic", "addr_func": 268798648}, {"name": "GetModuleHandleA", "args": [0], "addr_func": "269484124", "addr": 268462704, "ret": 268435456}, {"name": "GetKeyboardType", "args": [0], "addr_func": "269484188", "addr": 268448929, "ret": 4}, {"name": "GetCommandLineA", "args": [], "addr_func": "269484140", "addr": 268462363, "ret": 0}, {"name": "GetStartupInfoA", "args": [2147417296], "addr_func": "269484116", "addr": 268440442, "ret": "None"}, {"name": "GetVersion", "args": [], "addr_func": "269484072", "addr": 268462383, "ret": 0}, {"name": "GetVersion", "args": [], "addr_func": "269484072", "addr": 268462400, "ret": 0}, {"name": "GetThreadLocale", "args": [], "addr_func": "269484112", "addr": 268462428, "ret": 0}, {"name": "GetLocaleInfoA", "args": ["retval_GetThreadLocale_32771_32", 4100, "", 7], "addr_func": "269484132", "addr": 268462098, "ret": "<BV32 retval_GetLocaleInfoA_32772_32>"}, {"name": "GetCurrentThreadId", "args": [], "addr_func": "269484076", "addr": 268462460, "ret": 0}, {"name": "GetModuleFileNameA", "args": [268435456, "PZM", 261], "addr_func": "269484128", "addr": 268459026, "ret": 3}, {"name": "GetModuleFileNameA", "args": [0, "a05bc4071896cd9e444496b0ae5274b6", 261], "addr_func": "269484128", "addr": 268459683, "ret": 32}, {"name": "RegOpenKeyExA", "args": [2147483649, "Software\\Borland\\Locales", 0, 983065, 2147412908], "addr_func": "269484208", "addr": 268459713, "ret": "<BV32 retval_RegOpenKeyExA_32797_32>"}, {"name": "GetModuleHandleA", "args": ["kernel32.dll"], "addr_func": "269484124", "addr": 268459213, "ret": 270536744}, {"name": "GetProcAddress", "args": [270536744, "GetLongPathNameA"], "addr_func": "269484120", "addr": 268459230, "ret": 270536748}, {"name": "GetLongPathNameA", "args": ["a05bc4071896cd9e444496b0ae5274b6", "", 261], "addr_func": "270536748", "addr": 268459260, "ret": "<BV32 retval_GetLongPathNameA_32812_32>"}, {"name": "lstrcpynA", "args": ["a0", "a05bc4071896cd9e444496b0ae5274b6", 3], "addr_func": "269484104", "addr": 268459395, "ret": 2147411997}, {"name": "CharNextA", "args": ["bc4071896cd9e444496b0ae5274b6"], "addr_func": "269484200", "addr": 268459156, "ret": 2147412631}, {"name": "CharNextA", "args": ["c4071896cd9e444496b0ae5274b6"], "addr_func": "269484200", "addr": 268459156, "ret": 2147412632}, {"name": "CharNextA", "args": ["4071896cd9e444496b0ae5274b6"], "addr_func": "269484200", "addr": 268459156, "ret": 2147412633}, {"name": "CharNextA", "args": ["071896cd9e444496b0ae5274b6"], "addr_func": "269484200", "addr": 268459156, "ret": 2147412634}, {"name": "CharNextA", "args": ["71896cd9e444496b0ae5274b6"], "addr_func": "269484200", "addr": 268459156, "ret": 2147412635}, {"name": "CharNextA", "args": ["1896cd9e444496b0ae5274b6"], "addr_func": "269484200", "addr": 268459156, "ret": 2147412636}, {"name": "CharNextA", "args": ["896cd9e444496b0ae5274b6"], "addr_func": "269484200", "addr": 268459156, "ret": 2147412637}, {"name": "CharNextA", "args": ["96cd9e444496b0ae5274b6"], "addr_func": "269484200", "addr": 268459156, "ret": 2147412638}, {"name": "CharNextA", "args": ["6cd9e444496b0ae5274b6"], "addr_func": "269484200", "addr": 268459156, "ret": 2147412639}, {"name": "CharNextA", "args": ["cd9e444496b0ae5274b6"], "addr_func": "269484200", "addr": 268459156, "ret": 2147412640}, {"name": "CharNextA", "args": ["d9e444496b0ae5274b6"], "addr_func": "269484200", "addr": 268459156, "ret": 2147412641}, {"name": "CharNextA", "args": ["9e444496b0ae5274b6"], "addr_func": "269484200", "addr": 268459156, "ret": 2147412642}, {"name": "CharNextA", "args": ["e444496b0ae5274b6"], "addr_func": "269484200", "addr": 268459156, "ret": 2147412643}, {"name": "CharNextA", "args": ["444496b0ae5274b6"], "addr_func": "269484200", "addr": 268459156, "ret": 2147412644}, {"name": "CharNextA", "args": ["44496b0ae5274b6"], "addr_func": "269484200", "addr": 268459156, "ret": 2147412645}, {"name": "CharNextA", "args": ["4496b0ae5274b6"], "addr_func": "269484200", "addr": 268459156, "ret": 2147412646}, {"name": "CharNextA", "args": ["496b0ae5274b6"], "addr_func": "269484200", "addr": 268459156, "ret": 2147412647}, {"name": "CharNextA", "args": ["96b0ae5274b6"], "addr_func": "269484200", "addr": 268459156, "ret": 2147412648}, {"name": "CharNextA", "args": ["6b0ae5274b6"], "addr_func": "269484200", "addr": 268459156, "ret": 2147412649}, {"name": "CharNextA", "args": ["b0ae5274b6"], "addr_func": "269484200", "addr": 268459156, "ret": 2147412650}, {"name": "CharNextA", "args": ["0ae5274b6"], "addr_func": "269484200", "addr": 268459156, "ret": 2147412651}, {"name": "CharNextA", "args": ["ae5274b6"], "addr_func": "269484200", "addr": 268459156, "ret": 2147412652}, {"name": "CharNextA", "args": ["e5274b6"], "addr_func": "269484200", "addr": 268459156, "ret": 2147412653}, {"name": "CharNextA", "args": ["5274b6"], "addr_func": "269484200", "addr": 268459156, "ret": 2147412654}, {"name": "CharNextA", "args": ["274b6"], "addr_func": "269484200", "addr": 268459156, "ret": 2147412655}, {"name": "CharNextA", "args": ["74b6"], "addr_func": "269484200", "addr": 268459156, "ret": 2147412656}, {"name": "CharNextA", "args": ["4b6"], "addr_func": "269484200", "addr": 268459156, "ret": 2147412657}, {"name": "CharNextA", "args": ["b6"], "addr_func": "269484200", "addr": 268459156, "ret": 2147412658}, {"name": "CharNextA", "args": ["6"], "addr_func": "269484200", "addr": 268459156, "ret": 2147412659}, {"name": "lstrcpynA", "args": ["5bc4071896cd9e444496b0ae5274b6", "5bc4071896cd9e444496b0ae5274b6", 31], "addr_func": "269484104", "addr": 268459454, "ret": 2147411999}, {"name": "FindFirstFileA", "args": ["a05bc4071896cd9e444496b0ae5274b6", 2147412258], "addr_func": "269484148", "addr": 268459473, "ret": "<BV32 retval_FindFirstFileA_32863_32>"}, {"name": "FindClose", "args": ["retval_FindFirstFileA_32863_32"], "addr_func": "269484152", "addr": 268459486, "ret": "<BV32 retval_FindClose_32864_32>"}, {"name": "lstrlenA", "args": [""], "addr_func": "269484100", "addr": 268459498, "ret": 0}, {"name": "lstrcpynA", "args": ["", "", 258], "addr_func": "269484104", "addr": 268459550, "ret": 2147412000}, {"name": "lstrlenA", "args": [""], "addr_func": "269484100", "addr": 268459562, "ret": 0}, {"name": "lstrcpynA", "args": ["a0\\", "a0\\", 261], "addr_func": "269484104", "addr": 268459603, "ret": 2147412627}, {"name": "RegQueryValueExA", "args": [268459031, "a0\\", 0, 0, 2147412898, 2147412892], "addr_func": "269484204", "addr": 268459846, "ret": "<BV32 retval_RegQueryValueExA_32869_32>"}, {"name": "RegCloseKey", "args": [268459031], "addr_func": "269484212", "addr": 268459910, "ret": "<BV32 retval_RegCloseKey_32870_32>"}, {"name": "lstrcpynA", "args": ["PZM", "PZM", 261], "addr_func": "269484104", "addr": 268459939, "ret": 2147412627}, {"name": "GetThreadLocale", "args": [], "addr_func": "269484112", "addr": 268459952, "ret": 0}, {"name": "GetLocaleInfoA", "args": ["retval_GetThreadLocale_32873_32", 3, "", 5], "addr_func": "269484132", "addr": 268459958, "ret": "<BV32 retval_GetLocaleInfoA_32874_32>"}, {"name": "LoadStringA", "args": [268435456, 65472, 2147413232, 4096], "addr_func": "269484192", "addr": 268462022, "ret": "<BV32 retval_LoadStringA_32877_32>"}, {"name": "LoadStringA", "args": [268435456, 65503, 2147413232, 4096], "addr_func": "269484192", "addr": 268462022, "ret": "<BV32 retval_LoadStringA_32878_32>"}, {"name": "LoadStringA", "args": [268435456, 65501, 2147413232, 4096], "addr_func": "269484192", "addr": 268462022, "ret": "<BV32 retval_LoadStringA_32880_32>"}, {"name": "LoadStringA", "args": [268435456, 65502, 2147413232, 4096], "addr_func": "269484192", "addr": 268462022, "ret": "<BV32 retval_LoadStringA_32883_32>"}]}, "13": {"status": "ExcessLoop", "trace": [{"name": "main", "args": ["a05bc4071896cd9e444496b0ae5274b6"], "addr": 268798648, "ret": "symbolic", "addr_func": 268798648}, {"name": "GetModuleHandleA", "args": [0], "addr_func": "269484124", "addr": 268462704, "ret": 268435456}, {"name": "GetKeyboardType", "args": [0], "addr_func": "269484188", "addr": 268448929, "ret": 4}, {"name": "GetCommandLineA", "args": [], "addr_func": "269484140", "addr": 268462363, "ret": 0}, {"name": "GetStartupInfoA", "args": [2147417296], "addr_func": "269484116", "addr": 268440442, "ret": "None"}, {"name": "GetVersion", "args": [], "addr_func": "269484072", "addr": 268462383, "ret": 0}, {"name": "GetVersion", "args": [], "addr_func": "269484072", "addr": 268462400, "ret": 0}, {"name": "GetThreadLocale", "args": [], "addr_func": "269484112", "addr": 268462428, "ret": 0}, {"name": "GetLocaleInfoA", "args": ["retval_GetThreadLocale_32771_32", 4100, "", 7], "addr_func": "269484132", "addr": 268462098, "ret": "<BV32 retval_GetLocaleInfoA_32772_32>"}, {"name": "GetCurrentThreadId", "args": [], "addr_func": "269484076", "addr": 268462460, "ret": 0}, {"name": "GetModuleFileNameA", "args": [268435456, "PZM", 261], "addr_func": "269484128", "addr": 268459026, "ret": 3}, {"name": "GetModuleFileNameA", "args": [0, "a05bc4071896cd9e444496b0ae5274b6", 261], "addr_func": "269484128", "addr": 268459683, "ret": 32}, {"name": "RegOpenKeyExA", "args": [2147483649, "Software\\Borland\\Locales", 0, 983065, 2147412908], "addr_func": "269484208", "addr": 268459713, "ret": "<BV32 retval_RegOpenKeyExA_32797_32>"}, {"name": "GetModuleHandleA", "args": ["kernel32.dll"], "addr_func": "269484124", "addr": 268459213, "ret": 270536744}, {"name": "GetProcAddress", "args": [270536744, "GetLongPathNameA"], "addr_func": "269484120", "addr": 268459230, "ret": 270536748}, {"name": "GetLongPathNameA", "args": ["a05bc4071896cd9e444496b0ae5274b6", "", 261], "addr_func": "270536748", "addr": 268459260, "ret": "<BV32 retval_GetLongPathNameA_32812_32>"}, {"name": "lstrcpynA", "args": ["", "", 261], "addr_func": "269484104", "addr": 268459282, "ret": 2147412627}, {"name": "RegQueryValueExA", "args": [268459031, "", 0, 0, 2147412898, 2147412892], "addr_func": "269484204", "addr": 268459846, "ret": "<BV32 retval_RegQueryValueExA_32819_32>"}, {"name": "RegCloseKey", "args": [268459031], "addr_func": "269484212", "addr": 268459910, "ret": "<BV32 retval_RegCloseKey_32821_32>"}, {"name": "lstrcpynA", "args": ["PZM", "PZM", 261], "addr_func": "269484104", "addr": 268459939, "ret": 2147412627}, {"name": "GetThreadLocale", "args": [], "addr_func": "269484112", "addr": 268459952, "ret": 0}, {"name": "GetLocaleInfoA", "args": ["retval_GetThreadLocale_32830_32", 3, "", 5], "addr_func": "269484132", "addr": 268459958, "ret": "<BV32 retval_GetLocaleInfoA_32834_32>"}, {"name": "LoadStringA", "args": [268435456, 65472, 2147413232, 4096], "addr_func": "269484192", "addr": 268462022, "ret": "<BV32 retval_LoadStringA_32847_32>"}]}, "14": {"status": "ExcessLoop", "trace": [{"name": "main", "args": ["a05bc4071896cd9e444496b0ae5274b6"], "addr": 268798648, "ret": "symbolic", "addr_func": 268798648}, {"name": "GetModuleHandleA", "args": [0], "addr_func": "269484124", "addr": 268462704, "ret": 268435456}, {"name": "GetKeyboardType", "args": [0], "addr_func": "269484188", "addr": 268448929, "ret": 4}, {"name": "GetCommandLineA", "args": [], "addr_func": "269484140", "addr": 268462363, "ret": 0}, {"name": "GetStartupInfoA", "args": [2147417296], "addr_func": "269484116", "addr": 268440442, "ret": "None"}, {"name": "GetVersion", "args": [], "addr_func": "269484072", "addr": 268462383, "ret": 0}, {"name": "GetVersion", "args": [], "addr_func": "269484072", "addr": 268462400, "ret": 0}, {"name": "GetThreadLocale", "args": [], "addr_func": "269484112", "addr": 268462428, "ret": 0}, {"name": "GetLocaleInfoA", "args": ["retval_GetThreadLocale_32771_32", 4100, "", 7], "addr_func": "269484132", "addr": 268462098, "ret": "<BV32 retval_GetLocaleInfoA_32772_32>"}, {"name": "GetCurrentThreadId", "args": [], "addr_func": "269484076", "addr": 268462460, "ret": 0}, {"name": "GetModuleFileNameA", "args": [268435456, "PZM", 261], "addr_func": "269484128", "addr": 268459026, "ret": 3}, {"name": "GetModuleFileNameA", "args": [0, "a05bc4071896cd9e444496b0ae5274b6", 261], "addr_func": "269484128", "addr": 268459683, "ret": 32}, {"name": "RegOpenKeyExA", "args": [2147483649, "Software\\Borland\\Locales", 0, 983065, 2147412908], "addr_func": "269484208", "addr": 268459713, "ret": "<BV32 retval_RegOpenKeyExA_32797_32>"}, {"name": "GetModuleHandleA", "args": ["kernel32.dll"], "addr_func": "269484124", "addr": 268459213, "ret": 270536744}, {"name": "GetProcAddress", "args": [270536744, "GetLongPathNameA"], "addr_func": "269484120", "addr": 268459230, "ret": 270536748}, {"name": "GetLongPathNameA", "args": ["a05bc4071896cd9e444496b0ae5274b6", "", 261], "addr_func": "270536748", "addr": 268459260, "ret": "<BV32 retval_GetLongPathNameA_32812_32>"}, {"name": "lstrcpynA", "args": ["", "", 261], "addr_func": "269484104", "addr": 268459282, "ret": 2147412627}, {"name": "RegQueryValueExA", "args": [268459031, "", 0, 0, 2147412898, 2147412892], "addr_func": "269484204", "addr": 268459846, "ret": "<BV32 retval_RegQueryValueExA_32819_32>"}, {"name": "RegQueryValueExA", "args": [268459031, "", 0, 0, 2147412898, 2147412892], "addr_func": "269484204", "addr": 268459876, "ret": "<BV32 retval_RegQueryValueExA_32822_32>"}, {"name": "RegCloseKey", "args": [268459031], "addr_func": "269484212", "addr": 268459910, "ret": "<BV32 retval_RegCloseKey_32824_32>"}, {"name": "lstrcpynA", "args": ["PZM", "PZM", 261], "addr_func": "269484104", "addr": 268459939, "ret": 2147412627}, {"name": "GetThreadLocale", "args": [], "addr_func": "269484112", "addr": 268459952, "ret": 0}, {"name": "GetLocaleInfoA", "args": ["retval_GetThreadLocale_32835_32", 3, "", 5], "addr_func": "269484132", "addr": 268459958, "ret": "<BV32 retval_GetLocaleInfoA_32838_32>"}, {"name": "LoadStringA", "args": [268435456, 65472, 2147413232, 4096], "addr_func": "269484192", "addr": 268462022, "ret": "<BV32 retval_LoadStringA_32848_32>"}, {"name": "LoadStringA", "args": [268435456, 65503, 2147413232, 4096], "addr_func": "269484192", "addr": 268462022, "ret": "<BV32 retval_LoadStringA_32852_32>"}, {"name": "LoadStringA", "args": [268435456, 65501, 2147413232, 4096], "addr_func": "269484192", "addr": 268462022, "ret": "<BV32 retval_LoadStringA_32855_32>"}]}, "sections": {"CODE": {"vaddr": 268439552, "memsize": 360016, "is_readable": true, "is_writable": false, "is_executable": true}, "DATA": {"vaddr": 268800000, "memsize": 14048, "is_readable": true, "is_writable": true, "is_executable": false}, "BSS": {"vaddr": 268816384, "memsize": 26433, "is_readable": true, "is_writable": true, "is_executable": false}, ".idata": {"vaddr": 268845056, "memsize": 6992, "is_readable": true, "is_writable": true, "is_executable": false}, ".tls": {"vaddr": 268853248, "memsize": 12, "is_readable": true, "is_writable": true, "is_executable": false}, ".rdata": {"vaddr": 268857344, "memsize": 24, "is_readable": true, "is_writable": false, "is_executable": false}, ".reloc": {"vaddr": 268861440, "memsize": 27292, "is_readable": true, "is_writable": false, "is_executable": false}, ".rsrc": {"vaddr": 268890112, "memsize": 14848, "is_readable": true, "is_writable": false, "is_executable": false}}}