{"0": {"status": "active", "trace": [{"name": "main", "args": ["a099531a2fbea7e134b9377cfb706323"], "addr": 4782064, "ret": "symbolic", "addr_func": 4782064}, {"name": "GetModuleHandleA", "args": [0], "addr_func": "6291564", "addr": 4221920, "ret": 4194304}, {"name": "GetKeyboardType", "args": [0], "addr_func": "6291480", "addr": 4209973, "ret": 4}, {"name": "GetCommandLineA", "args": [], "addr_func": "6291580", "addr": 4780140, "ret": 0}, {"name": "GetStartupInfoA", "args": [2147417624], "addr_func": "6291556", "addr": 4199278, "ret": "None"}, {"name": "GetACP", "args": [], "addr_func": "6291500", "addr": 4780160, "ret": 0}, {"name": "GetCurrentThreadId", "args": [], "addr_func": "6291516", "addr": 4780170, "ret": 0}, {"name": "GetModuleFileNameA", "args": [4194304, "PZM", 261], "addr_func": "6291568", "addr": 4218646, "ret": 3}, {"name": "GetModuleFileNameA", "args": [0, "a099531a2fbea7e134b9377cfb706323", 261], "addr_func": "6291568", "addr": 4219256, "ret": 32}, {"name": "RegOpenKeyExA", "args": [2147483649, "Software\\Borland\\Locales", 0, 983065, 2147413240], "addr_func": "6291472", "addr": 4219286, "ret": "<BV32 retval_RegOpenKeyExA_32768_32>"}, {"name": "RegOpenKeyExA", "args": [2147483650, "Software\\Borland\\Locales", 0, 983065, 2147413240], "addr_func": "6291472", "addr": 4219316, "ret": "<BV32 retval_RegOpenKeyExA_32769_32>"}, {"name": "GetModuleHandleA", "args": ["kernel32.dll"], "addr_func": "6291564", "addr": 4218805, "ret": 7344168}, {"name": "GetProcAddress", "args": [7344168, "GetLongPathNameA"], "addr_func": "6291560", "addr": 4218828, "ret": 7344172}, {"name": "GetLongPathNameA", "args": ["a099531a2fbea7e134b9377cfb706323", "", 261], "addr_func": "7344172", "addr": 4218855, "ret": "<BV32 retval_GetLongPathNameA_32773_32>"}, {"name": "lstrcpynA", "args": ["", "", 261], "addr_func": "6291544", "addr": 4218876, "ret": 2147412963}, {"name": "RegQueryValueExA", "args": [4218651, "", 0, 0, 2147413230, 2147413224], "addr_func": "6291468", "addr": 4219419, "ret": "<BV32 retval_RegQueryValueExA_32777_32>"}, {"name": "RegCloseKey", "args": [4218651], "addr_func": "6291476", "addr": 4219483, "ret": "<BV32 retval_RegCloseKey_32780_32>"}, {"name": "lstrcpynA", "args": ["PZM", "PZM", 261], "addr_func": "6291544", "addr": 4219512, "ret": 2147412963}, {"name": "GetThreadLocale", "args": [], "addr_func": "6291552", "addr": 4219525, "ret": 0}, {"name": "GetLocaleInfoA", "args": ["retval_GetThreadLocale_32790_32", 3, "", 5], "addr_func": "6291572", "addr": 4219531, "ret": "<BV32 retval_GetLocaleInfoA_32793_32>"}, {"name": "LoadStringA", "args": [4194304, 65503, 2147413560, 4096], "addr_func": "6291488", "addr": 4221570, "ret": "<BV32 retval_LoadStringA_32800_32>"}, {"name": "LoadStringA", "args": [4194304, 65502, 2147413560, 4096], "addr_func": "6291488", "addr": 4221570, "ret": "<BV32 retval_LoadStringA_32805_32>"}, {"name": "LoadStringA", "args": [4194304, 65500, 2147413560, 4096], "addr_func": "6291488", "addr": 4221570, "ret": "<BV32 retval_LoadStringA_32809_32>"}, {"name": "LoadStringA", "args": [4194304, 65501, 2147413560, 4096], "addr_func": "6291488", "addr": 4221570, "ret": "<BV32 retval_LoadStringA_32813_32>"}]}, "1": {"status": "active", "trace": [{"name": "main", "args": ["a099531a2fbea7e134b9377cfb706323"], "addr": 4782064, "ret": "symbolic", "addr_func": 4782064}, {"name": "GetModuleHandleA", "args": [0], "addr_func": "6291564", "addr": 4221920, "ret": 4194304}, {"name": "GetKeyboardType", "args": [0], "addr_func": "6291480", "addr": 4209973, "ret": 4}, {"name": "GetCommandLineA", "args": [], "addr_func": "6291580", "addr": 4780140, "ret": 0}, {"name": "GetStartupInfoA", "args": [2147417624], "addr_func": "6291556", "addr": 4199278, "ret": "None"}, {"name": "GetACP", "args": [], "addr_func": "6291500", "addr": 4780160, "ret": 0}, {"name": "GetCurrentThreadId", "args": [], "addr_func": "6291516", "addr": 4780170, "ret": 0}, {"name": "GetModuleFileNameA", "args": [4194304, "PZM", 261], "addr_func": "6291568", "addr": 4218646, "ret": 3}, {"name": "GetModuleFileNameA", "args": [0, "a099531a2fbea7e134b9377cfb706323", 261], "addr_func": "6291568", "addr": 4219256, "ret": 32}, {"name": "RegOpenKeyExA", "args": [2147483649, "Software\\Borland\\Locales", 0, 983065, 2147413240], "addr_func": "6291472", "addr": 4219286, "ret": "<BV32 retval_RegOpenKeyExA_32768_32>"}, {"name": "RegOpenKeyExA", "args": [2147483650, "Software\\Borland\\Locales", 0, 983065, 2147413240], "addr_func": "6291472", "addr": 4219316, "ret": "<BV32 retval_RegOpenKeyExA_32769_32>"}, {"name": "GetModuleHandleA", "args": ["kernel32.dll"], "addr_func": "6291564", "addr": 4218805, "ret": 7344168}, {"name": "GetProcAddress", "args": [7344168, "GetLongPathNameA"], "addr_func": "6291560", "addr": 4218828, "ret": 7344172}, {"name": "GetLongPathNameA", "args": ["a099531a2fbea7e134b9377cfb706323", "", 261], "addr_func": "7344172", "addr": 4218855, "ret": "<BV32 retval_GetLongPathNameA_32773_32>"}, {"name": "lstrcpynA", "args": ["", "", 261], "addr_func": "6291544", "addr": 4218876, "ret": 2147412963}, {"name": "RegQueryValueExA", "args": [4218651, "", 0, 0, 2147413230, 2147413224], "addr_func": "6291468", "addr": 4219419, "ret": "<BV32 retval_RegQueryValueExA_32777_32>"}, {"name": "RegCloseKey", "args": [4218651], "addr_func": "6291476", "addr": 4219483, "ret": "<BV32 retval_RegCloseKey_32780_32>"}, {"name": "lstrcpynA", "args": ["PZM", "PZM", 261], "addr_func": "6291544", "addr": 4219512, "ret": 2147412963}, {"name": "GetThreadLocale", "args": [], "addr_func": "6291552", "addr": 4219525, "ret": 0}, {"name": "GetLocaleInfoA", "args": ["retval_GetThreadLocale_32790_32", 3, "", 5], "addr_func": "6291572", "addr": 4219531, "ret": "<BV32 retval_GetLocaleInfoA_32793_32>"}, {"name": "LoadStringA", "args": [4194304, 65503, 2147413560, 4096], "addr_func": "6291488", "addr": 4221570, "ret": "<BV32 retval_LoadStringA_32800_32>"}, {"name": "LoadStringA", "args": [4194304, 65502, 2147413560, 4096], "addr_func": "6291488", "addr": 4221570, "ret": "<BV32 retval_LoadStringA_32805_32>"}, {"name": "LoadStringA", "args": [4194304, 65500, 2147413560, 4096], "addr_func": "6291488", "addr": 4221570, "ret": "<BV32 retval_LoadStringA_32809_32>"}, {"name": "LoadStringA", "args": [4194304, 65501, 2147413560, 4096], "addr_func": "6291488", "addr": 4221570, "ret": "<BV32 retval_LoadStringA_32813_32>"}, {"name": "VirtualAlloc", "args": [0, 1310720, 4096, 4], "addr_func": "6291512", "addr": 4200118, "ret": 3223060480}, {"name": "LoadStringA", "args": [4194304, 65488, "Hz@", 4096], "addr_func": "6291488", "addr": 4221570, "ret": "<BV32 retval_LoadStringA_32836_32>"}]}, "2": {"status": "active", "trace": [{"name": "main", "args": ["a099531a2fbea7e134b9377cfb706323"], "addr": 4782064, "ret": "symbolic", "addr_func": 4782064}, {"name": "GetModuleHandleA", "args": [0], "addr_func": "6291564", "addr": 4221920, "ret": 4194304}, {"name": "GetKeyboardType", "args": [0], "addr_func": "6291480", "addr": 4209973, "ret": 4}, {"name": "GetCommandLineA", "args": [], "addr_func": "6291580", "addr": 4780140, "ret": 0}, {"name": "GetStartupInfoA", "args": [2147417624], "addr_func": "6291556", "addr": 4199278, "ret": "None"}, {"name": "GetACP", "args": [], "addr_func": "6291500", "addr": 4780160, "ret": 0}, {"name": "GetCurrentThreadId", "args": [], "addr_func": "6291516", "addr": 4780170, "ret": 0}, {"name": "GetModuleFileNameA", "args": [4194304, "PZM", 261], "addr_func": "6291568", "addr": 4218646, "ret": 3}, {"name": "GetModuleFileNameA", "args": [0, "a099531a2fbea7e134b9377cfb706323", 261], "addr_func": "6291568", "addr": 4219256, "ret": 32}, {"name": "RegOpenKeyExA", "args": [2147483649, "Software\\Borland\\Locales", 0, 983065, 2147413240], "addr_func": "6291472", "addr": 4219286, "ret": "<BV32 retval_RegOpenKeyExA_32768_32>"}, {"name": "RegOpenKeyExA", "args": [2147483650, "Software\\Borland\\Locales", 0, 983065, 2147413240], "addr_func": "6291472", "addr": 4219316, "ret": "<BV32 retval_RegOpenKeyExA_32769_32>"}, {"name": "GetModuleHandleA", "args": ["kernel32.dll"], "addr_func": "6291564", "addr": 4218805, "ret": 7344168}, {"name": "GetProcAddress", "args": [7344168, "GetLongPathNameA"], "addr_func": "6291560", "addr": 4218828, "ret": 7344172}, {"name": "GetLongPathNameA", "args": ["a099531a2fbea7e134b9377cfb706323", "", 261], "addr_func": "7344172", "addr": 4218855, "ret": "<BV32 retval_GetLongPathNameA_32773_32>"}, {"name": "lstrcpynA", "args": ["", "", 261], "addr_func": "6291544", "addr": 4218876, "ret": 2147412963}, {"name": "RegQueryValueExA", "args": [4218651, "", 0, 0, 2147413230, 2147413224], "addr_func": "6291468", "addr": 4219419, "ret": "<BV32 retval_RegQueryValueExA_32777_32>"}, {"name": "RegCloseKey", "args": [4218651], "addr_func": "6291476", "addr": 4219483, "ret": "<BV32 retval_RegCloseKey_32780_32>"}, {"name": "lstrcpynA", "args": ["PZM", "PZM", 261], "addr_func": "6291544", "addr": 4219512, "ret": 2147412963}, {"name": "GetThreadLocale", "args": [], "addr_func": "6291552", "addr": 4219525, "ret": 0}, {"name": "GetLocaleInfoA", "args": ["retval_GetThreadLocale_32790_32", 3, "", 5], "addr_func": "6291572", "addr": 4219531, "ret": "<BV32 retval_GetLocaleInfoA_32793_32>"}, {"name": "LoadStringA", "args": [4194304, 65503, 2147413560, 4096], "addr_func": "6291488", "addr": 4221570, "ret": "<BV32 retval_LoadStringA_32800_32>"}, {"name": "LoadStringA", "args": [4194304, 65502, 2147413560, 4096], "addr_func": "6291488", "addr": 4221570, "ret": "<BV32 retval_LoadStringA_32805_32>"}, {"name": "LoadStringA", "args": [4194304, 65500, 2147413560, 4096], "addr_func": "6291488", "addr": 4221570, "ret": "<BV32 retval_LoadStringA_32809_32>"}, {"name": "LoadStringA", "args": [4194304, 65501, 2147413560, 4096], "addr_func": "6291488", "addr": 4221570, "ret": "<BV32 retval_LoadStringA_32813_32>"}, {"name": "VirtualAlloc", "args": [0, 1310720, 4096, 4], "addr_func": "6291512", "addr": 4200118, "ret": 3223060480}, {"name": "LoadStringA", "args": [4194304, 65488, "Hz@", 4096], "addr_func": "6291488", "addr": 4221570, "ret": "<BV32 retval_LoadStringA_32836_32>"}, {"name": "VirtualAlloc", "args": [0, "retval_LoadStringA_32836_32", 1052672, 4], "addr_func": "6291512", "addr": 4200312, "ret": 3224371200}]}, "3": {"status": "active", "trace": [{"name": "main", "args": ["a099531a2fbea7e134b9377cfb706323"], "addr": 4782064, "ret": "symbolic", "addr_func": 4782064}, {"name": "GetModuleHandleA", "args": [0], "addr_func": "6291564", "addr": 4221920, "ret": 4194304}, {"name": "GetKeyboardType", "args": [0], "addr_func": "6291480", "addr": 4209973, "ret": 4}, {"name": "GetCommandLineA", "args": [], "addr_func": "6291580", "addr": 4780140, "ret": 0}, {"name": "GetStartupInfoA", "args": [2147417624], "addr_func": "6291556", "addr": 4199278, "ret": "None"}, {"name": "GetACP", "args": [], "addr_func": "6291500", "addr": 4780160, "ret": 0}, {"name": "GetCurrentThreadId", "args": [], "addr_func": "6291516", "addr": 4780170, "ret": 0}, {"name": "GetModuleFileNameA", "args": [4194304, "PZM", 261], "addr_func": "6291568", "addr": 4218646, "ret": 3}, {"name": "GetModuleFileNameA", "args": [0, "a099531a2fbea7e134b9377cfb706323", 261], "addr_func": "6291568", "addr": 4219256, "ret": 32}, {"name": "RegOpenKeyExA", "args": [2147483649, "Software\\Borland\\Locales", 0, 983065, 2147413240], "addr_func": "6291472", "addr": 4219286, "ret": "<BV32 retval_RegOpenKeyExA_32768_32>"}, {"name": "RegOpenKeyExA", "args": [2147483650, "Software\\Borland\\Locales", 0, 983065, 2147413240], "addr_func": "6291472", "addr": 4219316, "ret": "<BV32 retval_RegOpenKeyExA_32769_32>"}, {"name": "GetModuleHandleA", "args": ["kernel32.dll"], "addr_func": "6291564", "addr": 4218805, "ret": 7344168}, {"name": "GetProcAddress", "args": [7344168, "GetLongPathNameA"], "addr_func": "6291560", "addr": 4218828, "ret": 7344172}, {"name": "GetLongPathNameA", "args": ["a099531a2fbea7e134b9377cfb706323", "", 261], "addr_func": "7344172", "addr": 4218855, "ret": "<BV32 retval_GetLongPathNameA_32773_32>"}, {"name": "lstrcpynA", "args": ["", "", 261], "addr_func": "6291544", "addr": 4218876, "ret": 2147412963}, {"name": "RegQueryValueExA", "args": [4218651, "", 0, 0, 2147413230, 2147413224], "addr_func": "6291468", "addr": 4219419, "ret": "<BV32 retval_RegQueryValueExA_32777_32>"}, {"name": "RegCloseKey", "args": [4218651], "addr_func": "6291476", "addr": 4219483, "ret": "<BV32 retval_RegCloseKey_32780_32>"}, {"name": "lstrcpynA", "args": ["PZM", "PZM", 261], "addr_func": "6291544", "addr": 4219512, "ret": 2147412963}, {"name": "GetThreadLocale", "args": [], "addr_func": "6291552", "addr": 4219525, "ret": 0}, {"name": "GetLocaleInfoA", "args": ["retval_GetThreadLocale_32790_32", 3, "", 5], "addr_func": "6291572", "addr": 4219531, "ret": "<BV32 retval_GetLocaleInfoA_32793_32>"}, {"name": "LoadStringA", "args": [4194304, 65503, 2147413560, 4096], "addr_func": "6291488", "addr": 4221570, "ret": "<BV32 retval_LoadStringA_32800_32>"}, {"name": "LoadStringA", "args": [4194304, 65502, 2147413560, 4096], "addr_func": "6291488", "addr": 4221570, "ret": "<BV32 retval_LoadStringA_32805_32>"}, {"name": "LoadStringA", "args": [4194304, 65500, 2147413560, 4096], "addr_func": "6291488", "addr": 4221570, "ret": "<BV32 retval_LoadStringA_32809_32>"}, {"name": "LoadStringA", "args": [4194304, 65501, 2147413560, 4096], "addr_func": "6291488", "addr": 4221570, "ret": "<BV32 retval_LoadStringA_32813_32>"}, {"name": "VirtualAlloc", "args": [0, 1310720, 4096, 4], "addr_func": "6291512", "addr": 4200118, "ret": 3223060480}, {"name": "LoadStringA", "args": [4194304, 65488, "Hz@", 4096], "addr_func": "6291488", "addr": 4221570, "ret": "<BV32 retval_LoadStringA_32838_32>"}]}, "4": {"status": "active", "trace": [{"name": "main", "args": ["a099531a2fbea7e134b9377cfb706323"], "addr": 4782064, "ret": "symbolic", "addr_func": 4782064}, {"name": "GetModuleHandleA", "args": [0], "addr_func": "6291564", "addr": 4221920, "ret": 4194304}, {"name": "GetKeyboardType", "args": [0], "addr_func": "6291480", "addr": 4209973, "ret": 4}, {"name": "GetCommandLineA", "args": [], "addr_func": "6291580", "addr": 4780140, "ret": 0}, {"name": "GetStartupInfoA", "args": [2147417624], "addr_func": "6291556", "addr": 4199278, "ret": "None"}, {"name": "GetACP", "args": [], "addr_func": "6291500", "addr": 4780160, "ret": 0}, {"name": "GetCurrentThreadId", "args": [], "addr_func": "6291516", "addr": 4780170, "ret": 0}, {"name": "GetModuleFileNameA", "args": [4194304, "PZM", 261], "addr_func": "6291568", "addr": 4218646, "ret": 3}, {"name": "GetModuleFileNameA", "args": [0, "a099531a2fbea7e134b9377cfb706323", 261], "addr_func": "6291568", "addr": 4219256, "ret": 32}, {"name": "RegOpenKeyExA", "args": [2147483649, "Software\\Borland\\Locales", 0, 983065, 2147413240], "addr_func": "6291472", "addr": 4219286, "ret": "<BV32 retval_RegOpenKeyExA_32768_32>"}, {"name": "RegOpenKeyExA", "args": [2147483650, "Software\\Borland\\Locales", 0, 983065, 2147413240], "addr_func": "6291472", "addr": 4219316, "ret": "<BV32 retval_RegOpenKeyExA_32769_32>"}, {"name": "GetModuleHandleA", "args": ["kernel32.dll"], "addr_func": "6291564", "addr": 4218805, "ret": 7344168}, {"name": "GetProcAddress", "args": [7344168, "GetLongPathNameA"], "addr_func": "6291560", "addr": 4218828, "ret": 7344172}, {"name": "GetLongPathNameA", "args": ["a099531a2fbea7e134b9377cfb706323", "", 261], "addr_func": "7344172", "addr": 4218855, "ret": "<BV32 retval_GetLongPathNameA_32773_32>"}, {"name": "lstrcpynA", "args": ["", "", 261], "addr_func": "6291544", "addr": 4218876, "ret": 2147412963}, {"name": "RegQueryValueExA", "args": [4218651, "", 0, 0, 2147413230, 2147413224], "addr_func": "6291468", "addr": 4219419, "ret": "<BV32 retval_RegQueryValueExA_32777_32>"}, {"name": "RegCloseKey", "args": [4218651], "addr_func": "6291476", "addr": 4219483, "ret": "<BV32 retval_RegCloseKey_32780_32>"}, {"name": "lstrcpynA", "args": ["PZM", "PZM", 261], "addr_func": "6291544", "addr": 4219512, "ret": 2147412963}, {"name": "GetThreadLocale", "args": [], "addr_func": "6291552", "addr": 4219525, "ret": 0}, {"name": "GetLocaleInfoA", "args": ["retval_GetThreadLocale_32790_32", 3, "", 5], "addr_func": "6291572", "addr": 4219531, "ret": "<BV32 retval_GetLocaleInfoA_32793_32>"}, {"name": "LoadStringA", "args": [4194304, 65503, 2147413560, 4096], "addr_func": "6291488", "addr": 4221570, "ret": "<BV32 retval_LoadStringA_32800_32>"}, {"name": "LoadStringA", "args": [4194304, 65502, 2147413560, 4096], "addr_func": "6291488", "addr": 4221570, "ret": "<BV32 retval_LoadStringA_32805_32>"}, {"name": "LoadStringA", "args": [4194304, 65500, 2147413560, 4096], "addr_func": "6291488", "addr": 4221570, "ret": "<BV32 retval_LoadStringA_32809_32>"}, {"name": "LoadStringA", "args": [4194304, 65501, 2147413560, 4096], "addr_func": "6291488", "addr": 4221570, "ret": "<BV32 retval_LoadStringA_32813_32>"}, {"name": "VirtualAlloc", "args": [0, 1310720, 4096, 4], "addr_func": "6291512", "addr": 4200118, "ret": 3223060480}, {"name": "LoadStringA", "args": [4194304, 65488, "Hz@", 4096], "addr_func": "6291488", "addr": 4221570, "ret": "<BV32 retval_LoadStringA_32838_32>"}, {"name": "LoadStringA", "args": [4194304, 65496, 2147413560, 4096], "addr_func": "6291488", "addr": 4221570, "ret": "<BV32 retval_LoadStringA_32839_32>"}]}, "5": {"status": "active", "trace": [{"name": "main", "args": ["a099531a2fbea7e134b9377cfb706323"], "addr": 4782064, "ret": "symbolic", "addr_func": 4782064}, {"name": "GetModuleHandleA", "args": [0], "addr_func": "6291564", "addr": 4221920, "ret": 4194304}, {"name": "GetKeyboardType", "args": [0], "addr_func": "6291480", "addr": 4209973, "ret": 4}, {"name": "GetCommandLineA", "args": [], "addr_func": "6291580", "addr": 4780140, "ret": 0}, {"name": "GetStartupInfoA", "args": [2147417624], "addr_func": "6291556", "addr": 4199278, "ret": "None"}, {"name": "GetACP", "args": [], "addr_func": "6291500", "addr": 4780160, "ret": 0}, {"name": "GetCurrentThreadId", "args": [], "addr_func": "6291516", "addr": 4780170, "ret": 0}, {"name": "GetModuleFileNameA", "args": [4194304, "PZM", 261], "addr_func": "6291568", "addr": 4218646, "ret": 3}, {"name": "GetModuleFileNameA", "args": [0, "a099531a2fbea7e134b9377cfb706323", 261], "addr_func": "6291568", "addr": 4219256, "ret": 32}, {"name": "RegOpenKeyExA", "args": [2147483649, "Software\\Borland\\Locales", 0, 983065, 2147413240], "addr_func": "6291472", "addr": 4219286, "ret": "<BV32 retval_RegOpenKeyExA_32768_32>"}, {"name": "RegOpenKeyExA", "args": [2147483650, "Software\\Borland\\Locales", 0, 983065, 2147413240], "addr_func": "6291472", "addr": 4219316, "ret": "<BV32 retval_RegOpenKeyExA_32769_32>"}, {"name": "GetModuleHandleA", "args": ["kernel32.dll"], "addr_func": "6291564", "addr": 4218805, "ret": 7344168}, {"name": "GetProcAddress", "args": [7344168, "GetLongPathNameA"], "addr_func": "6291560", "addr": 4218828, "ret": 7344172}, {"name": "GetLongPathNameA", "args": ["a099531a2fbea7e134b9377cfb706323", "", 261], "addr_func": "7344172", "addr": 4218855, "ret": "<BV32 retval_GetLongPathNameA_32773_32>"}, {"name": "lstrcpynA", "args": ["", "", 261], "addr_func": "6291544", "addr": 4218876, "ret": 2147412963}, {"name": "RegQueryValueExA", "args": [4218651, "", 0, 0, 2147413230, 2147413224], "addr_func": "6291468", "addr": 4219419, "ret": "<BV32 retval_RegQueryValueExA_32777_32>"}, {"name": "RegCloseKey", "args": [4218651], "addr_func": "6291476", "addr": 4219483, "ret": "<BV32 retval_RegCloseKey_32780_32>"}, {"name": "lstrcpynA", "args": ["PZM", "PZM", 261], "addr_func": "6291544", "addr": 4219512, "ret": 2147412963}, {"name": "GetThreadLocale", "args": [], "addr_func": "6291552", "addr": 4219525, "ret": 0}, {"name": "GetLocaleInfoA", "args": ["retval_GetThreadLocale_32790_32", 3, "", 5], "addr_func": "6291572", "addr": 4219531, "ret": "<BV32 retval_GetLocaleInfoA_32793_32>"}, {"name": "LoadStringA", "args": [4194304, 65503, 2147413560, 4096], "addr_func": "6291488", "addr": 4221570, "ret": "<BV32 retval_LoadStringA_32800_32>"}, {"name": "LoadStringA", "args": [4194304, 65502, 2147413560, 4096], "addr_func": "6291488", "addr": 4221570, "ret": "<BV32 retval_LoadStringA_32805_32>"}, {"name": "LoadStringA", "args": [4194304, 65500, 2147413560, 4096], "addr_func": "6291488", "addr": 4221570, "ret": "<BV32 retval_LoadStringA_32809_32>"}, {"name": "LoadStringA", "args": [4194304, 65501, 2147413560, 4096], "addr_func": "6291488", "addr": 4221570, "ret": "<BV32 retval_LoadStringA_32813_32>"}, {"name": "VirtualAlloc", "args": [0, 1310720, 4096, 4], "addr_func": "6291512", "addr": 4200118, "ret": 3223060480}, {"name": "LoadStringA", "args": [4194304, 65488, "Hz@", 4096], "addr_func": "6291488", "addr": 4221570, "ret": "<BV32 retval_LoadStringA_32838_32>"}, {"name": "LoadStringA", "args": [4194304, 65496, 2147413560, 4096], "addr_func": "6291488", "addr": 4221570, "ret": "<BV32 retval_LoadStringA_32839_32>"}, {"name": "VirtualAlloc", "args": [0, "retval_LoadStringA_32839_32", 1052672, 4], "addr_func": "6291512", "addr": 4200312, "ret": 3224371200}]}, "6": {"status": "active", "trace": [{"name": "main", "args": ["a099531a2fbea7e134b9377cfb706323"], "addr": 4782064, "ret": "symbolic", "addr_func": 4782064}, {"name": "GetModuleHandleA", "args": [0], "addr_func": "6291564", "addr": 4221920, "ret": 4194304}, {"name": "GetKeyboardType", "args": [0], "addr_func": "6291480", "addr": 4209973, "ret": 4}, {"name": "GetCommandLineA", "args": [], "addr_func": "6291580", "addr": 4780140, "ret": 0}, {"name": "GetStartupInfoA", "args": [2147417624], "addr_func": "6291556", "addr": 4199278, "ret": "None"}, {"name": "GetACP", "args": [], "addr_func": "6291500", "addr": 4780160, "ret": 0}, {"name": "GetCurrentThreadId", "args": [], "addr_func": "6291516", "addr": 4780170, "ret": 0}, {"name": "GetModuleFileNameA", "args": [4194304, "PZM", 261], "addr_func": "6291568", "addr": 4218646, "ret": 3}, {"name": "GetModuleFileNameA", "args": [0, "a099531a2fbea7e134b9377cfb706323", 261], "addr_func": "6291568", "addr": 4219256, "ret": 32}, {"name": "RegOpenKeyExA", "args": [2147483649, "Software\\Borland\\Locales", 0, 983065, 2147413240], "addr_func": "6291472", "addr": 4219286, "ret": "<BV32 retval_RegOpenKeyExA_32768_32>"}, {"name": "RegOpenKeyExA", "args": [2147483650, "Software\\Borland\\Locales", 0, 983065, 2147413240], "addr_func": "6291472", "addr": 4219316, "ret": "<BV32 retval_RegOpenKeyExA_32769_32>"}, {"name": "GetModuleHandleA", "args": ["kernel32.dll"], "addr_func": "6291564", "addr": 4218805, "ret": 7344168}, {"name": "GetProcAddress", "args": [7344168, "GetLongPathNameA"], "addr_func": "6291560", "addr": 4218828, "ret": 7344172}, {"name": "GetLongPathNameA", "args": ["a099531a2fbea7e134b9377cfb706323", "", 261], "addr_func": "7344172", "addr": 4218855, "ret": "<BV32 retval_GetLongPathNameA_32773_32>"}, {"name": "lstrcpynA", "args": ["", "", 261], "addr_func": "6291544", "addr": 4218876, "ret": 2147412963}, {"name": "RegQueryValueExA", "args": [4218651, "", 0, 0, 2147413230, 2147413224], "addr_func": "6291468", "addr": 4219419, "ret": "<BV32 retval_RegQueryValueExA_32777_32>"}, {"name": "RegCloseKey", "args": [4218651], "addr_func": "6291476", "addr": 4219483, "ret": "<BV32 retval_RegCloseKey_32780_32>"}, {"name": "lstrcpynA", "args": ["PZM", "PZM", 261], "addr_func": "6291544", "addr": 4219512, "ret": 2147412963}, {"name": "GetThreadLocale", "args": [], "addr_func": "6291552", "addr": 4219525, "ret": 0}, {"name": "GetLocaleInfoA", "args": ["retval_GetThreadLocale_32790_32", 3, "", 5], "addr_func": "6291572", "addr": 4219531, "ret": "<BV32 retval_GetLocaleInfoA_32793_32>"}, {"name": "LoadStringA", "args": [4194304, 65503, 2147413560, 4096], "addr_func": "6291488", "addr": 4221570, "ret": "<BV32 retval_LoadStringA_32800_32>"}, {"name": "LoadStringA", "args": [4194304, 65502, 2147413560, 4096], "addr_func": "6291488", "addr": 4221570, "ret": "<BV32 retval_LoadStringA_32805_32>"}, {"name": "LoadStringA", "args": [4194304, 65500, 2147413560, 4096], "addr_func": "6291488", "addr": 4221570, "ret": "<BV32 retval_LoadStringA_32809_32>"}, {"name": "LoadStringA", "args": [4194304, 65501, 2147413560, 4096], "addr_func": "6291488", "addr": 4221570, "ret": "<BV32 retval_LoadStringA_32813_32>"}, {"name": "VirtualAlloc", "args": [0, 1310720, 4096, 4], "addr_func": "6291512", "addr": 4200118, "ret": 3223060480}, {"name": "LoadStringA", "args": [4194304, 65488, "Hz@", 4096], "addr_func": "6291488", "addr": 4221570, "ret": "<BV32 retval_LoadStringA_32838_32>"}, {"name": "VirtualAlloc", "args": [0, "retval_LoadStringA_32838_32", 1052672, 4], "addr_func": "6291512", "addr": 4200312, "ret": 3224371200}]}, "7": {"status": "ExcessLoop", "trace": [{"name": "main", "args": ["a099531a2fbea7e134b9377cfb706323"], "addr": 4782064, "ret": "symbolic", "addr_func": 4782064}, {"name": "GetModuleHandleA", "args": [0], "addr_func": "6291564", "addr": 4221920, "ret": 4194304}, {"name": "GetKeyboardType", "args": [0], "addr_func": "6291480", "addr": 4209973, "ret": 4}, {"name": "GetCommandLineA", "args": [], "addr_func": "6291580", "addr": 4780140, "ret": 0}, {"name": "GetStartupInfoA", "args": [2147417624], "addr_func": "6291556", "addr": 4199278, "ret": "None"}, {"name": "GetACP", "args": [], "addr_func": "6291500", "addr": 4780160, "ret": 0}, {"name": "GetCurrentThreadId", "args": [], "addr_func": "6291516", "addr": 4780170, "ret": 0}, {"name": "GetModuleFileNameA", "args": [4194304, "PZM", 261], "addr_func": "6291568", "addr": 4218646, "ret": 3}, {"name": "GetModuleFileNameA", "args": [0, "a099531a2fbea7e134b9377cfb706323", 261], "addr_func": "6291568", "addr": 4219256, "ret": 32}, {"name": "RegOpenKeyExA", "args": [2147483649, "Software\\Borland\\Locales", 0, 983065, 2147413240], "addr_func": "6291472", "addr": 4219286, "ret": "<BV32 retval_RegOpenKeyExA_32768_32>"}, {"name": "RegOpenKeyExA", "args": [2147483650, "Software\\Borland\\Locales", 0, 983065, 2147413240], "addr_func": "6291472", "addr": 4219316, "ret": "<BV32 retval_RegOpenKeyExA_32769_32>"}, {"name": "GetModuleHandleA", "args": ["kernel32.dll"], "addr_func": "6291564", "addr": 4218805, "ret": 7344168}, {"name": "GetProcAddress", "args": [7344168, "GetLongPathNameA"], "addr_func": "6291560", "addr": 4218828, "ret": 7344172}, {"name": "GetLongPathNameA", "args": ["a099531a2fbea7e134b9377cfb706323", "", 261], "addr_func": "7344172", "addr": 4218855, "ret": "<BV32 retval_GetLongPathNameA_32773_32>"}, {"name": "lstrcpynA", "args": ["", "", 261], "addr_func": "6291544", "addr": 4218876, "ret": 2147412963}, {"name": "RegQueryValueExA", "args": [4218651, "", 0, 0, 2147413230, 2147413224], "addr_func": "6291468", "addr": 4219419, "ret": "<BV32 retval_RegQueryValueExA_32777_32>"}, {"name": "RegCloseKey", "args": [4218651], "addr_func": "6291476", "addr": 4219483, "ret": "<BV32 retval_RegCloseKey_32780_32>"}, {"name": "lstrcpynA", "args": ["PZM", "PZM", 261], "addr_func": "6291544", "addr": 4219512, "ret": 2147412963}, {"name": "GetThreadLocale", "args": [], "addr_func": "6291552", "addr": 4219525, "ret": 0}, {"name": "GetLocaleInfoA", "args": ["retval_GetThreadLocale_32790_32", 3, "", 5], "addr_func": "6291572", "addr": 4219531, "ret": "<BV32 retval_GetLocaleInfoA_32793_32>"}, {"name": "LoadStringA", "args": [4194304, 65503, 2147413560, 4096], "addr_func": "6291488", "addr": 4221570, "ret": "<BV32 retval_LoadStringA_32800_32>"}, {"name": "LoadStringA", "args": [4194304, 65502, 2147413560, 4096], "addr_func": "6291488", "addr": 4221570, "ret": "<BV32 retval_LoadStringA_32805_32>"}, {"name": "LoadStringA", "args": [4194304, 65500, 2147413560, 4096], "addr_func": "6291488", "addr": 4221570, "ret": "<BV32 retval_LoadStringA_32808_32>"}, {"name": "LoadStringA", "args": [4194304, 65501, 2147413560, 4096], "addr_func": "6291488", "addr": 4221570, "ret": "<BV32 retval_LoadStringA_32810_32>"}]}, "8": {"status": "ExcessLoop", "trace": [{"name": "main", "args": ["a099531a2fbea7e134b9377cfb706323"], "addr": 4782064, "ret": "symbolic", "addr_func": 4782064}, {"name": "GetModuleHandleA", "args": [0], "addr_func": "6291564", "addr": 4221920, "ret": 4194304}, {"name": "GetKeyboardType", "args": [0], "addr_func": "6291480", "addr": 4209973, "ret": 4}, {"name": "GetCommandLineA", "args": [], "addr_func": "6291580", "addr": 4780140, "ret": 0}, {"name": "GetStartupInfoA", "args": [2147417624], "addr_func": "6291556", "addr": 4199278, "ret": "None"}, {"name": "GetACP", "args": [], "addr_func": "6291500", "addr": 4780160, "ret": 0}, {"name": "GetCurrentThreadId", "args": [], "addr_func": "6291516", "addr": 4780170, "ret": 0}, {"name": "GetModuleFileNameA", "args": [4194304, "PZM", 261], "addr_func": "6291568", "addr": 4218646, "ret": 3}, {"name": "GetModuleFileNameA", "args": [0, "a099531a2fbea7e134b9377cfb706323", 261], "addr_func": "6291568", "addr": 4219256, "ret": 32}, {"name": "RegOpenKeyExA", "args": [2147483649, "Software\\Borland\\Locales", 0, 983065, 2147413240], "addr_func": "6291472", "addr": 4219286, "ret": "<BV32 retval_RegOpenKeyExA_32768_32>"}, {"name": "RegOpenKeyExA", "args": [2147483650, "Software\\Borland\\Locales", 0, 983065, 2147413240], "addr_func": "6291472", "addr": 4219316, "ret": "<BV32 retval_RegOpenKeyExA_32769_32>"}, {"name": "GetModuleHandleA", "args": ["kernel32.dll"], "addr_func": "6291564", "addr": 4218805, "ret": 7344168}, {"name": "GetProcAddress", "args": [7344168, "GetLongPathNameA"], "addr_func": "6291560", "addr": 4218828, "ret": 7344172}, {"name": "GetLongPathNameA", "args": ["a099531a2fbea7e134b9377cfb706323", "", 261], "addr_func": "7344172", "addr": 4218855, "ret": "<BV32 retval_GetLongPathNameA_32773_32>"}, {"name": "lstrcpynA", "args": ["", "", 261], "addr_func": "6291544", "addr": 4218876, "ret": 2147412963}, {"name": "RegQueryValueExA", "args": [4218651, "", 0, 0, 2147413230, 2147413224], "addr_func": "6291468", "addr": 4219419, "ret": "<BV32 retval_RegQueryValueExA_32777_32>"}, {"name": "RegCloseKey", "args": [4218651], "addr_func": "6291476", "addr": 4219483, "ret": "<BV32 retval_RegCloseKey_32780_32>"}, {"name": "lstrcpynA", "args": ["PZM", "PZM", 261], "addr_func": "6291544", "addr": 4219512, "ret": 2147412963}, {"name": "GetThreadLocale", "args": [], "addr_func": "6291552", "addr": 4219525, "ret": 0}, {"name": "GetLocaleInfoA", "args": ["retval_GetThreadLocale_32790_32", 3, "", 5], "addr_func": "6291572", "addr": 4219531, "ret": "<BV32 retval_GetLocaleInfoA_32793_32>"}, {"name": "LoadStringA", "args": [4194304, 65503, 2147413560, 4096], "addr_func": "6291488", "addr": 4221570, "ret": "<BV32 retval_LoadStringA_32800_32>"}, {"name": "LoadStringA", "args": [4194304, 65502, 2147413560, 4096], "addr_func": "6291488", "addr": 4221570, "ret": "<BV32 retval_LoadStringA_32805_32>"}, {"name": "LoadStringA", "args": [4194304, 65500, 2147413560, 4096], "addr_func": "6291488", "addr": 4221570, "ret": "<BV32 retval_LoadStringA_32809_32>"}, {"name": "LoadStringA", "args": [4194304, 65501, 2147413560, 4096], "addr_func": "6291488", "addr": 4221570, "ret": "<BV32 retval_LoadStringA_32811_32>"}]}, "9": {"status": "ExcessLoop", "trace": [{"name": "main", "args": ["a099531a2fbea7e134b9377cfb706323"], "addr": 4782064, "ret": "symbolic", "addr_func": 4782064}, {"name": "GetModuleHandleA", "args": [0], "addr_func": "6291564", "addr": 4221920, "ret": 4194304}, {"name": "GetKeyboardType", "args": [0], "addr_func": "6291480", "addr": 4209973, "ret": 4}, {"name": "GetCommandLineA", "args": [], "addr_func": "6291580", "addr": 4780140, "ret": 0}, {"name": "GetStartupInfoA", "args": [2147417624], "addr_func": "6291556", "addr": 4199278, "ret": "None"}, {"name": "GetACP", "args": [], "addr_func": "6291500", "addr": 4780160, "ret": 0}, {"name": "GetCurrentThreadId", "args": [], "addr_func": "6291516", "addr": 4780170, "ret": 0}, {"name": "GetModuleFileNameA", "args": [4194304, "PZM", 261], "addr_func": "6291568", "addr": 4218646, "ret": 3}, {"name": "GetModuleFileNameA", "args": [0, "a099531a2fbea7e134b9377cfb706323", 261], "addr_func": "6291568", "addr": 4219256, "ret": 32}, {"name": "RegOpenKeyExA", "args": [2147483649, "Software\\Borland\\Locales", 0, 983065, 2147413240], "addr_func": "6291472", "addr": 4219286, "ret": "<BV32 retval_RegOpenKeyExA_32768_32>"}, {"name": "RegOpenKeyExA", "args": [2147483650, "Software\\Borland\\Locales", 0, 983065, 2147413240], "addr_func": "6291472", "addr": 4219316, "ret": "<BV32 retval_RegOpenKeyExA_32769_32>"}, {"name": "GetModuleHandleA", "args": ["kernel32.dll"], "addr_func": "6291564", "addr": 4218805, "ret": 7344168}, {"name": "GetProcAddress", "args": [7344168, "GetLongPathNameA"], "addr_func": "6291560", "addr": 4218828, "ret": 7344172}, {"name": "GetLongPathNameA", "args": ["a099531a2fbea7e134b9377cfb706323", "", 261], "addr_func": "7344172", "addr": 4218855, "ret": "<BV32 retval_GetLongPathNameA_32773_32>"}, {"name": "lstrcpynA", "args": ["", "", 261], "addr_func": "6291544", "addr": 4218876, "ret": 2147412963}, {"name": "RegQueryValueExA", "args": [4218651, "", 0, 0, 2147413230, 2147413224], "addr_func": "6291468", "addr": 4219419, "ret": "<BV32 retval_RegQueryValueExA_32777_32>"}, {"name": "RegCloseKey", "args": [4218651], "addr_func": "6291476", "addr": 4219483, "ret": "<BV32 retval_RegCloseKey_32780_32>"}, {"name": "lstrcpynA", "args": ["PZM", "PZM", 261], "addr_func": "6291544", "addr": 4219512, "ret": 2147412963}, {"name": "GetThreadLocale", "args": [], "addr_func": "6291552", "addr": 4219525, "ret": 0}, {"name": "GetLocaleInfoA", "args": ["retval_GetThreadLocale_32790_32", 3, "", 5], "addr_func": "6291572", "addr": 4219531, "ret": "<BV32 retval_GetLocaleInfoA_32793_32>"}, {"name": "LoadStringA", "args": [4194304, 65503, 2147413560, 4096], "addr_func": "6291488", "addr": 4221570, "ret": "<BV32 retval_LoadStringA_32800_32>"}, {"name": "LoadStringA", "args": [4194304, 65502, 2147413560, 4096], "addr_func": "6291488", "addr": 4221570, "ret": "<BV32 retval_LoadStringA_32805_32>"}, {"name": "LoadStringA", "args": [4194304, 65500, 2147413560, 4096], "addr_func": "6291488", "addr": 4221570, "ret": "<BV32 retval_LoadStringA_32808_32>"}, {"name": "LoadStringA", "args": [4194304, 65501, 2147413560, 4096], "addr_func": "6291488", "addr": 4221570, "ret": "<BV32 retval_LoadStringA_32812_32>"}]}, "10": {"status": "ExcessLoop", "trace": [{"name": "main", "args": ["a099531a2fbea7e134b9377cfb706323"], "addr": 4782064, "ret": "symbolic", "addr_func": 4782064}, {"name": "GetModuleHandleA", "args": [0], "addr_func": "6291564", "addr": 4221920, "ret": 4194304}, {"name": "GetKeyboardType", "args": [0], "addr_func": "6291480", "addr": 4209973, "ret": 4}, {"name": "GetCommandLineA", "args": [], "addr_func": "6291580", "addr": 4780140, "ret": 0}, {"name": "GetStartupInfoA", "args": [2147417624], "addr_func": "6291556", "addr": 4199278, "ret": "None"}, {"name": "GetACP", "args": [], "addr_func": "6291500", "addr": 4780160, "ret": 0}, {"name": "GetCurrentThreadId", "args": [], "addr_func": "6291516", "addr": 4780170, "ret": 0}, {"name": "GetModuleFileNameA", "args": [4194304, "PZM", 261], "addr_func": "6291568", "addr": 4218646, "ret": 3}, {"name": "GetModuleFileNameA", "args": [0, "a099531a2fbea7e134b9377cfb706323", 261], "addr_func": "6291568", "addr": 4219256, "ret": 32}, {"name": "RegOpenKeyExA", "args": [2147483649, "Software\\Borland\\Locales", 0, 983065, 2147413240], "addr_func": "6291472", "addr": 4219286, "ret": "<BV32 retval_RegOpenKeyExA_32768_32>"}, {"name": "RegOpenKeyExA", "args": [2147483650, "Software\\Borland\\Locales", 0, 983065, 2147413240], "addr_func": "6291472", "addr": 4219316, "ret": "<BV32 retval_RegOpenKeyExA_32769_32>"}, {"name": "GetModuleHandleA", "args": ["kernel32.dll"], "addr_func": "6291564", "addr": 4218805, "ret": 7344168}, {"name": "GetProcAddress", "args": [7344168, "GetLongPathNameA"], "addr_func": "6291560", "addr": 4218828, "ret": 7344172}, {"name": "GetLongPathNameA", "args": ["a099531a2fbea7e134b9377cfb706323", "", 261], "addr_func": "7344172", "addr": 4218855, "ret": "<BV32 retval_GetLongPathNameA_32773_32>"}, {"name": "lstrcpynA", "args": ["a0", "a099531a2fbea7e134b9377cfb706323", 3], "addr_func": "6291544", "addr": 4218976, "ret": 2147412337}, {"name": "CharNextA", "args": ["9531a2fbea7e134b9377cfb706323"], "addr_func": "6291496", "addr": 4218751, "ret": 2147412967}, {"name": "CharNextA", "args": ["531a2fbea7e134b9377cfb706323"], "addr_func": "6291496", "addr": 4218751, "ret": 2147412968}, {"name": "CharNextA", "args": ["31a2fbea7e134b9377cfb706323"], "addr_func": "6291496", "addr": 4218751, "ret": 2147412969}, {"name": "CharNextA", "args": ["1a2fbea7e134b9377cfb706323"], "addr_func": "6291496", "addr": 4218751, "ret": 2147412970}, {"name": "CharNextA", "args": ["a2fbea7e134b9377cfb706323"], "addr_func": "6291496", "addr": 4218751, "ret": 2147412971}, {"name": "CharNextA", "args": ["2fbea7e134b9377cfb706323"], "addr_func": "6291496", "addr": 4218751, "ret": 2147412972}, {"name": "CharNextA", "args": ["fbea7e134b9377cfb706323"], "addr_func": "6291496", "addr": 4218751, "ret": 2147412973}, {"name": "CharNextA", "args": ["bea7e134b9377cfb706323"], "addr_func": "6291496", "addr": 4218751, "ret": 2147412974}, {"name": "CharNextA", "args": ["ea7e134b9377cfb706323"], "addr_func": "6291496", "addr": 4218751, "ret": 2147412975}, {"name": "CharNextA", "args": ["a7e134b9377cfb706323"], "addr_func": "6291496", "addr": 4218751, "ret": 2147412976}, {"name": "CharNextA", "args": ["7e134b9377cfb706323"], "addr_func": "6291496", "addr": 4218751, "ret": 2147412977}, {"name": "CharNextA", "args": ["e134b9377cfb706323"], "addr_func": "6291496", "addr": 4218751, "ret": 2147412978}, {"name": "CharNextA", "args": ["134b9377cfb706323"], "addr_func": "6291496", "addr": 4218751, "ret": 2147412979}, {"name": "CharNextA", "args": ["34b9377cfb706323"], "addr_func": "6291496", "addr": 4218751, "ret": 2147412980}, {"name": "CharNextA", "args": ["4b9377cfb706323"], "addr_func": "6291496", "addr": 4218751, "ret": 2147412981}, {"name": "CharNextA", "args": ["b9377cfb706323"], "addr_func": "6291496", "addr": 4218751, "ret": 2147412982}, {"name": "CharNextA", "args": ["9377cfb706323"], "addr_func": "6291496", "addr": 4218751, "ret": 2147412983}, {"name": "CharNextA", "args": ["377cfb706323"], "addr_func": "6291496", "addr": 4218751, "ret": 2147412984}, {"name": "CharNextA", "args": ["77cfb706323"], "addr_func": "6291496", "addr": 4218751, "ret": 2147412985}, {"name": "CharNextA", "args": ["7cfb706323"], "addr_func": "6291496", "addr": 4218751, "ret": 2147412986}, {"name": "CharNextA", "args": ["cfb706323"], "addr_func": "6291496", "addr": 4218751, "ret": 2147412987}, {"name": "CharNextA", "args": ["fb706323"], "addr_func": "6291496", "addr": 4218751, "ret": 2147412988}, {"name": "CharNextA", "args": ["b706323"], "addr_func": "6291496", "addr": 4218751, "ret": 2147412989}, {"name": "CharNextA", "args": ["706323"], "addr_func": "6291496", "addr": 4218751, "ret": 2147412990}, {"name": "CharNextA", "args": ["06323"], "addr_func": "6291496", "addr": 4218751, "ret": 2147412991}, {"name": "CharNextA", "args": ["6323"], "addr_func": "6291496", "addr": 4218751, "ret": 2147412992}, {"name": "CharNextA", "args": ["323"], "addr_func": "6291496", "addr": 4218751, "ret": 2147412993}, {"name": "CharNextA", "args": ["23"], "addr_func": "6291496", "addr": 4218751, "ret": 2147412994}, {"name": "CharNextA", "args": ["3"], "addr_func": "6291496", "addr": 4218751, "ret": 2147412995}, {"name": "lstrcpynA", "args": ["99531a2fbea7e134b9377cfb706323", "99531a2fbea7e134b9377cfb706323", 31], "addr_func": "6291544", "addr": 4219030, "ret": 2147412339}, {"name": "FindFirstFileA", "args": ["a099531a2fbea7e134b9377cfb706323", 2147412598], "addr_func": "6291588", "addr": 4219049, "ret": "<BV32 retval_FindFirstFileA_32814_32>"}, {"name": "FindClose", "args": ["retval_FindFirstFileA_32814_32"], "addr_func": "6291592", "addr": 4219067, "ret": "<BV32 retval_FindClose_32815_32>"}, {"name": "lstrlenA", "args": [""], "addr_func": "6291540", "addr": 4219079, "ret": 0}, {"name": "lstrcpynA", "args": ["", "", 258], "addr_func": "6291544", "addr": 4219131, "ret": 2147412340}, {"name": "lstrlenA", "args": [""], "addr_func": "6291540", "addr": 4219143, "ret": 0}, {"name": "lstrcpynA", "args": ["a0\\", "a0\\", 261], "addr_func": "6291544", "addr": 4219177, "ret": 2147412963}, {"name": "RegQueryValueExA", "args": [4218651, "a0\\", 0, 0, 2147413230, 2147413224], "addr_func": "6291468", "addr": 4219419, "ret": "<BV32 retval_RegQueryValueExA_32820_32>"}, {"name": "RegCloseKey", "args": [4218651], "addr_func": "6291476", "addr": 4219483, "ret": "<BV32 retval_RegCloseKey_32821_32>"}, {"name": "lstrcpynA", "args": ["PZM", "PZM", 261], "addr_func": "6291544", "addr": 4219512, "ret": 2147412963}, {"name": "GetThreadLocale", "args": [], "addr_func": "6291552", "addr": 4219525, "ret": 0}, {"name": "GetLocaleInfoA", "args": ["retval_GetThreadLocale_32824_32", 3, "", 5], "addr_func": "6291572", "addr": 4219531, "ret": "<BV32 retval_GetLocaleInfoA_32825_32>"}, {"name": "LoadStringA", "args": [4194304, 65503, 2147413560, 4096], "addr_func": "6291488", "addr": 4221570, "ret": "<BV32 retval_LoadStringA_32828_32>"}, {"name": "LoadStringA", "args": [4194304, 65502, 2147413560, 4096], "addr_func": "6291488", "addr": 4221570, "ret": "<BV32 retval_LoadStringA_32830_32>"}, {"name": "LoadStringA", "args": [4194304, 65500, 2147413560, 4096], "addr_func": "6291488", "addr": 4221570, "ret": "<BV32 retval_LoadStringA_32832_32>"}, {"name": "LoadStringA", "args": [4194304, 65501, 2147413560, 4096], "addr_func": "6291488", "addr": 4221570, "ret": "<BV32 retval_LoadStringA_32833_32>"}]}, "11": {"status": "ExcessLoop", "trace": [{"name": "main", "args": ["a099531a2fbea7e134b9377cfb706323"], "addr": 4782064, "ret": "symbolic", "addr_func": 4782064}, {"name": "GetModuleHandleA", "args": [0], "addr_func": "6291564", "addr": 4221920, "ret": 4194304}, {"name": "GetKeyboardType", "args": [0], "addr_func": "6291480", "addr": 4209973, "ret": 4}, {"name": "GetCommandLineA", "args": [], "addr_func": "6291580", "addr": 4780140, "ret": 0}, {"name": "GetStartupInfoA", "args": [2147417624], "addr_func": "6291556", "addr": 4199278, "ret": "None"}, {"name": "GetACP", "args": [], "addr_func": "6291500", "addr": 4780160, "ret": 0}, {"name": "GetCurrentThreadId", "args": [], "addr_func": "6291516", "addr": 4780170, "ret": 0}, {"name": "GetModuleFileNameA", "args": [4194304, "PZM", 261], "addr_func": "6291568", "addr": 4218646, "ret": 3}, {"name": "GetModuleFileNameA", "args": [0, "a099531a2fbea7e134b9377cfb706323", 261], "addr_func": "6291568", "addr": 4219256, "ret": 32}, {"name": "RegOpenKeyExA", "args": [2147483649, "Software\\Borland\\Locales", 0, 983065, 2147413240], "addr_func": "6291472", "addr": 4219286, "ret": "<BV32 retval_RegOpenKeyExA_32768_32>"}, {"name": "RegOpenKeyExA", "args": [2147483650, "Software\\Borland\\Locales", 0, 983065, 2147413240], "addr_func": "6291472", "addr": 4219316, "ret": "<BV32 retval_RegOpenKeyExA_32769_32>"}, {"name": "GetModuleHandleA", "args": ["kernel32.dll"], "addr_func": "6291564", "addr": 4218805, "ret": 7344168}, {"name": "GetProcAddress", "args": [7344168, "GetLongPathNameA"], "addr_func": "6291560", "addr": 4218828, "ret": 7344172}, {"name": "GetLongPathNameA", "args": ["a099531a2fbea7e134b9377cfb706323", "", 261], "addr_func": "7344172", "addr": 4218855, "ret": "<BV32 retval_GetLongPathNameA_32773_32>"}, {"name": "lstrcpynA", "args": ["a0", "a099531a2fbea7e134b9377cfb706323", 3], "addr_func": "6291544", "addr": 4218976, "ret": 2147412337}, {"name": "CharNextA", "args": ["9531a2fbea7e134b9377cfb706323"], "addr_func": "6291496", "addr": 4218751, "ret": 2147412967}, {"name": "CharNextA", "args": ["531a2fbea7e134b9377cfb706323"], "addr_func": "6291496", "addr": 4218751, "ret": 2147412968}, {"name": "CharNextA", "args": ["31a2fbea7e134b9377cfb706323"], "addr_func": "6291496", "addr": 4218751, "ret": 2147412969}, {"name": "CharNextA", "args": ["1a2fbea7e134b9377cfb706323"], "addr_func": "6291496", "addr": 4218751, "ret": 2147412970}, {"name": "CharNextA", "args": ["a2fbea7e134b9377cfb706323"], "addr_func": "6291496", "addr": 4218751, "ret": 2147412971}, {"name": "CharNextA", "args": ["2fbea7e134b9377cfb706323"], "addr_func": "6291496", "addr": 4218751, "ret": 2147412972}, {"name": "CharNextA", "args": ["fbea7e134b9377cfb706323"], "addr_func": "6291496", "addr": 4218751, "ret": 2147412973}, {"name": "CharNextA", "args": ["bea7e134b9377cfb706323"], "addr_func": "6291496", "addr": 4218751, "ret": 2147412974}, {"name": "CharNextA", "args": ["ea7e134b9377cfb706323"], "addr_func": "6291496", "addr": 4218751, "ret": 2147412975}, {"name": "CharNextA", "args": ["a7e134b9377cfb706323"], "addr_func": "6291496", "addr": 4218751, "ret": 2147412976}, {"name": "CharNextA", "args": ["7e134b9377cfb706323"], "addr_func": "6291496", "addr": 4218751, "ret": 2147412977}, {"name": "CharNextA", "args": ["e134b9377cfb706323"], "addr_func": "6291496", "addr": 4218751, "ret": 2147412978}, {"name": "CharNextA", "args": ["134b9377cfb706323"], "addr_func": "6291496", "addr": 4218751, "ret": 2147412979}, {"name": "CharNextA", "args": ["34b9377cfb706323"], "addr_func": "6291496", "addr": 4218751, "ret": 2147412980}, {"name": "CharNextA", "args": ["4b9377cfb706323"], "addr_func": "6291496", "addr": 4218751, "ret": 2147412981}, {"name": "CharNextA", "args": ["b9377cfb706323"], "addr_func": "6291496", "addr": 4218751, "ret": 2147412982}, {"name": "CharNextA", "args": ["9377cfb706323"], "addr_func": "6291496", "addr": 4218751, "ret": 2147412983}, {"name": "CharNextA", "args": ["377cfb706323"], "addr_func": "6291496", "addr": 4218751, "ret": 2147412984}, {"name": "CharNextA", "args": ["77cfb706323"], "addr_func": "6291496", "addr": 4218751, "ret": 2147412985}, {"name": "CharNextA", "args": ["7cfb706323"], "addr_func": "6291496", "addr": 4218751, "ret": 2147412986}, {"name": "CharNextA", "args": ["cfb706323"], "addr_func": "6291496", "addr": 4218751, "ret": 2147412987}, {"name": "CharNextA", "args": ["fb706323"], "addr_func": "6291496", "addr": 4218751, "ret": 2147412988}, {"name": "CharNextA", "args": ["b706323"], "addr_func": "6291496", "addr": 4218751, "ret": 2147412989}, {"name": "CharNextA", "args": ["706323"], "addr_func": "6291496", "addr": 4218751, "ret": 2147412990}, {"name": "CharNextA", "args": ["06323"], "addr_func": "6291496", "addr": 4218751, "ret": 2147412991}, {"name": "CharNextA", "args": ["6323"], "addr_func": "6291496", "addr": 4218751, "ret": 2147412992}, {"name": "CharNextA", "args": ["323"], "addr_func": "6291496", "addr": 4218751, "ret": 2147412993}, {"name": "CharNextA", "args": ["23"], "addr_func": "6291496", "addr": 4218751, "ret": 2147412994}, {"name": "CharNextA", "args": ["3"], "addr_func": "6291496", "addr": 4218751, "ret": 2147412995}, {"name": "lstrcpynA", "args": ["99531a2fbea7e134b9377cfb706323", "99531a2fbea7e134b9377cfb706323", 31], "addr_func": "6291544", "addr": 4219030, "ret": 2147412339}, {"name": "FindFirstFileA", "args": ["a099531a2fbea7e134b9377cfb706323", 2147412598], "addr_func": "6291588", "addr": 4219049, "ret": "<BV32 retval_FindFirstFileA_32814_32>"}, {"name": "FindClose", "args": ["retval_FindFirstFileA_32814_32"], "addr_func": "6291592", "addr": 4219067, "ret": "<BV32 retval_FindClose_32815_32>"}, {"name": "lstrlenA", "args": [""], "addr_func": "6291540", "addr": 4219079, "ret": 0}, {"name": "lstrcpynA", "args": ["", "", 258], "addr_func": "6291544", "addr": 4219131, "ret": 2147412340}, {"name": "lstrlenA", "args": [""], "addr_func": "6291540", "addr": 4219143, "ret": 0}, {"name": "lstrcpynA", "args": ["a0\\", "a0\\", 261], "addr_func": "6291544", "addr": 4219177, "ret": 2147412963}, {"name": "RegQueryValueExA", "args": [4218651, "a0\\", 0, 0, 2147413230, 2147413224], "addr_func": "6291468", "addr": 4219419, "ret": "<BV32 retval_RegQueryValueExA_32820_32>"}, {"name": "RegCloseKey", "args": [4218651], "addr_func": "6291476", "addr": 4219483, "ret": "<BV32 retval_RegCloseKey_32821_32>"}, {"name": "lstrcpynA", "args": ["PZM", "PZM", 261], "addr_func": "6291544", "addr": 4219512, "ret": 2147412963}, {"name": "GetThreadLocale", "args": [], "addr_func": "6291552", "addr": 4219525, "ret": 0}, {"name": "GetLocaleInfoA", "args": ["retval_GetThreadLocale_32824_32", 3, "", 5], "addr_func": "6291572", "addr": 4219531, "ret": "<BV32 retval_GetLocaleInfoA_32825_32>"}, {"name": "LoadStringA", "args": [4194304, 65503, 2147413560, 4096], "addr_func": "6291488", "addr": 4221570, "ret": "<BV32 retval_LoadStringA_32828_32>"}, {"name": "LoadStringA", "args": [4194304, 65502, 2147413560, 4096], "addr_func": "6291488", "addr": 4221570, "ret": "<BV32 retval_LoadStringA_32830_32>"}, {"name": "LoadStringA", "args": [4194304, 65500, 2147413560, 4096], "addr_func": "6291488", "addr": 4221570, "ret": "<BV32 retval_LoadStringA_32832_32>"}, {"name": "LoadStringA", "args": [4194304, 65501, 2147413560, 4096], "addr_func": "6291488", "addr": 4221570, "ret": "<BV32 retval_LoadStringA_32834_32>"}]}, "12": {"status": "ExcessLoop", "trace": [{"name": "main", "args": ["a099531a2fbea7e134b9377cfb706323"], "addr": 4782064, "ret": "symbolic", "addr_func": 4782064}, {"name": "GetModuleHandleA", "args": [0], "addr_func": "6291564", "addr": 4221920, "ret": 4194304}, {"name": "GetKeyboardType", "args": [0], "addr_func": "6291480", "addr": 4209973, "ret": 4}, {"name": "GetCommandLineA", "args": [], "addr_func": "6291580", "addr": 4780140, "ret": 0}, {"name": "GetStartupInfoA", "args": [2147417624], "addr_func": "6291556", "addr": 4199278, "ret": "None"}, {"name": "GetACP", "args": [], "addr_func": "6291500", "addr": 4780160, "ret": 0}, {"name": "GetCurrentThreadId", "args": [], "addr_func": "6291516", "addr": 4780170, "ret": 0}, {"name": "GetModuleFileNameA", "args": [4194304, "PZM", 261], "addr_func": "6291568", "addr": 4218646, "ret": 3}, {"name": "GetModuleFileNameA", "args": [0, "a099531a2fbea7e134b9377cfb706323", 261], "addr_func": "6291568", "addr": 4219256, "ret": 32}, {"name": "RegOpenKeyExA", "args": [2147483649, "Software\\Borland\\Locales", 0, 983065, 2147413240], "addr_func": "6291472", "addr": 4219286, "ret": "<BV32 retval_RegOpenKeyExA_32768_32>"}, {"name": "RegOpenKeyExA", "args": [2147483650, "Software\\Borland\\Locales", 0, 983065, 2147413240], "addr_func": "6291472", "addr": 4219316, "ret": "<BV32 retval_RegOpenKeyExA_32769_32>"}, {"name": "GetModuleHandleA", "args": ["kernel32.dll"], "addr_func": "6291564", "addr": 4218805, "ret": 7344168}, {"name": "GetProcAddress", "args": [7344168, "GetLongPathNameA"], "addr_func": "6291560", "addr": 4218828, "ret": 7344172}, {"name": "GetLongPathNameA", "args": ["a099531a2fbea7e134b9377cfb706323", "", 261], "addr_func": "7344172", "addr": 4218855, "ret": "<BV32 retval_GetLongPathNameA_32773_32>"}, {"name": "lstrcpynA", "args": ["", "", 261], "addr_func": "6291544", "addr": 4218876, "ret": 2147412963}, {"name": "RegQueryValueExA", "args": [4218651, "", 0, 0, 2147413230, 2147413224], "addr_func": "6291468", "addr": 4219419, "ret": "<BV32 retval_RegQueryValueExA_32777_32>"}, {"name": "RegCloseKey", "args": [4218651], "addr_func": "6291476", "addr": 4219483, "ret": "<BV32 retval_RegCloseKey_32780_32>"}, {"name": "lstrcpynA", "args": ["PZM", "PZM", 261], "addr_func": "6291544", "addr": 4219512, "ret": 2147412963}, {"name": "GetThreadLocale", "args": [], "addr_func": "6291552", "addr": 4219525, "ret": 0}, {"name": "GetLocaleInfoA", "args": ["retval_GetThreadLocale_32790_32", 3, "", 5], "addr_func": "6291572", "addr": 4219531, "ret": "<BV32 retval_GetLocaleInfoA_32793_32>"}, {"name": "LoadStringA", "args": [4194304, 65503, 2147413560, 4096], "addr_func": "6291488", "addr": 4221570, "ret": "<BV32 retval_LoadStringA_32800_32>"}, {"name": "LoadStringA", "args": [4194304, 65502, 2147413560, 4096], "addr_func": "6291488", "addr": 4221570, "ret": "<BV32 retval_LoadStringA_32805_32>"}, {"name": "LoadStringA", "args": [4194304, 65500, 2147413560, 4096], "addr_func": "6291488", "addr": 4221570, "ret": "<BV32 retval_LoadStringA_32809_32>"}, {"name": "LoadStringA", "args": [4194304, 65501, 2147413560, 4096], "addr_func": "6291488", "addr": 4221570, "ret": "<BV32 retval_LoadStringA_32811_32>"}, {"name": "VirtualAlloc", "args": [0, 1310720, 4096, 4], "addr_func": "6291512", "addr": 4200118, "ret": 3223060480}, {"name": "LoadStringA", "args": [4194304, 65488, "Hz@", 4096], "addr_func": "6291488", "addr": 4221570, "ret": "<BV32 retval_LoadStringA_32835_32>"}]}, "13": {"status": "ExcessLoop", "trace": [{"name": "main", "args": ["a099531a2fbea7e134b9377cfb706323"], "addr": 4782064, "ret": "symbolic", "addr_func": 4782064}, {"name": "GetModuleHandleA", "args": [0], "addr_func": "6291564", "addr": 4221920, "ret": 4194304}, {"name": "GetKeyboardType", "args": [0], "addr_func": "6291480", "addr": 4209973, "ret": 4}, {"name": "GetCommandLineA", "args": [], "addr_func": "6291580", "addr": 4780140, "ret": 0}, {"name": "GetStartupInfoA", "args": [2147417624], "addr_func": "6291556", "addr": 4199278, "ret": "None"}, {"name": "GetACP", "args": [], "addr_func": "6291500", "addr": 4780160, "ret": 0}, {"name": "GetCurrentThreadId", "args": [], "addr_func": "6291516", "addr": 4780170, "ret": 0}, {"name": "GetModuleFileNameA", "args": [4194304, "PZM", 261], "addr_func": "6291568", "addr": 4218646, "ret": 3}, {"name": "GetModuleFileNameA", "args": [0, "a099531a2fbea7e134b9377cfb706323", 261], "addr_func": "6291568", "addr": 4219256, "ret": 32}, {"name": "RegOpenKeyExA", "args": [2147483649, "Software\\Borland\\Locales", 0, 983065, 2147413240], "addr_func": "6291472", "addr": 4219286, "ret": "<BV32 retval_RegOpenKeyExA_32768_32>"}, {"name": "RegOpenKeyExA", "args": [2147483650, "Software\\Borland\\Locales", 0, 983065, 2147413240], "addr_func": "6291472", "addr": 4219316, "ret": "<BV32 retval_RegOpenKeyExA_32769_32>"}, {"name": "GetModuleHandleA", "args": ["kernel32.dll"], "addr_func": "6291564", "addr": 4218805, "ret": 7344168}, {"name": "GetProcAddress", "args": [7344168, "GetLongPathNameA"], "addr_func": "6291560", "addr": 4218828, "ret": 7344172}, {"name": "GetLongPathNameA", "args": ["a099531a2fbea7e134b9377cfb706323", "", 261], "addr_func": "7344172", "addr": 4218855, "ret": "<BV32 retval_GetLongPathNameA_32773_32>"}, {"name": "lstrcpynA", "args": ["", "", 261], "addr_func": "6291544", "addr": 4218876, "ret": 2147412963}, {"name": "RegQueryValueExA", "args": [4218651, "", 0, 0, 2147413230, 2147413224], "addr_func": "6291468", "addr": 4219419, "ret": "<BV32 retval_RegQueryValueExA_32777_32>"}, {"name": "RegCloseKey", "args": [4218651], "addr_func": "6291476", "addr": 4219483, "ret": "<BV32 retval_RegCloseKey_32780_32>"}, {"name": "lstrcpynA", "args": ["PZM", "PZM", 261], "addr_func": "6291544", "addr": 4219512, "ret": 2147412963}, {"name": "GetThreadLocale", "args": [], "addr_func": "6291552", "addr": 4219525, "ret": 0}, {"name": "GetLocaleInfoA", "args": ["retval_GetThreadLocale_32790_32", 3, "", 5], "addr_func": "6291572", "addr": 4219531, "ret": "<BV32 retval_GetLocaleInfoA_32793_32>"}, {"name": "LoadStringA", "args": [4194304, 65503, 2147413560, 4096], "addr_func": "6291488", "addr": 4221570, "ret": "<BV32 retval_LoadStringA_32800_32>"}, {"name": "LoadStringA", "args": [4194304, 65502, 2147413560, 4096], "addr_func": "6291488", "addr": 4221570, "ret": "<BV32 retval_LoadStringA_32805_32>"}, {"name": "LoadStringA", "args": [4194304, 65500, 2147413560, 4096], "addr_func": "6291488", "addr": 4221570, "ret": "<BV32 retval_LoadStringA_32809_32>"}, {"name": "LoadStringA", "args": [4194304, 65501, 2147413560, 4096], "addr_func": "6291488", "addr": 4221570, "ret": "<BV32 retval_LoadStringA_32811_32>"}, {"name": "VirtualAlloc", "args": [0, 1310720, 4096, 4], "addr_func": "6291512", "addr": 4200118, "ret": 3223060480}, {"name": "LoadStringA", "args": [4194304, 65488, "Hz@", 4096], "addr_func": "6291488", "addr": 4221570, "ret": "<BV32 retval_LoadStringA_32837_32>"}]}, "sections": {".eeunG": {"vaddr": 4198400, "memsize": 581632, "is_readable": true, "is_writable": false, "is_executable": true}, ".vnrF8": {"vaddr": 4780032, "memsize": 4096, "is_readable": true, "is_writable": false, "is_executable": true}, ".NNknhF": {"vaddr": 4784128, "memsize": 12288, "is_readable": true, "is_writable": true, "is_executable": false}, ".j5z": {"vaddr": 4796416, "memsize": 16384, "is_readable": true, "is_writable": true, "is_executable": false}, ".lcg": {"vaddr": 4812800, "memsize": 12288, "is_readable": true, "is_writable": true, "is_executable": false}, ".fEIePA": {"vaddr": 4825088, "memsize": 4096, "is_readable": true, "is_writable": true, "is_executable": false}, ".3ePm": {"vaddr": 4829184, "memsize": 4096, "is_readable": true, "is_writable": true, "is_executable": false}, ".Z4is": {"vaddr": 4833280, "memsize": 36864, "is_readable": true, "is_writable": true, "is_executable": true}, ".Iwx": {"vaddr": 4870144, "memsize": 270336, "is_readable": true, "is_writable": false, "is_executable": false}, ".UWY": {"vaddr": 5140480, "memsize": 180224, "is_readable": true, "is_writable": true, "is_executable": true}, ".Me": {"vaddr": 5320704, "memsize": 4096, "is_readable": true, "is_writable": true, "is_executable": true}}}