{"0": {"status": "active", "trace": [{"name": "main", "args": ["3c56d3fe6373d5b84074f214b883ca65685d04141ff829f73ff65531bf1f86ad"], "addr": 4694498, "ret": "symbolic", "addr_func": 4694498}, {"name": "GetVersionExA", "args": [2147417336], "addr_func": "5242880", "addr": 4694530, "ret": "<BV32 retval_GetVersionExA_32767_32>"}, {"name": "GetModuleHandleA", "args": [0], "addr_func": "5242940", "addr": 4694613, "ret": 4194304}, {"name": "HeapCreate", "args": [1, 4096, 0], "addr_func": "5243000", "addr": 4700407, "ret": 1}, {"name": "HeapAlloc", "args": [1, 0, 320], "addr_func": "5242948", "addr": 4700484, "ret": 3221258256}, {"name": "HeapAlloc", "args": [1, 8, 16836], "addr_func": "5242948", "addr": 4701474, "ret": 3221258584}, {"name": "VirtualAlloc", "args": [0, 1048576, 8192, 4], "addr_func": "5243008", "addr": 4701504, "ret": 3222798336}, {"name": "VirtualAlloc", "args": [3222798336, 32768, 4096, 4], "addr_func": "5243008", "addr": 4701643, "ret": 3222798336}, {"name": "GetStartupInfoA", "args": [2147417264], "addr_func": "5243068", "addr": 4705514, "ret": "None"}, {"name": "GetStdHandle", "args": [4294967286], "addr_func": "5243016", "addr": 4705770, "ret": 1000}, {"name": "GetFileType", "args": [1000], "addr_func": "5243064", "addr": 4705784, "ret": "<BV32 retval_GetFileType_32768_32>"}, {"name": "GetStdHandle", "args": [4294967285], "addr_func": "5243016", "addr": 4705770, "ret": 1001}, {"name": "GetFileType", "args": [1001], "addr_func": "5243064", "addr": 4705784, "ret": "<BV32 retval_GetFileType_32772_32>"}, {"name": "GetStdHandle", "args": [4294967284], "addr_func": "5243016", "addr": 4705770, "ret": 1002}, {"name": "GetFileType", "args": [1002], "addr_func": "5243064", "addr": 4705784, "ret": "<BV32 retval_GetFileType_32776_32>"}, {"name": "SetHandleCount", "args": [32], "addr_func": "5243060", "addr": 4705839, "ret": "<BV32 retval_SetHandleCount_32784_32>"}, {"name": "GetCommandLineW", "args": [], "addr_func": "5243056", "addr": 4705287, "ret": 0}, {"name": "GetCommandLineW", "args": [], "addr_func": "5243056", "addr": 4705337, "ret": 0}, {"name": "GetEnvironmentStringsW", "args": [], "addr_func": "5243048", "addr": 4704933, "ret": 0}, {"name": "FreeEnvironmentStringsW", "args": [3221225480], "addr_func": "5243040", "addr": 4705046, "ret": "<BV32 retval_FreeEnvironmentStringsW_32795_32>"}, {"name": "GetModuleFileNameW", "args": [0, "3c56d3fe6373d5b84074f214b883ca65685d04141ff829f73ff65531bf1f86ad", 260], "addr_func": "5243024", "addr": 4704785, "ret": 129}, {"name": "GetModuleHandleA", "args": ["KERNEL32"], "addr_func": "5242940", "addr": 4699179, "ret": 6295592}, {"name": "GetProcAddress", "args": [6295592, "IsProcessorFeaturePresent"], "addr_func": "5242896", "addr": 4699195, "ret": 6295596}, {"name": "IsProcessorFeaturePresent", "args": [0], "addr_func": "6295596", "addr": 4699207, "ret": 0}, {"name": "GetACP", "args": [], "addr_func": "5242888", "addr": 4717450, "ret": 0}, {"name": "GetCPInfo", "args": ["retval_GetACP_32802_32", 2147417232], "addr_func": "5242924", "addr": 4717016, "ret": "<BV32 retval_GetCPInfo_32820_32>"}, {"name": "GetStringTypeW", "args": [1, 4798396, 1, 2147415884], "addr_func": "5243088", "addr": 4710844, "ret": "<BV32 retval_GetStringTypeW_32828_32>"}, {"name": "GetLastError", "args": [], "addr_func": "5243044", "addr": 4710862, "ret": 0}, {"name": "GetLocaleInfoA", "args": [1041, 4100, "", 6], "addr_func": "5242892", "addr": 4715075, "ret": "<BV32 retval_GetLocaleInfoA_32832_32>"}, {"name": "LCMapStringW", "args": [0, 256, "", 1, 0, 0], "addr_func": "5243100", "addr": 4711289, "ret": "<BV32 retval_LCMapStringW_32834_32>"}, {"name": "GetLastError", "args": [], "addr_func": "5243044", "addr": 4711307, "ret": 0}]}, "1": {"status": "active", "trace": [{"name": "main", "args": ["3c56d3fe6373d5b84074f214b883ca65685d04141ff829f73ff65531bf1f86ad"], "addr": 4694498, "ret": "symbolic", "addr_func": 4694498}, {"name": "GetVersionExA", "args": [2147417336], "addr_func": "5242880", "addr": 4694530, "ret": "<BV32 retval_GetVersionExA_32767_32>"}, {"name": "GetModuleHandleA", "args": [0], "addr_func": "5242940", "addr": 4694613, "ret": 4194304}, {"name": "HeapCreate", "args": [1, 4096, 0], "addr_func": "5243000", "addr": 4700407, "ret": 1}, {"name": "HeapAlloc", "args": [1, 0, 320], "addr_func": "5242948", "addr": 4700484, "ret": 3221258256}, {"name": "HeapAlloc", "args": [1, 8, 16836], "addr_func": "5242948", "addr": 4701474, "ret": 3221258584}, {"name": "VirtualAlloc", "args": [0, 1048576, 8192, 4], "addr_func": "5243008", "addr": 4701504, "ret": 3222798336}, {"name": "VirtualAlloc", "args": [3222798336, 32768, 4096, 4], "addr_func": "5243008", "addr": 4701643, "ret": 3222798336}, {"name": "GetStartupInfoA", "args": [2147417264], "addr_func": "5243068", "addr": 4705514, "ret": "None"}, {"name": "GetStdHandle", "args": [4294967286], "addr_func": "5243016", "addr": 4705770, "ret": 1000}, {"name": "GetFileType", "args": [1000], "addr_func": "5243064", "addr": 4705784, "ret": "<BV32 retval_GetFileType_32768_32>"}, {"name": "GetStdHandle", "args": [4294967285], "addr_func": "5243016", "addr": 4705770, "ret": 1001}, {"name": "GetFileType", "args": [1001], "addr_func": "5243064", "addr": 4705784, "ret": "<BV32 retval_GetFileType_32772_32>"}, {"name": "GetStdHandle", "args": [4294967284], "addr_func": "5243016", "addr": 4705770, "ret": 1002}, {"name": "GetFileType", "args": [1002], "addr_func": "5243064", "addr": 4705784, "ret": "<BV32 retval_GetFileType_32776_32>"}, {"name": "SetHandleCount", "args": [32], "addr_func": "5243060", "addr": 4705839, "ret": "<BV32 retval_SetHandleCount_32784_32>"}, {"name": "GetCommandLineW", "args": [], "addr_func": "5243056", "addr": 4705287, "ret": 0}, {"name": "GetCommandLineW", "args": [], "addr_func": "5243056", "addr": 4705337, "ret": 0}, {"name": "GetEnvironmentStringsW", "args": [], "addr_func": "5243048", "addr": 4704933, "ret": 0}, {"name": "FreeEnvironmentStringsW", "args": [3221225480], "addr_func": "5243040", "addr": 4705046, "ret": "<BV32 retval_FreeEnvironmentStringsW_32795_32>"}, {"name": "GetModuleFileNameW", "args": [0, "3c56d3fe6373d5b84074f214b883ca65685d04141ff829f73ff65531bf1f86ad", 260], "addr_func": "5243024", "addr": 4704785, "ret": 129}, {"name": "GetModuleHandleA", "args": ["KERNEL32"], "addr_func": "5242940", "addr": 4699179, "ret": 6295592}, {"name": "GetProcAddress", "args": [6295592, "IsProcessorFeaturePresent"], "addr_func": "5242896", "addr": 4699195, "ret": 6295596}, {"name": "IsProcessorFeaturePresent", "args": [0], "addr_func": "6295596", "addr": 4699207, "ret": 0}, {"name": "GetACP", "args": [], "addr_func": "5242888", "addr": 4717450, "ret": 0}, {"name": "GetCPInfo", "args": ["retval_GetACP_32802_32", 2147417232], "addr_func": "5242924", "addr": 4717016, "ret": "<BV32 retval_GetCPInfo_32820_32>"}, {"name": "GetStringTypeW", "args": [1, 4798396, 1, 2147415884], "addr_func": "5243088", "addr": 4710844, "ret": "<BV32 retval_GetStringTypeW_32828_32>"}, {"name": "GetLastError", "args": [], "addr_func": "5243044", "addr": 4710862, "ret": 0}, {"name": "GetLocaleInfoA", "args": [1041, 4100, "", 6], "addr_func": "5242892", "addr": 4715075, "ret": "<BV32 retval_GetLocaleInfoA_32832_32>"}, {"name": "LCMapStringW", "args": [0, 256, "", 1, 0, 0], "addr_func": "5243100", "addr": 4711289, "ret": "<BV32 retval_LCMapStringW_32834_32>"}]}, "2": {"status": "active", "trace": [{"name": "main", "args": ["3c56d3fe6373d5b84074f214b883ca65685d04141ff829f73ff65531bf1f86ad"], "addr": 4694498, "ret": "symbolic", "addr_func": 4694498}, {"name": "GetVersionExA", "args": [2147417336], "addr_func": "5242880", "addr": 4694530, "ret": "<BV32 retval_GetVersionExA_32767_32>"}, {"name": "GetModuleHandleA", "args": [0], "addr_func": "5242940", "addr": 4694613, "ret": 4194304}, {"name": "HeapCreate", "args": [1, 4096, 0], "addr_func": "5243000", "addr": 4700407, "ret": 1}, {"name": "HeapAlloc", "args": [1, 0, 320], "addr_func": "5242948", "addr": 4700484, "ret": 3221258256}, {"name": "HeapAlloc", "args": [1, 8, 16836], "addr_func": "5242948", "addr": 4701474, "ret": 3221258584}, {"name": "VirtualAlloc", "args": [0, 1048576, 8192, 4], "addr_func": "5243008", "addr": 4701504, "ret": 3222798336}, {"name": "VirtualAlloc", "args": [3222798336, 32768, 4096, 4], "addr_func": "5243008", "addr": 4701643, "ret": 3222798336}, {"name": "GetStartupInfoA", "args": [2147417264], "addr_func": "5243068", "addr": 4705514, "ret": "None"}, {"name": "GetStdHandle", "args": [4294967286], "addr_func": "5243016", "addr": 4705770, "ret": 1000}, {"name": "GetFileType", "args": [1000], "addr_func": "5243064", "addr": 4705784, "ret": "<BV32 retval_GetFileType_32768_32>"}, {"name": "GetStdHandle", "args": [4294967285], "addr_func": "5243016", "addr": 4705770, "ret": 1001}, {"name": "GetFileType", "args": [1001], "addr_func": "5243064", "addr": 4705784, "ret": "<BV32 retval_GetFileType_32772_32>"}, {"name": "GetStdHandle", "args": [4294967284], "addr_func": "5243016", "addr": 4705770, "ret": 1002}, {"name": "GetFileType", "args": [1002], "addr_func": "5243064", "addr": 4705784, "ret": "<BV32 retval_GetFileType_32776_32>"}, {"name": "SetHandleCount", "args": [32], "addr_func": "5243060", "addr": 4705839, "ret": "<BV32 retval_SetHandleCount_32784_32>"}, {"name": "GetCommandLineW", "args": [], "addr_func": "5243056", "addr": 4705287, "ret": 0}, {"name": "GetCommandLineW", "args": [], "addr_func": "5243056", "addr": 4705337, "ret": 0}, {"name": "GetEnvironmentStringsW", "args": [], "addr_func": "5243048", "addr": 4704933, "ret": 0}, {"name": "FreeEnvironmentStringsW", "args": [3221225480], "addr_func": "5243040", "addr": 4705046, "ret": "<BV32 retval_FreeEnvironmentStringsW_32795_32>"}, {"name": "GetModuleFileNameW", "args": [0, "3c56d3fe6373d5b84074f214b883ca65685d04141ff829f73ff65531bf1f86ad", 260], "addr_func": "5243024", "addr": 4704785, "ret": 129}, {"name": "GetModuleHandleA", "args": ["KERNEL32"], "addr_func": "5242940", "addr": 4699179, "ret": 6295592}, {"name": "GetProcAddress", "args": [6295592, "IsProcessorFeaturePresent"], "addr_func": "5242896", "addr": 4699195, "ret": 6295596}, {"name": "IsProcessorFeaturePresent", "args": [0], "addr_func": "6295596", "addr": 4699207, "ret": 0}, {"name": "GetACP", "args": [], "addr_func": "5242888", "addr": 4717450, "ret": 0}, {"name": "GetCPInfo", "args": ["retval_GetACP_32802_32", 2147417232], "addr_func": "5242924", "addr": 4717016, "ret": "<BV32 retval_GetCPInfo_32820_32>"}, {"name": "GetStringTypeW", "args": [1, 4798396, 1, 2147415884], "addr_func": "5243088", "addr": 4710844, "ret": "<BV32 retval_GetStringTypeW_32828_32>"}, {"name": "MultiByteToWideChar", "args": ["retval_GetACP_32802_32", 1, 2147416976, 256, 0, 0], "addr_func": "5243032", "addr": 4710960, "ret": "<BV32 retval_MultiByteToWideChar_32830_32>"}, {"name": "LCMapStringW", "args": [0, 256, "", 1, 0, 0], "addr_func": "5243100", "addr": 4711289, "ret": "<BV32 retval_LCMapStringW_32833_32>"}, {"name": "GetLastError", "args": [], "addr_func": "5243044", "addr": 4711307, "ret": 0}]}, "3": {"status": "active", "trace": [{"name": "main", "args": ["3c56d3fe6373d5b84074f214b883ca65685d04141ff829f73ff65531bf1f86ad"], "addr": 4694498, "ret": "symbolic", "addr_func": 4694498}, {"name": "GetVersionExA", "args": [2147417336], "addr_func": "5242880", "addr": 4694530, "ret": "<BV32 retval_GetVersionExA_32767_32>"}, {"name": "GetModuleHandleA", "args": [0], "addr_func": "5242940", "addr": 4694613, "ret": 4194304}, {"name": "HeapCreate", "args": [1, 4096, 0], "addr_func": "5243000", "addr": 4700407, "ret": 1}, {"name": "HeapAlloc", "args": [1, 0, 320], "addr_func": "5242948", "addr": 4700484, "ret": 3221258256}, {"name": "HeapAlloc", "args": [1, 8, 16836], "addr_func": "5242948", "addr": 4701474, "ret": 3221258584}, {"name": "VirtualAlloc", "args": [0, 1048576, 8192, 4], "addr_func": "5243008", "addr": 4701504, "ret": 3222798336}, {"name": "VirtualAlloc", "args": [3222798336, 32768, 4096, 4], "addr_func": "5243008", "addr": 4701643, "ret": 3222798336}, {"name": "GetStartupInfoA", "args": [2147417264], "addr_func": "5243068", "addr": 4705514, "ret": "None"}, {"name": "GetStdHandle", "args": [4294967286], "addr_func": "5243016", "addr": 4705770, "ret": 1000}, {"name": "GetFileType", "args": [1000], "addr_func": "5243064", "addr": 4705784, "ret": "<BV32 retval_GetFileType_32768_32>"}, {"name": "GetStdHandle", "args": [4294967285], "addr_func": "5243016", "addr": 4705770, "ret": 1001}, {"name": "GetFileType", "args": [1001], "addr_func": "5243064", "addr": 4705784, "ret": "<BV32 retval_GetFileType_32772_32>"}, {"name": "GetStdHandle", "args": [4294967284], "addr_func": "5243016", "addr": 4705770, "ret": 1002}, {"name": "GetFileType", "args": [1002], "addr_func": "5243064", "addr": 4705784, "ret": "<BV32 retval_GetFileType_32776_32>"}, {"name": "SetHandleCount", "args": [32], "addr_func": "5243060", "addr": 4705839, "ret": "<BV32 retval_SetHandleCount_32784_32>"}, {"name": "GetCommandLineW", "args": [], "addr_func": "5243056", "addr": 4705287, "ret": 0}, {"name": "GetCommandLineW", "args": [], "addr_func": "5243056", "addr": 4705337, "ret": 0}, {"name": "GetEnvironmentStringsW", "args": [], "addr_func": "5243048", "addr": 4704933, "ret": 0}, {"name": "FreeEnvironmentStringsW", "args": [3221225480], "addr_func": "5243040", "addr": 4705046, "ret": "<BV32 retval_FreeEnvironmentStringsW_32795_32>"}, {"name": "GetModuleFileNameW", "args": [0, "3c56d3fe6373d5b84074f214b883ca65685d04141ff829f73ff65531bf1f86ad", 260], "addr_func": "5243024", "addr": 4704785, "ret": 129}, {"name": "GetModuleHandleA", "args": ["KERNEL32"], "addr_func": "5242940", "addr": 4699179, "ret": 6295592}, {"name": "GetProcAddress", "args": [6295592, "IsProcessorFeaturePresent"], "addr_func": "5242896", "addr": 4699195, "ret": 6295596}, {"name": "IsProcessorFeaturePresent", "args": [0], "addr_func": "6295596", "addr": 4699207, "ret": 0}, {"name": "GetACP", "args": [], "addr_func": "5242888", "addr": 4717450, "ret": 0}, {"name": "GetCPInfo", "args": ["retval_GetACP_32802_32", 2147417232], "addr_func": "5242924", "addr": 4717016, "ret": "<BV32 retval_GetCPInfo_32820_32>"}, {"name": "GetStringTypeW", "args": [1, 4798396, 1, 2147415884], "addr_func": "5243088", "addr": 4710844, "ret": "<BV32 retval_GetStringTypeW_32828_32>"}, {"name": "MultiByteToWideChar", "args": ["retval_GetACP_32802_32", 1, 2147416976, 256, 0, 0], "addr_func": "5243032", "addr": 4710960, "ret": "<BV32 retval_MultiByteToWideChar_32830_32>"}, {"name": "LCMapStringW", "args": [0, 256, "", 1, 0, 0], "addr_func": "5243100", "addr": 4711289, "ret": "<BV32 retval_LCMapStringW_32833_32>"}]}, "4": {"status": "active", "trace": [{"name": "main", "args": ["3c56d3fe6373d5b84074f214b883ca65685d04141ff829f73ff65531bf1f86ad"], "addr": 4694498, "ret": "symbolic", "addr_func": 4694498}, {"name": "GetVersionExA", "args": [2147417336], "addr_func": "5242880", "addr": 4694530, "ret": "<BV32 retval_GetVersionExA_32767_32>"}, {"name": "GetModuleHandleA", "args": [0], "addr_func": "5242940", "addr": 4694613, "ret": 4194304}, {"name": "HeapCreate", "args": [1, 4096, 0], "addr_func": "5243000", "addr": 4700407, "ret": 1}, {"name": "HeapAlloc", "args": [1, 0, 320], "addr_func": "5242948", "addr": 4700484, "ret": 3221258256}, {"name": "HeapAlloc", "args": [1, 8, 16836], "addr_func": "5242948", "addr": 4701474, "ret": 3221258584}, {"name": "VirtualAlloc", "args": [0, 1048576, 8192, 4], "addr_func": "5243008", "addr": 4701504, "ret": 3222798336}, {"name": "VirtualAlloc", "args": [3222798336, 32768, 4096, 4], "addr_func": "5243008", "addr": 4701643, "ret": 3222798336}, {"name": "GetStartupInfoA", "args": [2147417264], "addr_func": "5243068", "addr": 4705514, "ret": "None"}, {"name": "GetStdHandle", "args": [4294967286], "addr_func": "5243016", "addr": 4705770, "ret": 1000}, {"name": "GetFileType", "args": [1000], "addr_func": "5243064", "addr": 4705784, "ret": "<BV32 retval_GetFileType_32768_32>"}, {"name": "GetStdHandle", "args": [4294967285], "addr_func": "5243016", "addr": 4705770, "ret": 1001}, {"name": "GetFileType", "args": [1001], "addr_func": "5243064", "addr": 4705784, "ret": "<BV32 retval_GetFileType_32772_32>"}, {"name": "GetStdHandle", "args": [4294967284], "addr_func": "5243016", "addr": 4705770, "ret": 1002}, {"name": "GetFileType", "args": [1002], "addr_func": "5243064", "addr": 4705784, "ret": "<BV32 retval_GetFileType_32776_32>"}, {"name": "SetHandleCount", "args": [32], "addr_func": "5243060", "addr": 4705839, "ret": "<BV32 retval_SetHandleCount_32784_32>"}, {"name": "GetCommandLineW", "args": [], "addr_func": "5243056", "addr": 4705287, "ret": 0}, {"name": "GetCommandLineW", "args": [], "addr_func": "5243056", "addr": 4705337, "ret": 0}, {"name": "GetEnvironmentStringsW", "args": [], "addr_func": "5243048", "addr": 4704933, "ret": 0}, {"name": "FreeEnvironmentStringsW", "args": [3221225480], "addr_func": "5243040", "addr": 4705046, "ret": "<BV32 retval_FreeEnvironmentStringsW_32795_32>"}, {"name": "GetModuleFileNameW", "args": [0, "3c56d3fe6373d5b84074f214b883ca65685d04141ff829f73ff65531bf1f86ad", 260], "addr_func": "5243024", "addr": 4704785, "ret": 129}, {"name": "GetModuleHandleA", "args": ["KERNEL32"], "addr_func": "5242940", "addr": 4699179, "ret": 6295592}, {"name": "GetProcAddress", "args": [6295592, "IsProcessorFeaturePresent"], "addr_func": "5242896", "addr": 4699195, "ret": 6295596}, {"name": "IsProcessorFeaturePresent", "args": [0], "addr_func": "6295596", "addr": 4699207, "ret": 0}, {"name": "GetACP", "args": [], "addr_func": "5242888", "addr": 4717450, "ret": 0}, {"name": "GetCPInfo", "args": ["retval_GetACP_32802_32", 2147417232], "addr_func": "5242924", "addr": 4717016, "ret": "<BV32 retval_GetCPInfo_32820_32>"}, {"name": "GetStringTypeW", "args": [1, 4798396, 1, 2147415884], "addr_func": "5243088", "addr": 4710844, "ret": "<BV32 retval_GetStringTypeW_32828_32>"}, {"name": "MultiByteToWideChar", "args": ["retval_GetACP_32802_32", 1, 2147416976, 256, 0, 0], "addr_func": "5243032", "addr": 4710960, "ret": "<BV32 retval_MultiByteToWideChar_32830_32>"}]}, "5": {"status": "active", "trace": [{"name": "main", "args": ["3c56d3fe6373d5b84074f214b883ca65685d04141ff829f73ff65531bf1f86ad"], "addr": 4694498, "ret": "symbolic", "addr_func": 4694498}, {"name": "GetVersionExA", "args": [2147417336], "addr_func": "5242880", "addr": 4694530, "ret": "<BV32 retval_GetVersionExA_32767_32>"}, {"name": "GetModuleHandleA", "args": [0], "addr_func": "5242940", "addr": 4694613, "ret": 4194304}, {"name": "HeapCreate", "args": [1, 4096, 0], "addr_func": "5243000", "addr": 4700407, "ret": 1}, {"name": "HeapAlloc", "args": [1, 0, 320], "addr_func": "5242948", "addr": 4700484, "ret": 3221258256}, {"name": "HeapAlloc", "args": [1, 8, 16836], "addr_func": "5242948", "addr": 4701474, "ret": 3221258584}, {"name": "VirtualAlloc", "args": [0, 1048576, 8192, 4], "addr_func": "5243008", "addr": 4701504, "ret": 3222798336}, {"name": "VirtualAlloc", "args": [3222798336, 32768, 4096, 4], "addr_func": "5243008", "addr": 4701643, "ret": 3222798336}, {"name": "GetStartupInfoA", "args": [2147417264], "addr_func": "5243068", "addr": 4705514, "ret": "None"}, {"name": "GetStdHandle", "args": [4294967286], "addr_func": "5243016", "addr": 4705770, "ret": 1000}, {"name": "GetFileType", "args": [1000], "addr_func": "5243064", "addr": 4705784, "ret": "<BV32 retval_GetFileType_32768_32>"}, {"name": "GetStdHandle", "args": [4294967285], "addr_func": "5243016", "addr": 4705770, "ret": 1001}, {"name": "GetFileType", "args": [1001], "addr_func": "5243064", "addr": 4705784, "ret": "<BV32 retval_GetFileType_32772_32>"}, {"name": "GetStdHandle", "args": [4294967284], "addr_func": "5243016", "addr": 4705770, "ret": 1002}, {"name": "GetFileType", "args": [1002], "addr_func": "5243064", "addr": 4705784, "ret": "<BV32 retval_GetFileType_32776_32>"}, {"name": "SetHandleCount", "args": [32], "addr_func": "5243060", "addr": 4705839, "ret": "<BV32 retval_SetHandleCount_32784_32>"}, {"name": "GetCommandLineW", "args": [], "addr_func": "5243056", "addr": 4705287, "ret": 0}, {"name": "GetCommandLineW", "args": [], "addr_func": "5243056", "addr": 4705337, "ret": 0}, {"name": "GetEnvironmentStringsW", "args": [], "addr_func": "5243048", "addr": 4704933, "ret": 0}, {"name": "FreeEnvironmentStringsW", "args": [3221225480], "addr_func": "5243040", "addr": 4705046, "ret": "<BV32 retval_FreeEnvironmentStringsW_32795_32>"}, {"name": "GetModuleFileNameW", "args": [0, "3c56d3fe6373d5b84074f214b883ca65685d04141ff829f73ff65531bf1f86ad", 260], "addr_func": "5243024", "addr": 4704785, "ret": 129}, {"name": "GetModuleHandleA", "args": ["KERNEL32"], "addr_func": "5242940", "addr": 4699179, "ret": 6295592}, {"name": "GetProcAddress", "args": [6295592, "IsProcessorFeaturePresent"], "addr_func": "5242896", "addr": 4699195, "ret": 6295596}, {"name": "IsProcessorFeaturePresent", "args": [0], "addr_func": "6295596", "addr": 4699207, "ret": 0}, {"name": "GetACP", "args": [], "addr_func": "5242888", "addr": 4717450, "ret": 0}, {"name": "GetCPInfo", "args": ["retval_GetACP_32802_32", 2147417232], "addr_func": "5242924", "addr": 4717016, "ret": "<BV32 retval_GetCPInfo_32820_32>"}, {"name": "GetStringTypeW", "args": [1, 4798396, 1, 2147415884], "addr_func": "5243088", "addr": 4710844, "ret": "<BV32 retval_GetStringTypeW_32828_32>"}, {"name": "GetLastError", "args": [], "addr_func": "5243044", "addr": 4710862, "ret": 0}, {"name": "GetLocaleInfoA", "args": [1041, 4100, "", 6], "addr_func": "5242892", "addr": 4715075, "ret": "<BV32 retval_GetLocaleInfoA_32832_32>"}, {"name": "GetCPInfo", "args": ["retval_GetACP_32802_32", 2147415776], "addr_func": "5242924", "addr": 4715172, "ret": "<BV32 retval_GetCPInfo_32835_32>"}, {"name": "MultiByteToWideChar", "args": ["retval_GetACP_32802_32", 1, 2147416976, 256, 0, 0], "addr_func": "5243032", "addr": 4715260, "ret": "<BV32 retval_MultiByteToWideChar_32836_32>"}, {"name": "LCMapStringW", "args": [0, 256, "", 1, 0, 0], "addr_func": "5243100", "addr": 4711289, "ret": "<BV32 retval_LCMapStringW_32838_32>"}, {"name": "GetLastError", "args": [], "addr_func": "5243044", "addr": 4711307, "ret": 0}]}, "6": {"status": "active", "trace": [{"name": "main", "args": ["3c56d3fe6373d5b84074f214b883ca65685d04141ff829f73ff65531bf1f86ad"], "addr": 4694498, "ret": "symbolic", "addr_func": 4694498}, {"name": "GetVersionExA", "args": [2147417336], "addr_func": "5242880", "addr": 4694530, "ret": "<BV32 retval_GetVersionExA_32767_32>"}, {"name": "GetModuleHandleA", "args": [0], "addr_func": "5242940", "addr": 4694613, "ret": 4194304}, {"name": "HeapCreate", "args": [1, 4096, 0], "addr_func": "5243000", "addr": 4700407, "ret": 1}, {"name": "HeapAlloc", "args": [1, 0, 320], "addr_func": "5242948", "addr": 4700484, "ret": 3221258256}, {"name": "HeapAlloc", "args": [1, 8, 16836], "addr_func": "5242948", "addr": 4701474, "ret": 3221258584}, {"name": "VirtualAlloc", "args": [0, 1048576, 8192, 4], "addr_func": "5243008", "addr": 4701504, "ret": 3222798336}, {"name": "VirtualAlloc", "args": [3222798336, 32768, 4096, 4], "addr_func": "5243008", "addr": 4701643, "ret": 3222798336}, {"name": "GetStartupInfoA", "args": [2147417264], "addr_func": "5243068", "addr": 4705514, "ret": "None"}, {"name": "GetStdHandle", "args": [4294967286], "addr_func": "5243016", "addr": 4705770, "ret": 1000}, {"name": "GetFileType", "args": [1000], "addr_func": "5243064", "addr": 4705784, "ret": "<BV32 retval_GetFileType_32768_32>"}, {"name": "GetStdHandle", "args": [4294967285], "addr_func": "5243016", "addr": 4705770, "ret": 1001}, {"name": "GetFileType", "args": [1001], "addr_func": "5243064", "addr": 4705784, "ret": "<BV32 retval_GetFileType_32772_32>"}, {"name": "GetStdHandle", "args": [4294967284], "addr_func": "5243016", "addr": 4705770, "ret": 1002}, {"name": "GetFileType", "args": [1002], "addr_func": "5243064", "addr": 4705784, "ret": "<BV32 retval_GetFileType_32776_32>"}, {"name": "SetHandleCount", "args": [32], "addr_func": "5243060", "addr": 4705839, "ret": "<BV32 retval_SetHandleCount_32784_32>"}, {"name": "GetCommandLineW", "args": [], "addr_func": "5243056", "addr": 4705287, "ret": 0}, {"name": "GetCommandLineW", "args": [], "addr_func": "5243056", "addr": 4705337, "ret": 0}, {"name": "GetEnvironmentStringsW", "args": [], "addr_func": "5243048", "addr": 4704933, "ret": 0}, {"name": "FreeEnvironmentStringsW", "args": [3221225480], "addr_func": "5243040", "addr": 4705046, "ret": "<BV32 retval_FreeEnvironmentStringsW_32795_32>"}, {"name": "GetModuleFileNameW", "args": [0, "3c56d3fe6373d5b84074f214b883ca65685d04141ff829f73ff65531bf1f86ad", 260], "addr_func": "5243024", "addr": 4704785, "ret": 129}, {"name": "GetModuleHandleA", "args": ["KERNEL32"], "addr_func": "5242940", "addr": 4699179, "ret": 6295592}, {"name": "GetProcAddress", "args": [6295592, "IsProcessorFeaturePresent"], "addr_func": "5242896", "addr": 4699195, "ret": 6295596}, {"name": "IsProcessorFeaturePresent", "args": [0], "addr_func": "6295596", "addr": 4699207, "ret": 0}, {"name": "GetACP", "args": [], "addr_func": "5242888", "addr": 4717450, "ret": 0}, {"name": "GetCPInfo", "args": ["retval_GetACP_32802_32", 2147417232], "addr_func": "5242924", "addr": 4717016, "ret": "<BV32 retval_GetCPInfo_32820_32>"}, {"name": "GetStringTypeW", "args": [1, 4798396, 1, 2147415884], "addr_func": "5243088", "addr": 4710844, "ret": "<BV32 retval_GetStringTypeW_32828_32>"}, {"name": "MultiByteToWideChar", "args": ["retval_GetACP_32802_32", 1, 2147416976, 256, 0, 0], "addr_func": "5243032", "addr": 4710960, "ret": "<BV32 retval_MultiByteToWideChar_32830_32>"}, {"name": "MultiByteToWideChar", "args": ["retval_GetACP_32802_32", 1, 2147416976, 256, "retval_MultiByteToWideChar_32830_32", "retval_MultiByteToWideChar_32830_32"], "addr_func": "5243032", "addr": 4711086, "ret": "<BV32 retval_MultiByteToWideChar_32839_32>"}, {"name": "GetStringTypeW", "args": [1, "retval_MultiByteToWideChar_32830_32", "retval_MultiByteToWideChar_32839_32", 2147415952], "addr_func": "5243088", "addr": 4711104, "ret": "<BV32 retval_GetStringTypeW_32840_32>"}, {"name": "LCMapStringW", "args": [0, 256, "", 1, 0, 0], "addr_func": "5243100", "addr": 4711289, "ret": "<BV32 retval_LCMapStringW_32842_32>"}, {"name": "GetLastError", "args": [], "addr_func": "5243044", "addr": 4711307, "ret": 0}]}, "7": {"status": "active", "trace": [{"name": "main", "args": ["3c56d3fe6373d5b84074f214b883ca65685d04141ff829f73ff65531bf1f86ad"], "addr": 4694498, "ret": "symbolic", "addr_func": 4694498}, {"name": "GetVersionExA", "args": [2147417336], "addr_func": "5242880", "addr": 4694530, "ret": "<BV32 retval_GetVersionExA_32767_32>"}, {"name": "GetModuleHandleA", "args": [0], "addr_func": "5242940", "addr": 4694613, "ret": 4194304}, {"name": "HeapCreate", "args": [1, 4096, 0], "addr_func": "5243000", "addr": 4700407, "ret": 1}, {"name": "HeapAlloc", "args": [1, 0, 320], "addr_func": "5242948", "addr": 4700484, "ret": 3221258256}, {"name": "HeapAlloc", "args": [1, 8, 16836], "addr_func": "5242948", "addr": 4701474, "ret": 3221258584}, {"name": "VirtualAlloc", "args": [0, 1048576, 8192, 4], "addr_func": "5243008", "addr": 4701504, "ret": 3222798336}, {"name": "VirtualAlloc", "args": [3222798336, 32768, 4096, 4], "addr_func": "5243008", "addr": 4701643, "ret": 3222798336}, {"name": "GetStartupInfoA", "args": [2147417264], "addr_func": "5243068", "addr": 4705514, "ret": "None"}, {"name": "GetStdHandle", "args": [4294967286], "addr_func": "5243016", "addr": 4705770, "ret": 1000}, {"name": "GetFileType", "args": [1000], "addr_func": "5243064", "addr": 4705784, "ret": "<BV32 retval_GetFileType_32768_32>"}, {"name": "GetStdHandle", "args": [4294967285], "addr_func": "5243016", "addr": 4705770, "ret": 1001}, {"name": "GetFileType", "args": [1001], "addr_func": "5243064", "addr": 4705784, "ret": "<BV32 retval_GetFileType_32772_32>"}, {"name": "GetStdHandle", "args": [4294967284], "addr_func": "5243016", "addr": 4705770, "ret": 1002}, {"name": "GetFileType", "args": [1002], "addr_func": "5243064", "addr": 4705784, "ret": "<BV32 retval_GetFileType_32776_32>"}, {"name": "SetHandleCount", "args": [32], "addr_func": "5243060", "addr": 4705839, "ret": "<BV32 retval_SetHandleCount_32784_32>"}, {"name": "GetCommandLineW", "args": [], "addr_func": "5243056", "addr": 4705287, "ret": 0}, {"name": "GetCommandLineW", "args": [], "addr_func": "5243056", "addr": 4705337, "ret": 0}, {"name": "GetEnvironmentStringsW", "args": [], "addr_func": "5243048", "addr": 4704933, "ret": 0}, {"name": "FreeEnvironmentStringsW", "args": [3221225480], "addr_func": "5243040", "addr": 4705046, "ret": "<BV32 retval_FreeEnvironmentStringsW_32795_32>"}, {"name": "GetModuleFileNameW", "args": [0, "3c56d3fe6373d5b84074f214b883ca65685d04141ff829f73ff65531bf1f86ad", 260], "addr_func": "5243024", "addr": 4704785, "ret": 129}, {"name": "GetModuleHandleA", "args": ["KERNEL32"], "addr_func": "5242940", "addr": 4699179, "ret": 6295592}, {"name": "GetProcAddress", "args": [6295592, "IsProcessorFeaturePresent"], "addr_func": "5242896", "addr": 4699195, "ret": 6295596}, {"name": "IsProcessorFeaturePresent", "args": [0], "addr_func": "6295596", "addr": 4699207, "ret": 0}, {"name": "GetACP", "args": [], "addr_func": "5242888", "addr": 4717450, "ret": 0}, {"name": "GetCPInfo", "args": ["retval_GetACP_32802_32", 2147417232], "addr_func": "5242924", "addr": 4717016, "ret": "<BV32 retval_GetCPInfo_32820_32>"}, {"name": "GetStringTypeW", "args": [1, 4798396, 1, 2147415884], "addr_func": "5243088", "addr": 4710844, "ret": "<BV32 retval_GetStringTypeW_32828_32>"}, {"name": "MultiByteToWideChar", "args": ["retval_GetACP_32802_32", 1, 2147416976, 256, 0, 0], "addr_func": "5243032", "addr": 4710960, "ret": "<BV32 retval_MultiByteToWideChar_32830_32>"}, {"name": "MultiByteToWideChar", "args": ["retval_GetACP_32802_32", 1, 2147416976, 256, "retval_MultiByteToWideChar_32830_32", "retval_MultiByteToWideChar_32830_32"], "addr_func": "5243032", "addr": 4711086, "ret": "<BV32 retval_MultiByteToWideChar_32839_32>"}, {"name": "GetStringTypeW", "args": [1, "retval_MultiByteToWideChar_32830_32", "retval_MultiByteToWideChar_32839_32", 2147415952], "addr_func": "5243088", "addr": 4711104, "ret": "<BV32 retval_GetStringTypeW_32840_32>"}, {"name": "LCMapStringW", "args": [0, 256, "", 1, 0, 0], "addr_func": "5243100", "addr": 4711289, "ret": "<BV32 retval_LCMapStringW_32842_32>"}]}, "8": {"status": "ExcessLoop", "trace": [{"name": "main", "args": ["3c56d3fe6373d5b84074f214b883ca65685d04141ff829f73ff65531bf1f86ad"], "addr": 4694498, "ret": "symbolic", "addr_func": 4694498}, {"name": "GetVersionExA", "args": [2147417336], "addr_func": "5242880", "addr": 4694530, "ret": "<BV32 retval_GetVersionExA_32767_32>"}, {"name": "GetModuleHandleA", "args": [0], "addr_func": "5242940", "addr": 4694613, "ret": 4194304}, {"name": "HeapCreate", "args": [1, 4096, 0], "addr_func": "5243000", "addr": 4700407, "ret": 1}, {"name": "HeapAlloc", "args": [1, 0, 320], "addr_func": "5242948", "addr": 4700484, "ret": 3221258256}, {"name": "HeapAlloc", "args": [1, 8, 16836], "addr_func": "5242948", "addr": 4701474, "ret": 3221258584}, {"name": "VirtualAlloc", "args": [0, 1048576, 8192, 4], "addr_func": "5243008", "addr": 4701504, "ret": 3222798336}, {"name": "VirtualAlloc", "args": [3222798336, 32768, 4096, 4], "addr_func": "5243008", "addr": 4701643, "ret": 3222798336}, {"name": "GetStartupInfoA", "args": [2147417264], "addr_func": "5243068", "addr": 4705514, "ret": "None"}, {"name": "GetStdHandle", "args": [4294967286], "addr_func": "5243016", "addr": 4705770, "ret": 1000}, {"name": "GetFileType", "args": [1000], "addr_func": "5243064", "addr": 4705784, "ret": "<BV32 retval_GetFileType_32768_32>"}, {"name": "GetStdHandle", "args": [4294967285], "addr_func": "5243016", "addr": 4705770, "ret": 1001}, {"name": "GetFileType", "args": [1001], "addr_func": "5243064", "addr": 4705784, "ret": "<BV32 retval_GetFileType_32772_32>"}, {"name": "GetStdHandle", "args": [4294967284], "addr_func": "5243016", "addr": 4705770, "ret": 1002}, {"name": "GetFileType", "args": [1002], "addr_func": "5243064", "addr": 4705784, "ret": "<BV32 retval_GetFileType_32776_32>"}, {"name": "SetHandleCount", "args": [32], "addr_func": "5243060", "addr": 4705839, "ret": "<BV32 retval_SetHandleCount_32784_32>"}, {"name": "GetCommandLineW", "args": [], "addr_func": "5243056", "addr": 4705287, "ret": 0}, {"name": "GetCommandLineW", "args": [], "addr_func": "5243056", "addr": 4705337, "ret": 0}, {"name": "GetEnvironmentStringsW", "args": [], "addr_func": "5243048", "addr": 4704933, "ret": 0}]}, "sections": {".text": {"vaddr": 4198400, "memsize": 519572, "is_readable": true, "is_writable": false, "is_executable": true}, ".rdata": {"vaddr": 4718592, "memsize": 81762, "is_readable": true, "is_writable": false, "is_executable": false}, ".data": {"vaddr": 4800512, "memsize": 46872, "is_readable": true, "is_writable": true, "is_executable": false}, ".rsrc": {"vaddr": 4849664, "memsize": 6664, "is_readable": true, "is_writable": false, "is_executable": false}}}