{"0": {"status": "deadendend", "trace": [{"name": "main", "args": ["8c716101e118ac65d7bdb900e0100d012256abb1d7cdf64830e5943a795ccce2.exe"], "addr": 4199468, "ret": "symbolic", "addr_func": 4199468}, {"name": "GetStartupInfoA", "args": [2147417480], "addr_func": "6291500", "addr": 4199008, "ret": "None"}, {"name": "GetProcessHeap", "args": [], "addr_func": "6291496", "addr": 4199035, "ret": 0}, {"name": "HeapAlloc", "args": [1, 0, 148], "addr_func": "6291492", "addr": 4199038, "ret": 3221258256}, {"name": "GetVersionExA", "args": [3221258256], "addr_func": "6291488", "addr": 4199066, "ret": "<BV32 retval_GetVersionExA_32767_32>"}, {"name": "GetProcessHeap", "args": [], "addr_func": "6291496", "addr": 4199079, "ret": 0}, {"name": "HeapFree", "args": [1, 0, 3221258256], "addr_func": "6291484", "addr": 4199082, "ret": 1}, {"name": "CallReturn", "args": [], "addr_func": "13635584", "addr": 4199462, "ret": 0}]}, "1": {"status": "unconstrained", "trace": [{"name": "main", "args": ["8c716101e118ac65d7bdb900e0100d012256abb1d7cdf64830e5943a795ccce2.exe"], "addr": 4199468, "ret": "symbolic", "addr_func": 4199468}, {"name": "GetStartupInfoA", "args": [2147417480], "addr_func": "6291500", "addr": 4199008, "ret": "None"}, {"name": "GetProcessHeap", "args": [], "addr_func": "6291496", "addr": 4199035, "ret": 0}, {"name": "HeapAlloc", "args": [1, 0, 148], "addr_func": "6291492", "addr": 4199038, "ret": 3221258256}, {"name": "GetVersionExA", "args": [3221258256], "addr_func": "6291488", "addr": 4199066, "ret": "<BV32 retval_GetVersionExA_32767_32>"}, {"name": "GetProcessHeap", "args": [], "addr_func": "6291496", "addr": 4199120, "ret": 0}, {"name": "HeapFree", "args": [1, 0, 3221258256], "addr_func": "6291484", "addr": 4199123, "ret": 1}, {"name": "HeapCreate", "args": [0, 4096, 0], "addr_func": "6291612", "addr": 4204656, "ret": 1}, {"name": "GetLastError", "args": [], "addr_func": "6291560", "addr": 4203718, "ret": 0}, {"name": "TlsGetValue", "args": [4294967295], "addr_func": "6291580", "addr": 4203439, "ret": "<BV32 retval_TlsGetValue_32768_32>"}, {"name": "TlsGetValue", "args": [4294967295], "addr_func": "6291580", "addr": 4203743, "ret": "<BV32 retval_TlsGetValue_32770_32>"}]}, "2": {"status": "unconstrained", "trace": [{"name": "main", "args": ["8c716101e118ac65d7bdb900e0100d012256abb1d7cdf64830e5943a795ccce2.exe"], "addr": 4199468, "ret": "symbolic", "addr_func": 4199468}, {"name": "GetStartupInfoA", "args": [2147417480], "addr_func": "6291500", "addr": 4199008, "ret": "None"}, {"name": "GetProcessHeap", "args": [], "addr_func": "6291496", "addr": 4199035, "ret": 0}, {"name": "HeapAlloc", "args": [1, 0, 148], "addr_func": "6291492", "addr": 4199038, "ret": 3221258256}, {"name": "GetVersionExA", "args": [3221258256], "addr_func": "6291488", "addr": 4199066, "ret": "<BV32 retval_GetVersionExA_32767_32>"}, {"name": "GetProcessHeap", "args": [], "addr_func": "6291496", "addr": 4199120, "ret": 0}, {"name": "HeapFree", "args": [1, 0, 3221258256], "addr_func": "6291484", "addr": 4199123, "ret": 1}, {"name": "HeapCreate", "args": [0, 4096, 0], "addr_func": "6291612", "addr": 4204656, "ret": 1}, {"name": "GetLastError", "args": [], "addr_func": "6291560", "addr": 4203718, "ret": 0}, {"name": "TlsGetValue", "args": [4294967295], "addr_func": "6291580", "addr": 4203439, "ret": "<BV32 retval_TlsGetValue_32768_32>"}, {"name": "TlsGetValue", "args": [4294967295], "addr_func": "6291580", "addr": 4203338, "ret": "<BV32 retval_TlsGetValue_32769_32>"}, {"name": "GetModuleHandleA", "args": ["KERNEL32.DLL"], "addr_func": "6291528", "addr": 4203382, "ret": 7344168}, {"name": "GetProcAddress", "args": [7344168, "DecodePointer"], "addr_func": "6291524", "addr": 4203398, "ret": 7344172}, {"name": "DecodePointer", "args": [0], "addr_func": "7344172", "addr": 4203412, "ret": 0}, {"name": "TlsSetValue", "args": [4294967295, 0], "addr_func": "6291584", "addr": 4203468, "ret": 0}, {"name": "TlsGetValue", "args": [4294967295], "addr_func": "6291580", "addr": 4203743, "ret": "<BV32 retval_TlsGetValue_32771_32>"}]}, "3": {"status": "unconstrained", "trace": [{"name": "main", "args": ["8c716101e118ac65d7bdb900e0100d012256abb1d7cdf64830e5943a795ccce2.exe"], "addr": 4199468, "ret": "symbolic", "addr_func": 4199468}, {"name": "GetStartupInfoA", "args": [2147417480], "addr_func": "6291500", "addr": 4199008, "ret": "None"}, {"name": "GetProcessHeap", "args": [], "addr_func": "6291496", "addr": 4199035, "ret": 0}, {"name": "HeapAlloc", "args": [1, 0, 148], "addr_func": "6291492", "addr": 4199038, "ret": 3221258256}, {"name": "GetVersionExA", "args": [3221258256], "addr_func": "6291488", "addr": 4199066, "ret": "<BV32 retval_GetVersionExA_32767_32>"}, {"name": "GetProcessHeap", "args": [], "addr_func": "6291496", "addr": 4199120, "ret": 0}, {"name": "HeapFree", "args": [1, 0, 3221258256], "addr_func": "6291484", "addr": 4199123, "ret": 1}, {"name": "HeapCreate", "args": [0, 4096, 0], "addr_func": "6291612", "addr": 4204656, "ret": 1}, {"name": "GetLastError", "args": [], "addr_func": "6291560", "addr": 4203718, "ret": 0}, {"name": "TlsGetValue", "args": [4294967295], "addr_func": "6291580", "addr": 4203439, "ret": "<BV32 retval_TlsGetValue_32768_32>"}, {"name": "TlsGetValue", "args": [4294967295], "addr_func": "6291580", "addr": 4203338, "ret": "<BV32 retval_TlsGetValue_32769_32>"}, {"name": "GetModuleHandleA", "args": ["KERNEL32.DLL"], "addr_func": "6291528", "addr": 4203382, "ret": 7344168}, {"name": "GetProcAddress", "args": [7344168, "DecodePointer"], "addr_func": "6291524", "addr": 4203398, "ret": 7344172}, {"name": "DecodePointer", "args": [0], "addr_func": "7344172", "addr": 4203412, "ret": 0}, {"name": "TlsSetValue", "args": [4294967295, 0], "addr_func": "6291584", "addr": 4203468, "ret": 0}, {"name": "TlsGetValue", "args": [4294967295], "addr_func": "6291580", "addr": 4203743, "ret": "<BV32 retval_TlsGetValue_32772_32>"}]}, "sections": {".text": {"vaddr": 4198400, "memsize": 396522, "is_readable": true, "is_writable": false, "is_executable": true}, ".rdata": {"vaddr": 4595712, "memsize": 97582, "is_readable": true, "is_writable": false, "is_executable": false}, ".data": {"vaddr": 4694016, "memsize": 1004380, "is_readable": true, "is_writable": true, "is_executable": false}, ".rsrc": {"vaddr": 5701632, "memsize": 95852, "is_readable": true, "is_writable": false, "is_executable": false}, ".reloc": {"vaddr": 5799936, "memsize": 9252, "is_readable": true, "is_writable": false, "is_executable": false}}}