{"0": {"status": "active", "trace": [{"name": "main", "args": ["9443d7f2890e26024ee0b8067ac2609fcdbd4bcc6981a7ab1aa8671be232b1f6.exe"], "addr": 4966383, "ret": "symbolic", "addr_func": 4966383}, {"name": "GetModuleFileNameW", "args": [1, "", 43], "addr_func": "6291768", "addr": 4966399, "ret": 0}, {"name": "StrCmpNIA", "args": [5195048, 5170356, 102], "addr_func": "6291896", "addr": 4966426, "ret": "<BV32 retval_StrCmpNIA_32767_32>"}, {"name": "PathRemoveExtensionA", "args": [""], "addr_func": "6291904", "addr": 4978108, "ret": "None"}, {"name": "LoadLibraryA", "args": ["WhC9"], "addr_func": "6291600", "addr": 4978585, "ret": 7344168}, {"name": "GetProcAddress", "args": [7344168, ""], "addr_func": "6291628", "addr": 4921714, "ret": "<BV32 retval_GetProcAddress_32769_32>"}, {"name": "InterlockedDecrement", "args": [5163288], "addr_func": "6291756", "addr": 4984748, "ret": -1}, {"name": "StrStrIA", "args": [5165732, 4991800], "addr_func": "6291880", "addr": 4948221, "ret": "<BV32 retval_StrStrIA_32771_32>"}, {"name": "PathRemoveExtensionA", "args": [""], "addr_func": "6291904", "addr": 4978108, "ret": "None"}, {"name": "LoadLibraryA", "args": ["WhC9"], "addr_func": "6291600", "addr": 4978585, "ret": 7344168}, {"name": "GetProcAddress", "args": [7344168, ""], "addr_func": "6291628", "addr": 4921714, "ret": 7344172}, {"name": "InterlockedDecrement", "args": [5163288], "addr_func": "6291756", "addr": 4984748, "ret": -1}, {"name": "StrStrIA", "args": [5165732, 4991800], "addr_func": "6291880", "addr": 4948221, "ret": "<BV32 retval_StrStrIA_32778_32>"}, {"name": "PathRemoveExtensionA", "args": [""], "addr_func": "6291904", "addr": 4978108, "ret": "None"}, {"name": "LoadLibraryA", "args": ["WhC9"], "addr_func": "6291600", "addr": 4978585, "ret": 7344168}, {"name": "GetProcAddress", "args": [7344168, ""], "addr_func": "6291628", "addr": 4921714, "ret": 7344172}, {"name": "InterlockedDecrement", "args": [5163288], "addr_func": "6291756", "addr": 4984748, "ret": -1}, {"name": "StrStrIA", "args": [5165732, 4991800], "addr_func": "6291880", "addr": 4948221, "ret": "<BV32 retval_StrStrIA_32822_32>"}, {"name": "PathRemoveExtensionA", "args": [""], "addr_func": "6291904", "addr": 4978108, "ret": "None"}, {"name": "StrCmpNIA", "args": [5195048, 5170356, 102], "addr_func": "6291896", "addr": 4978190, "ret": "<BV32 retval_StrCmpNIA_32864_32>"}, {"name": "LeaveCriticalSection", "args": [5194248], "addr_func": "6291724", "addr": 4978204, "ret": "None"}, {"name": "PathRemoveExtensionA", "args": [""], "addr_func": "6291904", "addr": 4957006, "ret": "None"}, {"name": "StrStrIA", "args": [5165732, 4991800], "addr_func": "6291880", "addr": 4977247, "ret": "<BV32 retval_StrStrIA_32866_32>"}, {"name": "lstrlenA", "args": [""], "addr_func": "6291528", "addr": 4922816, "ret": 0}, {"name": "PathRemoveFileSpecA", "args": [""], "addr_func": "6291912", "addr": 4973038, "ret": "<BV32 retval_PathRemoveFileSpecA_32869_32>"}, {"name": "InterlockedDecrement", "args": [5163288], "addr_func": "6291756", "addr": 4984748, "ret": -1}, {"name": "InterlockedDecrement", "args": [5163288], "addr_func": "6291756", "addr": 4984748, "ret": -1}, {"name": "PathRemoveFileSpecA", "args": [""], "addr_func": "6291912", "addr": 4973154, "ret": "<BV32 retval_PathRemoveFileSpecA_32872_32>"}, {"name": "RegCloseKey", "args": [0], "addr_func": "6291468", "addr": 4922866, "ret": "<BV32 retval_RegCloseKey_32873_32>"}]}, "1": {"status": "active", "trace": [{"name": "main", "args": ["9443d7f2890e26024ee0b8067ac2609fcdbd4bcc6981a7ab1aa8671be232b1f6.exe"], "addr": 4966383, "ret": "symbolic", "addr_func": 4966383}, {"name": "GetModuleFileNameW", "args": [1, "", 43], "addr_func": "6291768", "addr": 4966399, "ret": 0}, {"name": "StrCmpNIA", "args": [5195048, 5170356, 102], "addr_func": "6291896", "addr": 4966426, "ret": "<BV32 retval_StrCmpNIA_32767_32>"}, {"name": "PathRemoveExtensionA", "args": [""], "addr_func": "6291904", "addr": 4978108, "ret": "None"}, {"name": "LoadLibraryA", "args": ["WhC9"], "addr_func": "6291600", "addr": 4978585, "ret": 7344168}, {"name": "GetProcAddress", "args": [7344168, ""], "addr_func": "6291628", "addr": 4921714, "ret": "<BV32 retval_GetProcAddress_32769_32>"}, {"name": "InterlockedDecrement", "args": [5163288], "addr_func": "6291756", "addr": 4984748, "ret": -1}, {"name": "StrStrIA", "args": [5165732, 4991800], "addr_func": "6291880", "addr": 4948221, "ret": "<BV32 retval_StrStrIA_32771_32>"}, {"name": "PathRemoveExtensionA", "args": [""], "addr_func": "6291904", "addr": 4978108, "ret": "None"}, {"name": "LoadLibraryA", "args": ["WhC9"], "addr_func": "6291600", "addr": 4978585, "ret": 7344168}, {"name": "GetProcAddress", "args": [7344168, ""], "addr_func": "6291628", "addr": 4921714, "ret": 7344172}, {"name": "InterlockedDecrement", "args": [5163288], "addr_func": "6291756", "addr": 4984748, "ret": -1}, {"name": "StrStrIA", "args": [5165732, 4991800], "addr_func": "6291880", "addr": 4948221, "ret": "<BV32 retval_StrStrIA_32778_32>"}, {"name": "PathRemoveExtensionA", "args": [""], "addr_func": "6291904", "addr": 4978108, "ret": "None"}, {"name": "LoadLibraryA", "args": ["WhC9"], "addr_func": "6291600", "addr": 4978585, "ret": 7344168}, {"name": "GetProcAddress", "args": [7344168, ""], "addr_func": "6291628", "addr": 4921714, "ret": 7344172}, {"name": "InterlockedDecrement", "args": [5163288], "addr_func": "6291756", "addr": 4984748, "ret": -1}, {"name": "StrStrIA", "args": [5165732, 4991800], "addr_func": "6291880", "addr": 4948221, "ret": "<BV32 retval_StrStrIA_32822_32>"}, {"name": "PathRemoveExtensionA", "args": [""], "addr_func": "6291904", "addr": 4978108, "ret": "None"}, {"name": "StrCmpNIA", "args": [5195048, 5170356, 102], "addr_func": "6291896", "addr": 4978190, "ret": "<BV32 retval_StrCmpNIA_32864_32>"}, {"name": "LeaveCriticalSection", "args": [5194248], "addr_func": "6291724", "addr": 4978204, "ret": "None"}]}, "2": {"status": "active", "trace": [{"name": "main", "args": ["9443d7f2890e26024ee0b8067ac2609fcdbd4bcc6981a7ab1aa8671be232b1f6.exe"], "addr": 4966383, "ret": "symbolic", "addr_func": 4966383}, {"name": "GetModuleFileNameW", "args": [1, "", 43], "addr_func": "6291768", "addr": 4966399, "ret": 0}, {"name": "StrCmpNIA", "args": [5195048, 5170356, 102], "addr_func": "6291896", "addr": 4966426, "ret": "<BV32 retval_StrCmpNIA_32767_32>"}, {"name": "PathRemoveExtensionA", "args": [""], "addr_func": "6291904", "addr": 4978108, "ret": "None"}, {"name": "LoadLibraryA", "args": ["WhC9"], "addr_func": "6291600", "addr": 4978585, "ret": 7344168}, {"name": "GetProcAddress", "args": [7344168, ""], "addr_func": "6291628", "addr": 4921714, "ret": "<BV32 retval_GetProcAddress_32769_32>"}, {"name": "InterlockedDecrement", "args": [5163288], "addr_func": "6291756", "addr": 4984748, "ret": -1}, {"name": "StrStrIA", "args": [5165732, 4991800], "addr_func": "6291880", "addr": 4948221, "ret": "<BV32 retval_StrStrIA_32771_32>"}, {"name": "PathRemoveExtensionA", "args": [""], "addr_func": "6291904", "addr": 4978108, "ret": "None"}, {"name": "LoadLibraryA", "args": ["WhC9"], "addr_func": "6291600", "addr": 4978585, "ret": 7344168}, {"name": "GetProcAddress", "args": [7344168, ""], "addr_func": "6291628", "addr": 4921714, "ret": 7344172}, {"name": "InterlockedDecrement", "args": [5163288], "addr_func": "6291756", "addr": 4984748, "ret": -1}, {"name": "StrStrIA", "args": [5165732, 4991800], "addr_func": "6291880", "addr": 4948221, "ret": "<BV32 retval_StrStrIA_32778_32>"}, {"name": "PathRemoveExtensionA", "args": [""], "addr_func": "6291904", "addr": 4978108, "ret": "None"}, {"name": "StrCmpNIA", "args": [5195048, 5170356, 102], "addr_func": "6291896", "addr": 4978190, "ret": "<BV32 retval_StrCmpNIA_32817_32>"}, {"name": "LeaveCriticalSection", "args": [5194248], "addr_func": "6291724", "addr": 4978204, "ret": "None"}, {"name": "PathRemoveExtensionA", "args": [""], "addr_func": "6291904", "addr": 4957006, "ret": "None"}, {"name": "StrStrIA", "args": [5165732, 4991800], "addr_func": "6291880", "addr": 4977247, "ret": "<BV32 retval_StrStrIA_32819_32>"}, {"name": "lstrlenA", "args": [""], "addr_func": "6291528", "addr": 4922816, "ret": 0}, {"name": "PathRemoveFileSpecA", "args": [""], "addr_func": "6291912", "addr": 4973038, "ret": "<BV32 retval_PathRemoveFileSpecA_32823_32>"}, {"name": "InterlockedDecrement", "args": [5163288], "addr_func": "6291756", "addr": 4984748, "ret": -1}, {"name": "InterlockedDecrement", "args": [5163288], "addr_func": "6291756", "addr": 4984748, "ret": -1}, {"name": "PathRemoveFileSpecA", "args": [""], "addr_func": "6291912", "addr": 4973154, "ret": "<BV32 retval_PathRemoveFileSpecA_32827_32>"}, {"name": "RegCloseKey", "args": [0], "addr_func": "6291468", "addr": 4922866, "ret": "<BV32 retval_RegCloseKey_32828_32>"}, {"name": "StrStrIA", "args": [5165732, 4991800], "addr_func": "6291880", "addr": 4977247, "ret": "<BV32 retval_StrStrIA_32831_32>"}, {"name": "lstrlenA", "args": [""], "addr_func": "6291528", "addr": 4922816, "ret": 0}, {"name": "PathRemoveFileSpecA", "args": [""], "addr_func": "6291912", "addr": 4973038, "ret": "<BV32 retval_PathRemoveFileSpecA_32835_32>"}, {"name": "InterlockedDecrement", "args": [5163288], "addr_func": "6291756", "addr": 4984748, "ret": -1}, {"name": "InterlockedDecrement", "args": [5163288], "addr_func": "6291756", "addr": 4984748, "ret": -1}, {"name": "PathRemoveFileSpecA", "args": [""], "addr_func": "6291912", "addr": 4973154, "ret": "<BV32 retval_PathRemoveFileSpecA_32840_32>"}, {"name": "RegCloseKey", "args": [0], "addr_func": "6291468", "addr": 4922866, "ret": "<BV32 retval_RegCloseKey_32841_32>"}, {"name": "InterlockedDecrement", "args": [5163288], "addr_func": "6291756", "addr": 4966493, "ret": -1}, {"name": "RegCloseKey", "args": [0], "addr_func": "6291468", "addr": 4966507, "ret": "<BV32 retval_RegCloseKey_32844_32>"}]}, "3": {"status": "active", "trace": [{"name": "main", "args": ["9443d7f2890e26024ee0b8067ac2609fcdbd4bcc6981a7ab1aa8671be232b1f6.exe"], "addr": 4966383, "ret": "symbolic", "addr_func": 4966383}, {"name": "GetModuleFileNameW", "args": [1, "", 43], "addr_func": "6291768", "addr": 4966399, "ret": 0}, {"name": "StrCmpNIA", "args": [5195048, 5170356, 102], "addr_func": "6291896", "addr": 4966426, "ret": "<BV32 retval_StrCmpNIA_32767_32>"}, {"name": "PathRemoveExtensionA", "args": [""], "addr_func": "6291904", "addr": 4978108, "ret": "None"}, {"name": "LoadLibraryA", "args": ["WhC9"], "addr_func": "6291600", "addr": 4978585, "ret": 7344168}, {"name": "GetProcAddress", "args": [7344168, ""], "addr_func": "6291628", "addr": 4921714, "ret": "<BV32 retval_GetProcAddress_32769_32>"}, {"name": "InterlockedDecrement", "args": [5163288], "addr_func": "6291756", "addr": 4984748, "ret": -1}, {"name": "StrStrIA", "args": [5165732, 4991800], "addr_func": "6291880", "addr": 4948221, "ret": "<BV32 retval_StrStrIA_32771_32>"}, {"name": "PathRemoveExtensionA", "args": [""], "addr_func": "6291904", "addr": 4978108, "ret": "None"}, {"name": "LoadLibraryA", "args": ["WhC9"], "addr_func": "6291600", "addr": 4978585, "ret": 7344168}, {"name": "GetProcAddress", "args": [7344168, ""], "addr_func": "6291628", "addr": 4921714, "ret": 7344172}, {"name": "InterlockedDecrement", "args": [5163288], "addr_func": "6291756", "addr": 4984748, "ret": -1}, {"name": "StrStrIA", "args": [5165732, 4991800], "addr_func": "6291880", "addr": 4948221, "ret": "<BV32 retval_StrStrIA_32778_32>"}, {"name": "PathRemoveExtensionA", "args": [""], "addr_func": "6291904", "addr": 4978108, "ret": "None"}, {"name": "StrCmpNIA", "args": [5195048, 5170356, 102], "addr_func": "6291896", "addr": 4978190, "ret": "<BV32 retval_StrCmpNIA_32817_32>"}, {"name": "LeaveCriticalSection", "args": [5194248], "addr_func": "6291724", "addr": 4978204, "ret": "None"}]}, "4": {"status": "active", "trace": [{"name": "main", "args": ["9443d7f2890e26024ee0b8067ac2609fcdbd4bcc6981a7ab1aa8671be232b1f6.exe"], "addr": 4966383, "ret": "symbolic", "addr_func": 4966383}, {"name": "GetModuleFileNameW", "args": [1, "", 43], "addr_func": "6291768", "addr": 4966399, "ret": 0}, {"name": "StrCmpNIA", "args": [5195048, 5170356, 102], "addr_func": "6291896", "addr": 4966426, "ret": "<BV32 retval_StrCmpNIA_32767_32>"}, {"name": "PathRemoveExtensionA", "args": [""], "addr_func": "6291904", "addr": 4978108, "ret": "None"}, {"name": "LoadLibraryA", "args": ["WhC9"], "addr_func": "6291600", "addr": 4978585, "ret": 7344168}, {"name": "GetProcAddress", "args": [7344168, ""], "addr_func": "6291628", "addr": 4921714, "ret": "<BV32 retval_GetProcAddress_32769_32>"}, {"name": "InterlockedDecrement", "args": [5163288], "addr_func": "6291756", "addr": 4984748, "ret": -1}, {"name": "StrStrIA", "args": [5165732, 4991800], "addr_func": "6291880", "addr": 4948221, "ret": "<BV32 retval_StrStrIA_32771_32>"}, {"name": "PathRemoveExtensionA", "args": [""], "addr_func": "6291904", "addr": 4978108, "ret": "None"}, {"name": "StrCmpNIA", "args": [5195048, 5170356, 102], "addr_func": "6291896", "addr": 4978190, "ret": "<BV32 retval_StrCmpNIA_32773_32>"}, {"name": "LeaveCriticalSection", "args": [5194248], "addr_func": "6291724", "addr": 4978204, "ret": "None"}]}, "5": {"status": "active", "trace": [{"name": "main", "args": ["9443d7f2890e26024ee0b8067ac2609fcdbd4bcc6981a7ab1aa8671be232b1f6.exe"], "addr": 4966383, "ret": "symbolic", "addr_func": 4966383}, {"name": "GetModuleFileNameW", "args": [1, "", 43], "addr_func": "6291768", "addr": 4966399, "ret": 0}, {"name": "StrCmpNIA", "args": [5195048, 5170356, 102], "addr_func": "6291896", "addr": 4966426, "ret": "<BV32 retval_StrCmpNIA_32767_32>"}, {"name": "PathRemoveExtensionA", "args": [""], "addr_func": "6291904", "addr": 4978108, "ret": "None"}, {"name": "StrCmpNIA", "args": [5195048, 5170356, 102], "addr_func": "6291896", "addr": 4978190, "ret": "<BV32 retval_StrCmpNIA_32768_32>"}, {"name": "LeaveCriticalSection", "args": [5194248], "addr_func": "6291724", "addr": 4978204, "ret": "None"}, {"name": "PathRemoveExtensionA", "args": [""], "addr_func": "6291904", "addr": 4957006, "ret": "None"}, {"name": "InterlockedDecrement", "args": [5163288], "addr_func": "6291756", "addr": 4966493, "ret": -1}, {"name": "RegCloseKey", "args": [0], "addr_func": "6291468", "addr": 4966507, "ret": "<BV32 retval_RegCloseKey_32770_32>"}, {"name": "PathRemoveExtensionA", "args": [""], "addr_func": "6291904", "addr": 4978108, "ret": "None"}, {"name": "LoadLibraryA", "args": ["WhC9"], "addr_func": "6291600", "addr": 4978585, "ret": 7344168}, {"name": "GetProcAddress", "args": [7344168, ""], "addr_func": "6291628", "addr": 4921714, "ret": 7344172}, {"name": "InterlockedDecrement", "args": [5163288], "addr_func": "6291756", "addr": 4984748, "ret": -1}, {"name": "StrStrIA", "args": [5165732, 4991800], "addr_func": "6291880", "addr": 4948221, "ret": "<BV32 retval_StrStrIA_32776_32>"}, {"name": "PathRemoveExtensionA", "args": [""], "addr_func": "6291904", "addr": 4978108, "ret": "None"}, {"name": "LoadLibraryA", "args": ["WhC9"], "addr_func": "6291600", "addr": 4978585, "ret": 7344168}, {"name": "GetProcAddress", "args": [7344168, ""], "addr_func": "6291628", "addr": 4921714, "ret": 7344172}, {"name": "InterlockedDecrement", "args": [5163288], "addr_func": "6291756", "addr": 4984748, "ret": -1}, {"name": "StrStrIA", "args": [5165732, 4991800], "addr_func": "6291880", "addr": 4948221, "ret": "<BV32 retval_StrStrIA_32820_32>"}, {"name": "PathRemoveExtensionA", "args": [""], "addr_func": "6291904", "addr": 4978108, "ret": "None"}, {"name": "LoadLibraryA", "args": ["WhC9"], "addr_func": "6291600", "addr": 4978585, "ret": 7344168}, {"name": "GetProcAddress", "args": [7344168, ""], "addr_func": "6291628", "addr": 4921714, "ret": 7344172}, {"name": "InterlockedDecrement", "args": [5163288], "addr_func": "6291756", "addr": 4984748, "ret": -1}, {"name": "StrStrIA", "args": [5165732, 4991800], "addr_func": "6291880", "addr": 4948221, "ret": "<BV32 retval_StrStrIA_32867_32>"}]}, "6": {"status": "active", "trace": [{"name": "main", "args": ["9443d7f2890e26024ee0b8067ac2609fcdbd4bcc6981a7ab1aa8671be232b1f6.exe"], "addr": 4966383, "ret": "symbolic", "addr_func": 4966383}, {"name": "GetModuleFileNameW", "args": [1, "", 43], "addr_func": "6291768", "addr": 4966399, "ret": 0}, {"name": "StrCmpNIA", "args": [5195048, 5170356, 102], "addr_func": "6291896", "addr": 4966426, "ret": "<BV32 retval_StrCmpNIA_32767_32>"}, {"name": "PathRemoveExtensionA", "args": [""], "addr_func": "6291904", "addr": 4978108, "ret": "None"}, {"name": "StrCmpNIA", "args": [5195048, 5170356, 102], "addr_func": "6291896", "addr": 4978190, "ret": "<BV32 retval_StrCmpNIA_32768_32>"}, {"name": "LeaveCriticalSection", "args": [5194248], "addr_func": "6291724", "addr": 4978204, "ret": "None"}, {"name": "PathRemoveExtensionA", "args": [""], "addr_func": "6291904", "addr": 4957006, "ret": "None"}, {"name": "InterlockedDecrement", "args": [5163288], "addr_func": "6291756", "addr": 4966493, "ret": -1}, {"name": "RegCloseKey", "args": [0], "addr_func": "6291468", "addr": 4966507, "ret": "<BV32 retval_RegCloseKey_32770_32>"}, {"name": "PathRemoveExtensionA", "args": [""], "addr_func": "6291904", "addr": 4978108, "ret": "None"}, {"name": "LoadLibraryA", "args": ["WhC9"], "addr_func": "6291600", "addr": 4978585, "ret": 7344168}, {"name": "GetProcAddress", "args": [7344168, ""], "addr_func": "6291628", "addr": 4921714, "ret": 7344172}, {"name": "InterlockedDecrement", "args": [5163288], "addr_func": "6291756", "addr": 4984748, "ret": -1}, {"name": "StrStrIA", "args": [5165732, 4991800], "addr_func": "6291880", "addr": 4948221, "ret": "<BV32 retval_StrStrIA_32776_32>"}, {"name": "PathRemoveExtensionA", "args": [""], "addr_func": "6291904", "addr": 4978108, "ret": "None"}, {"name": "LoadLibraryA", "args": ["WhC9"], "addr_func": "6291600", "addr": 4978585, "ret": 7344168}, {"name": "GetProcAddress", "args": [7344168, ""], "addr_func": "6291628", "addr": 4921714, "ret": 7344172}, {"name": "InterlockedDecrement", "args": [5163288], "addr_func": "6291756", "addr": 4984748, "ret": -1}, {"name": "StrStrIA", "args": [5165732, 4991800], "addr_func": "6291880", "addr": 4948221, "ret": "<BV32 retval_StrStrIA_32820_32>"}, {"name": "PathRemoveExtensionA", "args": [""], "addr_func": "6291904", "addr": 4978108, "ret": "None"}, {"name": "StrCmpNIA", "args": [5195048, 5170356, 102], "addr_func": "6291896", "addr": 4978190, "ret": "<BV32 retval_StrCmpNIA_32863_32>"}, {"name": "LeaveCriticalSection", "args": [5194248], "addr_func": "6291724", "addr": 4978204, "ret": "None"}, {"name": "PathRemoveExtensionA", "args": [""], "addr_func": "6291904", "addr": 4957006, "ret": "None"}, {"name": "StrStrIA", "args": [5165732, 4991800], "addr_func": "6291880", "addr": 4977247, "ret": "<BV32 retval_StrStrIA_32865_32>"}, {"name": "lstrlenA", "args": [""], "addr_func": "6291528", "addr": 4922816, "ret": 0}, {"name": "PathRemoveFileSpecA", "args": [""], "addr_func": "6291912", "addr": 4973038, "ret": "<BV32 retval_PathRemoveFileSpecA_32868_32>"}, {"name": "InterlockedDecrement", "args": [5163288], "addr_func": "6291756", "addr": 4984748, "ret": -1}, {"name": "InterlockedDecrement", "args": [5163288], "addr_func": "6291756", "addr": 4984748, "ret": -1}, {"name": "PathRemoveFileSpecA", "args": [""], "addr_func": "6291912", "addr": 4973154, "ret": "<BV32 retval_PathRemoveFileSpecA_32870_32>"}, {"name": "RegCloseKey", "args": [0], "addr_func": "6291468", "addr": 4922866, "ret": "<BV32 retval_RegCloseKey_32871_32>"}, {"name": "StrStrIA", "args": [5165732, 4991800], "addr_func": "6291880", "addr": 4977247, "ret": "<BV32 retval_StrStrIA_32874_32>"}]}, "7": {"status": "active", "trace": [{"name": "main", "args": ["9443d7f2890e26024ee0b8067ac2609fcdbd4bcc6981a7ab1aa8671be232b1f6.exe"], "addr": 4966383, "ret": "symbolic", "addr_func": 4966383}, {"name": "GetModuleFileNameW", "args": [1, "", 43], "addr_func": "6291768", "addr": 4966399, "ret": 0}, {"name": "StrCmpNIA", "args": [5195048, 5170356, 102], "addr_func": "6291896", "addr": 4966426, "ret": "<BV32 retval_StrCmpNIA_32767_32>"}, {"name": "PathRemoveExtensionA", "args": [""], "addr_func": "6291904", "addr": 4978108, "ret": "None"}, {"name": "StrCmpNIA", "args": [5195048, 5170356, 102], "addr_func": "6291896", "addr": 4978190, "ret": "<BV32 retval_StrCmpNIA_32768_32>"}, {"name": "LeaveCriticalSection", "args": [5194248], "addr_func": "6291724", "addr": 4978204, "ret": "None"}, {"name": "PathRemoveExtensionA", "args": [""], "addr_func": "6291904", "addr": 4957006, "ret": "None"}, {"name": "InterlockedDecrement", "args": [5163288], "addr_func": "6291756", "addr": 4966493, "ret": -1}, {"name": "RegCloseKey", "args": [0], "addr_func": "6291468", "addr": 4966507, "ret": "<BV32 retval_RegCloseKey_32770_32>"}, {"name": "PathRemoveExtensionA", "args": [""], "addr_func": "6291904", "addr": 4978108, "ret": "None"}, {"name": "LoadLibraryA", "args": ["WhC9"], "addr_func": "6291600", "addr": 4978585, "ret": 7344168}, {"name": "GetProcAddress", "args": [7344168, ""], "addr_func": "6291628", "addr": 4921714, "ret": 7344172}, {"name": "InterlockedDecrement", "args": [5163288], "addr_func": "6291756", "addr": 4984748, "ret": -1}, {"name": "StrStrIA", "args": [5165732, 4991800], "addr_func": "6291880", "addr": 4948221, "ret": "<BV32 retval_StrStrIA_32776_32>"}, {"name": "PathRemoveExtensionA", "args": [""], "addr_func": "6291904", "addr": 4978108, "ret": "None"}, {"name": "LoadLibraryA", "args": ["WhC9"], "addr_func": "6291600", "addr": 4978585, "ret": 7344168}, {"name": "GetProcAddress", "args": [7344168, ""], "addr_func": "6291628", "addr": 4921714, "ret": 7344172}, {"name": "InterlockedDecrement", "args": [5163288], "addr_func": "6291756", "addr": 4984748, "ret": -1}, {"name": "StrStrIA", "args": [5165732, 4991800], "addr_func": "6291880", "addr": 4948221, "ret": "<BV32 retval_StrStrIA_32820_32>"}, {"name": "PathRemoveExtensionA", "args": [""], "addr_func": "6291904", "addr": 4978108, "ret": "None"}, {"name": "StrCmpNIA", "args": [5195048, 5170356, 102], "addr_func": "6291896", "addr": 4978190, "ret": "<BV32 retval_StrCmpNIA_32863_32>"}, {"name": "LeaveCriticalSection", "args": [5194248], "addr_func": "6291724", "addr": 4978204, "ret": "None"}]}, "8": {"status": "active", "trace": [{"name": "main", "args": ["9443d7f2890e26024ee0b8067ac2609fcdbd4bcc6981a7ab1aa8671be232b1f6.exe"], "addr": 4966383, "ret": "symbolic", "addr_func": 4966383}, {"name": "GetModuleFileNameW", "args": [1, "", 43], "addr_func": "6291768", "addr": 4966399, "ret": 0}, {"name": "StrCmpNIA", "args": [5195048, 5170356, 102], "addr_func": "6291896", "addr": 4966426, "ret": "<BV32 retval_StrCmpNIA_32767_32>"}, {"name": "PathRemoveExtensionA", "args": [""], "addr_func": "6291904", "addr": 4978108, "ret": "None"}, {"name": "StrCmpNIA", "args": [5195048, 5170356, 102], "addr_func": "6291896", "addr": 4978190, "ret": "<BV32 retval_StrCmpNIA_32768_32>"}, {"name": "LeaveCriticalSection", "args": [5194248], "addr_func": "6291724", "addr": 4978204, "ret": "None"}]}, "9": {"status": "active", "trace": [{"name": "main", "args": ["9443d7f2890e26024ee0b8067ac2609fcdbd4bcc6981a7ab1aa8671be232b1f6.exe"], "addr": 4966383, "ret": "symbolic", "addr_func": 4966383}, {"name": "GetModuleFileNameW", "args": [1, "", 43], "addr_func": "6291768", "addr": 4966399, "ret": 0}, {"name": "StrCmpNIA", "args": [5195048, 5170356, 102], "addr_func": "6291896", "addr": 4966426, "ret": "<BV32 retval_StrCmpNIA_32767_32>"}, {"name": "PathRemoveExtensionA", "args": [""], "addr_func": "6291904", "addr": 4978108, "ret": "None"}, {"name": "StrCmpNIA", "args": [5195048, 5170356, 102], "addr_func": "6291896", "addr": 4978190, "ret": "<BV32 retval_StrCmpNIA_32768_32>"}, {"name": "LeaveCriticalSection", "args": [5194248], "addr_func": "6291724", "addr": 4978204, "ret": "None"}, {"name": "PathRemoveExtensionA", "args": [""], "addr_func": "6291904", "addr": 4957006, "ret": "None"}, {"name": "InterlockedDecrement", "args": [5163288], "addr_func": "6291756", "addr": 4966493, "ret": -1}, {"name": "RegCloseKey", "args": [0], "addr_func": "6291468", "addr": 4966507, "ret": "<BV32 retval_RegCloseKey_32770_32>"}, {"name": "PathRemoveExtensionA", "args": [""], "addr_func": "6291904", "addr": 4978108, "ret": "None"}, {"name": "LoadLibraryA", "args": ["WhC9"], "addr_func": "6291600", "addr": 4978585, "ret": 7344168}, {"name": "GetProcAddress", "args": [7344168, ""], "addr_func": "6291628", "addr": 4921714, "ret": 7344172}, {"name": "InterlockedDecrement", "args": [5163288], "addr_func": "6291756", "addr": 4984748, "ret": -1}, {"name": "StrStrIA", "args": [5165732, 4991800], "addr_func": "6291880", "addr": 4948221, "ret": "<BV32 retval_StrStrIA_32776_32>"}, {"name": "PathRemoveExtensionA", "args": [""], "addr_func": "6291904", "addr": 4978108, "ret": "None"}, {"name": "StrCmpNIA", "args": [5195048, 5170356, 102], "addr_func": "6291896", "addr": 4978190, "ret": "<BV32 retval_StrCmpNIA_32816_32>"}, {"name": "LeaveCriticalSection", "args": [5194248], "addr_func": "6291724", "addr": 4978204, "ret": "None"}, {"name": "PathRemoveExtensionA", "args": [""], "addr_func": "6291904", "addr": 4957006, "ret": "None"}, {"name": "StrStrIA", "args": [5165732, 4991800], "addr_func": "6291880", "addr": 4977247, "ret": "<BV32 retval_StrStrIA_32818_32>"}, {"name": "lstrlenA", "args": [""], "addr_func": "6291528", "addr": 4922816, "ret": 0}, {"name": "PathRemoveFileSpecA", "args": [""], "addr_func": "6291912", "addr": 4973038, "ret": "<BV32 retval_PathRemoveFileSpecA_32821_32>"}, {"name": "InterlockedDecrement", "args": [5163288], "addr_func": "6291756", "addr": 4984748, "ret": -1}, {"name": "InterlockedDecrement", "args": [5163288], "addr_func": "6291756", "addr": 4984748, "ret": -1}, {"name": "PathRemoveFileSpecA", "args": [""], "addr_func": "6291912", "addr": 4973154, "ret": "<BV32 retval_PathRemoveFileSpecA_32825_32>"}, {"name": "RegCloseKey", "args": [0], "addr_func": "6291468", "addr": 4922866, "ret": "<BV32 retval_RegCloseKey_32826_32>"}, {"name": "StrStrIA", "args": [5165732, 4991800], "addr_func": "6291880", "addr": 4977247, "ret": "<BV32 retval_StrStrIA_32829_32>"}, {"name": "lstrlenA", "args": [""], "addr_func": "6291528", "addr": 4922816, "ret": 0}, {"name": "PathRemoveFileSpecA", "args": [""], "addr_func": "6291912", "addr": 4973038, "ret": "<BV32 retval_PathRemoveFileSpecA_32832_32>"}, {"name": "InterlockedDecrement", "args": [5163288], "addr_func": "6291756", "addr": 4984748, "ret": -1}, {"name": "InterlockedDecrement", "args": [5163288], "addr_func": "6291756", "addr": 4984748, "ret": -1}, {"name": "PathRemoveFileSpecA", "args": [""], "addr_func": "6291912", "addr": 4973154, "ret": "<BV32 retval_PathRemoveFileSpecA_32836_32>"}, {"name": "RegCloseKey", "args": [0], "addr_func": "6291468", "addr": 4922866, "ret": "<BV32 retval_RegCloseKey_32838_32>"}, {"name": "RegCloseKey", "args": [0], "addr_func": "6291468", "addr": 4928143, "ret": "<BV32 retval_RegCloseKey_32842_32>"}, {"name": "lstrlenA", "args": [""], "addr_func": "6291528", "addr": 4928160, "ret": 0}, {"name": "GetModuleHandleA", "args": [0], "addr_func": "6291728", "addr": 4952460, "ret": 4194304}, {"name": "InterlockedDecrement", "args": [5163288], "addr_func": "6291756", "addr": 4984748, "ret": -1}, {"name": "InitCommonControlsEx", "args": [0], "addr_func": "6291500", "addr": 4938206, "ret": "<BV32 retval_InitCommonControlsEx_32845_32>"}, {"name": "StrStrIA", "args": [5165732, 4991800], "addr_func": "6291880", "addr": 4938237, "ret": "<BV32 retval_StrStrIA_32847_32>"}, {"name": "PathRemoveExtensionA", "args": [""], "addr_func": "6291904", "addr": 4978108, "ret": "None"}, {"name": "LoadLibraryA", "args": ["WhC9"], "addr_func": "6291600", "addr": 4978585, "ret": 7344168}, {"name": "GetProcAddress", "args": [7344168, ""], "addr_func": "6291628", "addr": 4921714, "ret": 7344172}, {"name": "InterlockedDecrement", "args": [5163288], "addr_func": "6291756", "addr": 4984748, "ret": -1}, {"name": "StrStrIA", "args": [5165732, 4991800], "addr_func": "6291880", "addr": 4948221, "ret": "<BV32 retval_StrStrIA_32850_32>"}]}, "10": {"status": "ExcessLoop", "trace": [{"name": "main", "args": ["9443d7f2890e26024ee0b8067ac2609fcdbd4bcc6981a7ab1aa8671be232b1f6.exe"], "addr": 4966383, "ret": "symbolic", "addr_func": 4966383}, {"name": "GetModuleFileNameW", "args": [1, "", 43], "addr_func": "6291768", "addr": 4966399, "ret": 0}, {"name": "StrCmpNIA", "args": [5195048, 5170356, 102], "addr_func": "6291896", "addr": 4966426, "ret": "<BV32 retval_StrCmpNIA_32767_32>"}, {"name": "PathRemoveExtensionA", "args": [""], "addr_func": "6291904", "addr": 4978108, "ret": "None"}, {"name": "StrCmpNIA", "args": [5195048, 5170356, 102], "addr_func": "6291896", "addr": 4978190, "ret": "<BV32 retval_StrCmpNIA_32768_32>"}, {"name": "LeaveCriticalSection", "args": [5194248], "addr_func": "6291724", "addr": 4978204, "ret": "None"}, {"name": "PathRemoveExtensionA", "args": [""], "addr_func": "6291904", "addr": 4957006, "ret": "None"}, {"name": "InterlockedDecrement", "args": [5163288], "addr_func": "6291756", "addr": 4966493, "ret": -1}, {"name": "RegCloseKey", "args": [0], "addr_func": "6291468", "addr": 4966507, "ret": "<BV32 retval_RegCloseKey_32770_32>"}, {"name": "PathRemoveExtensionA", "args": [""], "addr_func": "6291904", "addr": 4978108, "ret": "None"}, {"name": "StrCmpNIA", "args": [5195048, 5170356, 102], "addr_func": "6291896", "addr": 4978190, "ret": "<BV32 retval_StrCmpNIA_32772_32>"}, {"name": "LeaveCriticalSection", "args": [5194248], "addr_func": "6291724", "addr": 4978204, "ret": "None"}, {"name": "PathRemoveExtensionA", "args": [""], "addr_func": "6291904", "addr": 4957006, "ret": "None"}, {"name": "StrStrIA", "args": [5165732, 4991800], "addr_func": "6291880", "addr": 4977247, "ret": "<BV32 retval_StrStrIA_32774_32>"}, {"name": "lstrlenA", "args": [""], "addr_func": "6291528", "addr": 4922816, "ret": 0}, {"name": "PathRemoveFileSpecA", "args": [""], "addr_func": "6291912", "addr": 4973038, "ret": "<BV32 retval_PathRemoveFileSpecA_32777_32>"}, {"name": "InterlockedDecrement", "args": [5163288], "addr_func": "6291756", "addr": 4984748, "ret": -1}, {"name": "InterlockedDecrement", "args": [5163288], "addr_func": "6291756", "addr": 4984748, "ret": -1}, {"name": "PathRemoveFileSpecA", "args": [""], "addr_func": "6291912", "addr": 4973154, "ret": "<BV32 retval_PathRemoveFileSpecA_32780_32>"}, {"name": "RegCloseKey", "args": [0], "addr_func": "6291468", "addr": 4922866, "ret": "<BV32 retval_RegCloseKey_32781_32>"}, {"name": "RegCloseKey", "args": [0], "addr_func": "6291468", "addr": 4928143, "ret": "<BV32 retval_RegCloseKey_32784_32>"}, {"name": "lstrlenA", "args": [""], "addr_func": "6291528", "addr": 4928160, "ret": 0}, {"name": "GetModuleHandleA", "args": [0], "addr_func": "6291728", "addr": 4952460, "ret": 4194304}, {"name": "InterlockedDecrement", "args": [5163288], "addr_func": "6291756", "addr": 4984748, "ret": -1}, {"name": "InitCommonControlsEx", "args": [0], "addr_func": "6291500", "addr": 4938206, "ret": "<BV32 retval_InitCommonControlsEx_32786_32>"}, {"name": "StrStrIA", "args": [5165732, 4991800], "addr_func": "6291880", "addr": 4938237, "ret": "<BV32 retval_StrStrIA_32787_32>"}, {"name": "PathRemoveExtensionA", "args": [""], "addr_func": "6291904", "addr": 4978108, "ret": "None"}, {"name": "StrCmpNIA", "args": [5195048, 5170356, 102], "addr_func": "6291896", "addr": 4978190, "ret": "<BV32 retval_StrCmpNIA_32788_32>"}, {"name": "LeaveCriticalSection", "args": [5194248], "addr_func": "6291724", "addr": 4978204, "ret": "None"}, {"name": "PathRemoveExtensionA", "args": [""], "addr_func": "6291904", "addr": 4957006, "ret": "None"}, {"name": "InitCommonControlsEx", "args": [0], "addr_func": "6291500", "addr": 4952501, "ret": "<BV32 retval_InitCommonControlsEx_32789_32>"}, {"name": "InitCommonControlsEx", "args": [0], "addr_func": "6291500", "addr": 4928202, "ret": "<BV32 retval_InitCommonControlsEx_32791_32>"}, {"name": "GetSystemMetrics", "args": [4294967295], "addr_func": "6292000", "addr": 4922544, "ret": "<BV32 retval_GetSystemMetrics_32792_32>"}, {"name": "PathAddBackslashA", "args": [""], "addr_func": "6291888", "addr": 4922584, "ret": "<BV32 retval_PathAddBackslashA_32793_32>"}, {"name": "PathAddBackslashA", "args": [""], "addr_func": "6291888", "addr": 4935934, "ret": "<BV32 retval_PathAddBackslashA_32794_32>"}, {"name": "InterlockedExchange", "args": [5185936, 66], "addr_func": "6291540", "addr": 4936584, "ret": 0}, {"name": "PathAddBackslashA", "args": [""], "addr_func": "6291888", "addr": 4969909, "ret": "<BV32 retval_PathAddBackslashA_32795_32>"}, {"name": "PathRemoveFileSpecA", "args": [""], "addr_func": "6291912", "addr": 4973038, "ret": "<BV32 retval_PathRemoveFileSpecA_32796_32>"}, {"name": "InterlockedDecrement", "args": [5163288], "addr_func": "6291756", "addr": 4984748, "ret": -1}, {"name": "InterlockedDecrement", "args": [5163288], "addr_func": "6291756", "addr": 4984748, "ret": -1}, {"name": "PathRemoveFileSpecA", "args": [""], "addr_func": "6291912", "addr": 4973154, "ret": "<BV32 retval_PathRemoveFileSpecA_32799_32>"}, {"name": "PathAddBackslashA", "args": [""], "addr_func": "6291888", "addr": 4969981, "ret": "<BV32 retval_PathAddBackslashA_32800_32>"}, {"name": "StrCmpNIA", "args": [5195048, 5170356, 102], "addr_func": "6291896", "addr": 4943832, "ret": "<BV32 retval_StrCmpNIA_32801_32>"}, {"name": "PathRemoveExtensionA", "args": [""], "addr_func": "6291904", "addr": 4978108, "ret": "None"}, {"name": "StrCmpNIA", "args": [5195048, 5170356, 102], "addr_func": "6291896", "addr": 4978190, "ret": "<BV32 retval_StrCmpNIA_32804_32>"}, {"name": "LeaveCriticalSection", "args": [5194248], "addr_func": "6291724", "addr": 4978204, "ret": "None"}]}, "11": {"status": "ExcessLoop", "trace": [{"name": "main", "args": ["9443d7f2890e26024ee0b8067ac2609fcdbd4bcc6981a7ab1aa8671be232b1f6.exe"], "addr": 4966383, "ret": "symbolic", "addr_func": 4966383}, {"name": "GetModuleFileNameW", "args": [1, "", 43], "addr_func": "6291768", "addr": 4966399, "ret": 0}, {"name": "StrCmpNIA", "args": [5195048, 5170356, 102], "addr_func": "6291896", "addr": 4966426, "ret": "<BV32 retval_StrCmpNIA_32767_32>"}, {"name": "PathRemoveExtensionA", "args": [""], "addr_func": "6291904", "addr": 4978108, "ret": "None"}, {"name": "StrCmpNIA", "args": [5195048, 5170356, 102], "addr_func": "6291896", "addr": 4978190, "ret": "<BV32 retval_StrCmpNIA_32768_32>"}, {"name": "LeaveCriticalSection", "args": [5194248], "addr_func": "6291724", "addr": 4978204, "ret": "None"}, {"name": "PathRemoveExtensionA", "args": [""], "addr_func": "6291904", "addr": 4957006, "ret": "None"}, {"name": "InterlockedDecrement", "args": [5163288], "addr_func": "6291756", "addr": 4966493, "ret": -1}, {"name": "RegCloseKey", "args": [0], "addr_func": "6291468", "addr": 4966507, "ret": "<BV32 retval_RegCloseKey_32770_32>"}, {"name": "PathRemoveExtensionA", "args": [""], "addr_func": "6291904", "addr": 4978108, "ret": "None"}, {"name": "StrCmpNIA", "args": [5195048, 5170356, 102], "addr_func": "6291896", "addr": 4978190, "ret": "<BV32 retval_StrCmpNIA_32772_32>"}, {"name": "LeaveCriticalSection", "args": [5194248], "addr_func": "6291724", "addr": 4978204, "ret": "None"}, {"name": "PathRemoveExtensionA", "args": [""], "addr_func": "6291904", "addr": 4957006, "ret": "None"}, {"name": "StrStrIA", "args": [5165732, 4991800], "addr_func": "6291880", "addr": 4977247, "ret": "<BV32 retval_StrStrIA_32774_32>"}, {"name": "lstrlenA", "args": [""], "addr_func": "6291528", "addr": 4922816, "ret": 0}, {"name": "PathRemoveFileSpecA", "args": [""], "addr_func": "6291912", "addr": 4973038, "ret": "<BV32 retval_PathRemoveFileSpecA_32777_32>"}, {"name": "InterlockedDecrement", "args": [5163288], "addr_func": "6291756", "addr": 4984748, "ret": -1}, {"name": "InterlockedDecrement", "args": [5163288], "addr_func": "6291756", "addr": 4984748, "ret": -1}, {"name": "PathRemoveFileSpecA", "args": [""], "addr_func": "6291912", "addr": 4973154, "ret": "<BV32 retval_PathRemoveFileSpecA_32780_32>"}, {"name": "RegCloseKey", "args": [0], "addr_func": "6291468", "addr": 4922866, "ret": "<BV32 retval_RegCloseKey_32781_32>"}, {"name": "RegCloseKey", "args": [0], "addr_func": "6291468", "addr": 4928143, "ret": "<BV32 retval_RegCloseKey_32784_32>"}, {"name": "lstrlenA", "args": [""], "addr_func": "6291528", "addr": 4928160, "ret": 0}, {"name": "GetModuleHandleA", "args": [0], "addr_func": "6291728", "addr": 4952460, "ret": 4194304}, {"name": "InterlockedDecrement", "args": [5163288], "addr_func": "6291756", "addr": 4984748, "ret": -1}, {"name": "InitCommonControlsEx", "args": [0], "addr_func": "6291500", "addr": 4938206, "ret": "<BV32 retval_InitCommonControlsEx_32786_32>"}, {"name": "StrStrIA", "args": [5165732, 4991800], "addr_func": "6291880", "addr": 4938237, "ret": "<BV32 retval_StrStrIA_32787_32>"}, {"name": "PathRemoveExtensionA", "args": [""], "addr_func": "6291904", "addr": 4978108, "ret": "None"}, {"name": "StrCmpNIA", "args": [5195048, 5170356, 102], "addr_func": "6291896", "addr": 4978190, "ret": "<BV32 retval_StrCmpNIA_32788_32>"}, {"name": "LeaveCriticalSection", "args": [5194248], "addr_func": "6291724", "addr": 4978204, "ret": "None"}, {"name": "PathRemoveExtensionA", "args": [""], "addr_func": "6291904", "addr": 4957006, "ret": "None"}, {"name": "InitCommonControlsEx", "args": [0], "addr_func": "6291500", "addr": 4952501, "ret": "<BV32 retval_InitCommonControlsEx_32789_32>"}, {"name": "InitCommonControlsEx", "args": [0], "addr_func": "6291500", "addr": 4928202, "ret": "<BV32 retval_InitCommonControlsEx_32791_32>"}, {"name": "GetSystemMetrics", "args": [4294967295], "addr_func": "6292000", "addr": 4922544, "ret": "<BV32 retval_GetSystemMetrics_32792_32>"}, {"name": "PathAddBackslashA", "args": [""], "addr_func": "6291888", "addr": 4922584, "ret": "<BV32 retval_PathAddBackslashA_32793_32>"}, {"name": "PathAddBackslashA", "args": [""], "addr_func": "6291888", "addr": 4935934, "ret": "<BV32 retval_PathAddBackslashA_32794_32>"}, {"name": "InterlockedExchange", "args": [5185936, 66], "addr_func": "6291540", "addr": 4936584, "ret": 0}, {"name": "PathAddBackslashA", "args": [""], "addr_func": "6291888", "addr": 4969909, "ret": "<BV32 retval_PathAddBackslashA_32795_32>"}, {"name": "LoadLibraryA", "args": ["WhC9"], "addr_func": "6291600", "addr": 4934379, "ret": 7344168}, {"name": "GetProcAddress", "args": [7344168, ""], "addr_func": "6291628", "addr": 4925782, "ret": 7344172}, {"name": "GetProcAddress", "args": [7344136, "\b"], "addr_func": "6291628", "addr": 4951937, "ret": "<BV32 retval_GetProcAddress_32798_32>"}, {"name": "LoadLibraryA", "args": ["FE"], "addr_func": "6291600", "addr": 4938692, "ret": 7344176}, {"name": "GetProcAddress", "args": [7344176, ""], "addr_func": "6291628", "addr": 4956377, "ret": 7344172}, {"name": "GetFileAttributesA", "args": [""], "addr_func": "6291580", "addr": 4941630, "ret": "<BV32 retval_GetFileAttributesA_32802_32>"}, {"name": "PathAddBackslashA", "args": [""], "addr_func": "6291888", "addr": 4969909, "ret": "<BV32 retval_PathAddBackslashA_32803_32>"}, {"name": "LoadLibraryA", "args": ["WhC9"], "addr_func": "6291600", "addr": 4934379, "ret": 7344168}, {"name": "GetProcAddress", "args": [7344168, ""], "addr_func": "6291628", "addr": 4925782, "ret": 7344172}, {"name": "GetProcAddress", "args": [7344136, "\u0010"], "addr_func": "6291628", "addr": 4951937, "ret": "<BV32 retval_GetProcAddress_32805_32>"}, {"name": "LoadLibraryA", "args": ["FE"], "addr_func": "6291600", "addr": 4938692, "ret": 7344176}, {"name": "GetProcAddress", "args": [7344176, ""], "addr_func": "6291628", "addr": 4956377, "ret": 7344172}, {"name": "GetFileAttributesA", "args": [""], "addr_func": "6291580", "addr": 4941630, "ret": "<BV32 retval_GetFileAttributesA_32807_32>"}, {"name": "PathAddBackslashA", "args": [""], "addr_func": "6291888", "addr": 4969909, "ret": "<BV32 retval_PathAddBackslashA_32808_32>"}, {"name": "LoadLibraryA", "args": ["WhC9"], "addr_func": "6291600", "addr": 4934379, "ret": 7344168}, {"name": "GetProcAddress", "args": [7344168, ""], "addr_func": "6291628", "addr": 4925782, "ret": 7344172}, {"name": "GetProcAddress", "args": [7344136, "\u0018"], "addr_func": "6291628", "addr": 4951937, "ret": "<BV32 retval_GetProcAddress_32809_32>"}, {"name": "LoadLibraryA", "args": ["FE"], "addr_func": "6291600", "addr": 4938692, "ret": 7344176}, {"name": "GetProcAddress", "args": [7344176, ""], "addr_func": "6291628", "addr": 4956377, "ret": 7344172}, {"name": "GetFileAttributesA", "args": [""], "addr_func": "6291580", "addr": 4941630, "ret": "<BV32 retval_GetFileAttributesA_32810_32>"}, {"name": "PathAddBackslashA", "args": [""], "addr_func": "6291888", "addr": 4969909, "ret": "<BV32 retval_PathAddBackslashA_32811_32>"}]}, "12": {"status": "ExcessLoop", "trace": [{"name": "main", "args": ["9443d7f2890e26024ee0b8067ac2609fcdbd4bcc6981a7ab1aa8671be232b1f6.exe"], "addr": 4966383, "ret": "symbolic", "addr_func": 4966383}, {"name": "GetModuleFileNameW", "args": [1, "", 43], "addr_func": "6291768", "addr": 4966399, "ret": 0}, {"name": "StrCmpNIA", "args": [5195048, 5170356, 102], "addr_func": "6291896", "addr": 4966426, "ret": "<BV32 retval_StrCmpNIA_32767_32>"}, {"name": "PathRemoveExtensionA", "args": [""], "addr_func": "6291904", "addr": 4978108, "ret": "None"}, {"name": "StrCmpNIA", "args": [5195048, 5170356, 102], "addr_func": "6291896", "addr": 4978190, "ret": "<BV32 retval_StrCmpNIA_32768_32>"}, {"name": "LeaveCriticalSection", "args": [5194248], "addr_func": "6291724", "addr": 4978204, "ret": "None"}, {"name": "PathRemoveExtensionA", "args": [""], "addr_func": "6291904", "addr": 4957006, "ret": "None"}, {"name": "InterlockedDecrement", "args": [5163288], "addr_func": "6291756", "addr": 4966493, "ret": -1}, {"name": "RegCloseKey", "args": [0], "addr_func": "6291468", "addr": 4966507, "ret": "<BV32 retval_RegCloseKey_32770_32>"}, {"name": "PathRemoveExtensionA", "args": [""], "addr_func": "6291904", "addr": 4978108, "ret": "None"}, {"name": "LoadLibraryA", "args": ["WhC9"], "addr_func": "6291600", "addr": 4978585, "ret": 7344168}, {"name": "GetProcAddress", "args": [7344168, ""], "addr_func": "6291628", "addr": 4921714, "ret": 7344172}, {"name": "InterlockedDecrement", "args": [5163288], "addr_func": "6291756", "addr": 4984748, "ret": -1}, {"name": "StrStrIA", "args": [5165732, 4991800], "addr_func": "6291880", "addr": 4948221, "ret": "<BV32 retval_StrStrIA_32776_32>"}, {"name": "PathRemoveExtensionA", "args": [""], "addr_func": "6291904", "addr": 4978108, "ret": "None"}, {"name": "StrCmpNIA", "args": [5195048, 5170356, 102], "addr_func": "6291896", "addr": 4978190, "ret": "<BV32 retval_StrCmpNIA_32816_32>"}, {"name": "LeaveCriticalSection", "args": [5194248], "addr_func": "6291724", "addr": 4978204, "ret": "None"}, {"name": "PathRemoveExtensionA", "args": [""], "addr_func": "6291904", "addr": 4957006, "ret": "None"}, {"name": "StrStrIA", "args": [5165732, 4991800], "addr_func": "6291880", "addr": 4977247, "ret": "<BV32 retval_StrStrIA_32818_32>"}, {"name": "lstrlenA", "args": [""], "addr_func": "6291528", "addr": 4922816, "ret": 0}, {"name": "PathRemoveFileSpecA", "args": [""], "addr_func": "6291912", "addr": 4973038, "ret": "<BV32 retval_PathRemoveFileSpecA_32821_32>"}, {"name": "InterlockedDecrement", "args": [5163288], "addr_func": "6291756", "addr": 4984748, "ret": -1}, {"name": "InterlockedDecrement", "args": [5163288], "addr_func": "6291756", "addr": 4984748, "ret": -1}, {"name": "PathRemoveFileSpecA", "args": [""], "addr_func": "6291912", "addr": 4973154, "ret": "<BV32 retval_PathRemoveFileSpecA_32825_32>"}, {"name": "RegCloseKey", "args": [0], "addr_func": "6291468", "addr": 4922866, "ret": "<BV32 retval_RegCloseKey_32826_32>"}, {"name": "StrStrIA", "args": [5165732, 4991800], "addr_func": "6291880", "addr": 4977247, "ret": "<BV32 retval_StrStrIA_32829_32>"}, {"name": "lstrlenA", "args": [""], "addr_func": "6291528", "addr": 4922816, "ret": 0}, {"name": "PathRemoveFileSpecA", "args": [""], "addr_func": "6291912", "addr": 4973038, "ret": "<BV32 retval_PathRemoveFileSpecA_32832_32>"}, {"name": "InterlockedDecrement", "args": [5163288], "addr_func": "6291756", "addr": 4984748, "ret": -1}, {"name": "InterlockedDecrement", "args": [5163288], "addr_func": "6291756", "addr": 4984748, "ret": -1}, {"name": "PathRemoveFileSpecA", "args": [""], "addr_func": "6291912", "addr": 4973154, "ret": "<BV32 retval_PathRemoveFileSpecA_32836_32>"}, {"name": "RegCloseKey", "args": [0], "addr_func": "6291468", "addr": 4922866, "ret": "<BV32 retval_RegCloseKey_32838_32>"}, {"name": "RegCloseKey", "args": [0], "addr_func": "6291468", "addr": 4928143, "ret": "<BV32 retval_RegCloseKey_32842_32>"}, {"name": "lstrlenA", "args": [""], "addr_func": "6291528", "addr": 4928160, "ret": 0}, {"name": "GetModuleHandleA", "args": [0], "addr_func": "6291728", "addr": 4952460, "ret": 4194304}, {"name": "InterlockedDecrement", "args": [5163288], "addr_func": "6291756", "addr": 4984748, "ret": -1}, {"name": "InitCommonControlsEx", "args": [0], "addr_func": "6291500", "addr": 4938206, "ret": "<BV32 retval_InitCommonControlsEx_32845_32>"}, {"name": "StrStrIA", "args": [5165732, 4991800], "addr_func": "6291880", "addr": 4938237, "ret": "<BV32 retval_StrStrIA_32847_32>"}, {"name": "PathRemoveExtensionA", "args": [""], "addr_func": "6291904", "addr": 4978108, "ret": "None"}, {"name": "StrCmpNIA", "args": [5195048, 5170356, 102], "addr_func": "6291896", "addr": 4978190, "ret": "<BV32 retval_StrCmpNIA_32848_32>"}, {"name": "LeaveCriticalSection", "args": [5194248], "addr_func": "6291724", "addr": 4978204, "ret": "None"}, {"name": "PathRemoveExtensionA", "args": [""], "addr_func": "6291904", "addr": 4957006, "ret": "None"}, {"name": "InitCommonControlsEx", "args": [0], "addr_func": "6291500", "addr": 4952501, "ret": "<BV32 retval_InitCommonControlsEx_32849_32>"}, {"name": "InitCommonControlsEx", "args": [0], "addr_func": "6291500", "addr": 4928202, "ret": "<BV32 retval_InitCommonControlsEx_32851_32>"}, {"name": "GetSystemMetrics", "args": [4294967295], "addr_func": "6292000", "addr": 4922544, "ret": "<BV32 retval_GetSystemMetrics_32852_32>"}, {"name": "PathAddBackslashA", "args": [""], "addr_func": "6291888", "addr": 4922584, "ret": "<BV32 retval_PathAddBackslashA_32853_32>"}, {"name": "PathAddBackslashA", "args": [""], "addr_func": "6291888", "addr": 4935934, "ret": "<BV32 retval_PathAddBackslashA_32854_32>"}, {"name": "InterlockedExchange", "args": [5185936, 66], "addr_func": "6291540", "addr": 4936584, "ret": 0}, {"name": "PathAddBackslashA", "args": [""], "addr_func": "6291888", "addr": 4969909, "ret": "<BV32 retval_PathAddBackslashA_32855_32>"}, {"name": "PathRemoveFileSpecA", "args": [""], "addr_func": "6291912", "addr": 4973038, "ret": "<BV32 retval_PathRemoveFileSpecA_32856_32>"}, {"name": "InterlockedDecrement", "args": [5163288], "addr_func": "6291756", "addr": 4984748, "ret": -1}, {"name": "InterlockedDecrement", "args": [5163288], "addr_func": "6291756", "addr": 4984748, "ret": -1}, {"name": "PathRemoveFileSpecA", "args": [""], "addr_func": "6291912", "addr": 4973154, "ret": "<BV32 retval_PathRemoveFileSpecA_32858_32>"}, {"name": "PathAddBackslashA", "args": [""], "addr_func": "6291888", "addr": 4969981, "ret": "<BV32 retval_PathAddBackslashA_32859_32>"}, {"name": "StrCmpNIA", "args": [5195048, 5170356, 102], "addr_func": "6291896", "addr": 4943832, "ret": "<BV32 retval_StrCmpNIA_32860_32>"}, {"name": "PathRemoveExtensionA", "args": [""], "addr_func": "6291904", "addr": 4978108, "ret": "None"}, {"name": "StrCmpNIA", "args": [5195048, 5170356, 102], "addr_func": "6291896", "addr": 4978190, "ret": "<BV32 retval_StrCmpNIA_32861_32>"}, {"name": "LeaveCriticalSection", "args": [5194248], "addr_func": "6291724", "addr": 4978204, "ret": "None"}]}, "13": {"status": "ExcessLoop", "trace": [{"name": "main", "args": ["9443d7f2890e26024ee0b8067ac2609fcdbd4bcc6981a7ab1aa8671be232b1f6.exe"], "addr": 4966383, "ret": "symbolic", "addr_func": 4966383}, {"name": "GetModuleFileNameW", "args": [1, "", 43], "addr_func": "6291768", "addr": 4966399, "ret": 0}, {"name": "StrCmpNIA", "args": [5195048, 5170356, 102], "addr_func": "6291896", "addr": 4966426, "ret": "<BV32 retval_StrCmpNIA_32767_32>"}, {"name": "PathRemoveExtensionA", "args": [""], "addr_func": "6291904", "addr": 4978108, "ret": "None"}, {"name": "LoadLibraryA", "args": ["WhC9"], "addr_func": "6291600", "addr": 4978585, "ret": 7344168}, {"name": "GetProcAddress", "args": [7344168, ""], "addr_func": "6291628", "addr": 4921714, "ret": "<BV32 retval_GetProcAddress_32769_32>"}, {"name": "InterlockedDecrement", "args": [5163288], "addr_func": "6291756", "addr": 4984748, "ret": -1}, {"name": "StrStrIA", "args": [5165732, 4991800], "addr_func": "6291880", "addr": 4948221, "ret": "<BV32 retval_StrStrIA_32771_32>"}, {"name": "PathRemoveExtensionA", "args": [""], "addr_func": "6291904", "addr": 4978108, "ret": "None"}, {"name": "LoadLibraryA", "args": ["WhC9"], "addr_func": "6291600", "addr": 4978585, "ret": 7344168}, {"name": "GetProcAddress", "args": [7344168, ""], "addr_func": "6291628", "addr": 4921714, "ret": 7344172}, {"name": "InterlockedDecrement", "args": [5163288], "addr_func": "6291756", "addr": 4984748, "ret": -1}, {"name": "StrStrIA", "args": [5165732, 4991800], "addr_func": "6291880", "addr": 4948221, "ret": "<BV32 retval_StrStrIA_32778_32>"}, {"name": "PathRemoveExtensionA", "args": [""], "addr_func": "6291904", "addr": 4978108, "ret": "None"}, {"name": "LoadLibraryA", "args": ["WhC9"], "addr_func": "6291600", "addr": 4978585, "ret": 7344168}, {"name": "GetProcAddress", "args": [7344168, ""], "addr_func": "6291628", "addr": 4921714, "ret": 7344172}, {"name": "InterlockedDecrement", "args": [5163288], "addr_func": "6291756", "addr": 4984748, "ret": -1}, {"name": "StrStrIA", "args": [5165732, 4991800], "addr_func": "6291880", "addr": 4948221, "ret": "<BV32 retval_StrStrIA_32822_32>"}, {"name": "PathRemoveExtensionA", "args": [""], "addr_func": "6291904", "addr": 4978108, "ret": "None"}]}, "sections": {".blackro": {"vaddr": 4198400, "memsize": 140, "is_readable": true, "is_writable": true, "is_executable": false}, ".nondegr": {"vaddr": 4202496, "memsize": 30425, "is_readable": true, "is_writable": true, "is_executable": false}, ".deassim": {"vaddr": 4235264, "memsize": 30591, "is_readable": true, "is_writable": true, "is_executable": false}, ".organin": {"vaddr": 4268032, "memsize": 261, "is_readable": true, "is_writable": true, "is_executable": false}, ".cynogra": {"vaddr": 4272128, "memsize": 48, "is_readable": true, "is_writable": true, "is_executable": false}, ".oime": {"vaddr": 4276224, "memsize": 30497, "is_readable": true, "is_writable": true, "is_executable": false}, ".ghibell": {"vaddr": 4308992, "memsize": 111, "is_readable": true, "is_writable": true, "is_executable": false}, ".parol": {"vaddr": 4313088, "memsize": 30420, "is_readable": true, "is_writable": true, "is_executable": false}, ".conchal": {"vaddr": 4345856, "memsize": 30426, "is_readable": true, "is_writable": true, "is_executable": false}, ".starlit": {"vaddr": 4378624, "memsize": 30589, "is_readable": true, "is_writable": true, "is_executable": false}, ".circums": {"vaddr": 4411392, "memsize": 30579, "is_readable": true, "is_writable": true, "is_executable": false}, ".outtale": {"vaddr": 4444160, "memsize": 144, "is_readable": true, "is_writable": true, "is_executable": false}, ".hemithy": {"vaddr": 4448256, "memsize": 30436, "is_readable": true, "is_writable": true, "is_executable": false}, ".superre": {"vaddr": 4481024, "memsize": 30462, "is_readable": true, "is_writable": true, "is_executable": false}, ".shoppe": {"vaddr": 4513792, "memsize": 27, "is_readable": true, "is_writable": true, "is_executable": false}, ".apperce": {"vaddr": 4517888, "memsize": 242, "is_readable": true, "is_writable": true, "is_executable": false}, ".mo": {"vaddr": 4521984, "memsize": 99, "is_readable": true, "is_writable": true, "is_executable": false}, ".exempla": {"vaddr": 4526080, "memsize": 30487, "is_readable": true, "is_writable": true, "is_executable": false}, ".daedali": {"vaddr": 4558848, "memsize": 30483, "is_readable": true, "is_writable": true, "is_executable": false}, ".chresto": {"vaddr": 4591616, "memsize": 271, "is_readable": true, "is_writable": true, "is_executable": false}, ".unweepi": {"vaddr": 4595712, "memsize": 30533, "is_readable": true, "is_writable": true, "is_executable": false}, ".textual": {"vaddr": 4628480, "memsize": 48, "is_readable": true, "is_writable": true, "is_executable": false}, ".clerihe": {"vaddr": 4632576, "memsize": 234, "is_readable": true, "is_writable": true, "is_executable": false}, ".winly": {"vaddr": 4636672, "memsize": 236, "is_readable": true, "is_writable": true, "is_executable": false}, ".wa": {"vaddr": 4640768, "memsize": 148, "is_readable": true, "is_writable": true, "is_executable": false}, ".quinoge": {"vaddr": 4644864, "memsize": 30637, "is_readable": true, "is_writable": true, "is_executable": false}, ".symphen": {"vaddr": 4677632, "memsize": 165, "is_readable": true, "is_writable": true, "is_executable": false}, ".sacrame": {"vaddr": 4681728, "memsize": 178, "is_readable": true, "is_writable": true, "is_executable": false}, ".tightro": {"vaddr": 4685824, "memsize": 177, "is_readable": true, "is_writable": true, "is_executable": false}, ".recarbo": {"vaddr": 4689920, "memsize": 135, "is_readable": true, "is_writable": true, "is_executable": false}, ".metapte": {"vaddr": 4694016, "memsize": 30387, "is_readable": true, "is_writable": true, "is_executable": false}, ".quartip": {"vaddr": 4726784, "memsize": 30412, "is_readable": true, "is_writable": true, "is_executable": false}, ".extrape": {"vaddr": 4759552, "memsize": 308, "is_readable": true, "is_writable": true, "is_executable": false}, ".pinelan": {"vaddr": 4763648, "memsize": 30612, "is_readable": true, "is_writable": true, "is_executable": false}, ".service": {"vaddr": 4796416, "memsize": 30603, "is_readable": true, "is_writable": true, "is_executable": false}, ".rakishl": {"vaddr": 4829184, "memsize": 30452, "is_readable": true, "is_writable": true, "is_executable": false}, ".mangy": {"vaddr": 4861952, "memsize": 209, "is_readable": true, "is_writable": true, "is_executable": false}, ".lycopod": {"vaddr": 4866048, "memsize": 30456, "is_readable": true, "is_writable": true, "is_executable": false}, ".tre": {"vaddr": 4898816, "memsize": 199, "is_readable": true, "is_writable": true, "is_executable": false}, ".ultrasp": {"vaddr": 4902912, "memsize": 64, "is_readable": true, "is_writable": true, "is_executable": false}, ".simosau": {"vaddr": 4907008, "memsize": 304, "is_readable": true, "is_writable": true, "is_executable": false}, ".cardooe": {"vaddr": 4911104, "memsize": 101, "is_readable": true, "is_writable": true, "is_executable": false}, ".text": {"vaddr": 4915200, "memsize": 310311, "is_readable": true, "is_writable": true, "is_executable": true}, ".chymous": {"vaddr": 5226496, "memsize": 44, "is_readable": true, "is_writable": true, "is_executable": false}, ".vengeou": {"vaddr": 5230592, "memsize": 30372, "is_readable": true, "is_writable": true, "is_executable": false}, ".anadips": {"vaddr": 5263360, "memsize": 30368, "is_readable": true, "is_writable": true, "is_executable": false}, ".irrefer": {"vaddr": 5296128, "memsize": 41, "is_readable": true, "is_writable": true, "is_executable": false}, ".rdata": {"vaddr": 5300224, "memsize": 3388, "is_readable": true, "is_writable": false, "is_executable": false}, ".data": {"vaddr": 5304320, "memsize": 11, "is_readable": true, "is_writable": true, "is_executable": false}, ".rsrc": {"vaddr": 5308416, "memsize": 5168, "is_readable": true, "is_writable": false, "is_executable": false}, ".reloc": {"vaddr": 5316608, "memsize": 5860, "is_readable": true, "is_writable": false, "is_executable": false}}}