{"0": {"status": "deadendend", "trace": [{"name": "main", "args": ["d0e075a9346acbeca7095df2fc5e7c28909961184078e251f737f09b8ef892b6.exe"], "addr": 4275060, "ret": "symbolic", "addr_func": 4275060}, {"name": "GetModuleHandleA", "args": [0], "addr_func": "5242964", "addr": 4216572, "ret": 4194304}, {"name": "GetKeyboardType", "args": [0], "addr_func": "5243016", "addr": 4206217, "ret": 4}, {"name": "GetCommandLineA", "args": [], "addr_func": "5242976", "addr": 4216255, "ret": 0}, {"name": "GetStartupInfoA", "args": [2147417428], "addr_func": "5242956", "addr": 4199042, "ret": "None"}, {"name": "GetVersion", "args": [], "addr_func": "5242912", "addr": 4216275, "ret": 0}, {"name": "GetVersion", "args": [], "addr_func": "5242912", "addr": 4216292, "ret": 0}, {"name": "GetThreadLocale", "args": [], "addr_func": "5242952", "addr": 4216320, "ret": 0}, {"name": "GetLocaleInfoA", "args": ["retval_GetThreadLocale_32771_32", 4100, "", 7], "addr_func": "5242972", "addr": 4215990, "ret": "<BV32 retval_GetLocaleInfoA_32772_32>"}, {"name": "GetCurrentThreadId", "args": [], "addr_func": "5242916", "addr": 4216352, "ret": 0}, {"name": "GetModuleFileNameA", "args": [4194304, "PZM", 261], "addr_func": "5242968", "addr": 4213102, "ret": 3}, {"name": "GetModuleFileNameA", "args": [0, "d0e075a9346acbeca7095df2fc5e7c28909961184078e251f737f09b8ef892b6.exe", 261], "addr_func": "5242968", "addr": 4213672, "ret": 68}, {"name": "RegOpenKeyExA", "args": [2147483649, "Software\\Borland\\Locales", 0, 983065, 2147416128], "addr_func": "5243036", "addr": 4213702, "ret": "<BV32 retval_RegOpenKeyExA_32796_32>"}, {"name": "GetModuleHandleA", "args": ["kernel32.dll"], "addr_func": "5242964", "addr": 4213233, "ret": 6295592}, {"name": "GetProcAddress", "args": [6295592, "GetLongPathNameA"], "addr_func": "5242960", "addr": 4213250, "ret": 6295596}, {"name": "GetLongPathNameA", "args": ["d0e075a9346acbeca7095df2fc5e7c28909961184078e251f737f09b8ef892b6.exe", "", 261], "addr_func": "6295596", "addr": 4213277, "ret": "<BV32 retval_GetLongPathNameA_32811_32>"}, {"name": "lstrcpynA", "args": ["", "", 261], "addr_func": "5242944", "addr": 4213298, "ret": 2147415851}, {"name": "RegQueryValueExA", "args": [4213107, "", 0, 0, 2147416118, 2147416112], "addr_func": "5243032", "addr": 4213835, "ret": "<BV32 retval_RegQueryValueExA_32819_32>"}, {"name": "RegQueryValueExA", "args": [4213107, "", 0, 0, 2147416118, 2147416112], "addr_func": "5243032", "addr": 4213865, "ret": "<BV32 retval_RegQueryValueExA_32821_32>"}, {"name": "RegCloseKey", "args": [4213107], "addr_func": "5243040", "addr": 4213899, "ret": "<BV32 retval_RegCloseKey_32824_32>"}, {"name": "lstrcpynA", "args": ["PZM", "PZM", 261], "addr_func": "5242944", "addr": 4213928, "ret": 2147415851}, {"name": "GetThreadLocale", "args": [], "addr_func": "5242952", "addr": 4213941, "ret": 0}, {"name": "GetLocaleInfoA", "args": ["retval_GetThreadLocale_32834_32", 3, "", 5], "addr_func": "5242972", "addr": 4213947, "ret": "<BV32 retval_GetLocaleInfoA_32837_32>"}, {"name": "LoadStringA", "args": [4194304, 65503, "", 1024], "addr_func": "5243020", "addr": 4215913, "ret": "<BV32 retval_LoadStringA_32847_32>"}, {"name": "LoadStringA", "args": [4194304, 65502, "", 1024], "addr_func": "5243020", "addr": 4215913, "ret": "<BV32 retval_LoadStringA_32851_32>"}, {"name": "LoadStringA", "args": [4194304, 65500, "", 1024], "addr_func": "5243020", "addr": 4215913, "ret": "<BV32 retval_LoadStringA_32854_32>"}, {"name": "LoadStringA", "args": [4194304, 65501, "", 1024], "addr_func": "5243020", "addr": 4215913, "ret": "<BV32 retval_LoadStringA_32858_32>"}, {"name": "InitializeCriticalSection", "args": [4400580], "addr_func": "5242892", "addr": 4200830, "ret": "None"}, {"name": "LocalAlloc", "args": [0, 4088], "addr_func": "5242908", "addr": 4200891, "ret": 3221258256}, {"name": "MessageBoxA", "args": [0, "Runtime error 203 at 00402640", "Error", 0], "addr_func": "5243024", "addr": 4209092, "ret": 1}, {"name": "LocalFree", "args": [3221258256], "addr_func": "5242904", "addr": 4201067, "ret": "<BV32 retval_LocalFree_32886_32>"}, {"name": "DeleteCriticalSection", "args": [4400580], "addr_func": "5242880", "addr": 4201212, "ret": "None"}, {"name": "ExitProcess", "args": [], "addr_func": "5242992", "addr": 4209298, "ret": 0}]}, "1": {"status": "active", "trace": [{"name": "main", "args": ["d0e075a9346acbeca7095df2fc5e7c28909961184078e251f737f09b8ef892b6.exe"], "addr": 4275060, "ret": "symbolic", "addr_func": 4275060}, {"name": "GetModuleHandleA", "args": [0], "addr_func": "5242964", "addr": 4216572, "ret": 4194304}, {"name": "GetKeyboardType", "args": [0], "addr_func": "5243016", "addr": 4206217, "ret": 4}, {"name": "GetCommandLineA", "args": [], "addr_func": "5242976", "addr": 4216255, "ret": 0}, {"name": "GetStartupInfoA", "args": [2147417428], "addr_func": "5242956", "addr": 4199042, "ret": "None"}, {"name": "GetVersion", "args": [], "addr_func": "5242912", "addr": 4216275, "ret": 0}, {"name": "GetVersion", "args": [], "addr_func": "5242912", "addr": 4216292, "ret": 0}, {"name": "GetThreadLocale", "args": [], "addr_func": "5242952", "addr": 4216320, "ret": 0}, {"name": "GetLocaleInfoA", "args": ["retval_GetThreadLocale_32771_32", 4100, "", 7], "addr_func": "5242972", "addr": 4215990, "ret": "<BV32 retval_GetLocaleInfoA_32772_32>"}, {"name": "GetCurrentThreadId", "args": [], "addr_func": "5242916", "addr": 4216352, "ret": 0}, {"name": "GetModuleFileNameA", "args": [4194304, "PZM", 261], "addr_func": "5242968", "addr": 4213102, "ret": 3}, {"name": "GetModuleFileNameA", "args": [0, "d0e075a9346acbeca7095df2fc5e7c28909961184078e251f737f09b8ef892b6.exe", 261], "addr_func": "5242968", "addr": 4213672, "ret": 68}, {"name": "RegOpenKeyExA", "args": [2147483649, "Software\\Borland\\Locales", 0, 983065, 2147416128], "addr_func": "5243036", "addr": 4213702, "ret": "<BV32 retval_RegOpenKeyExA_32796_32>"}, {"name": "GetModuleHandleA", "args": ["kernel32.dll"], "addr_func": "5242964", "addr": 4213233, "ret": 6295592}, {"name": "GetProcAddress", "args": [6295592, "GetLongPathNameA"], "addr_func": "5242960", "addr": 4213250, "ret": 6295596}, {"name": "GetLongPathNameA", "args": ["d0e075a9346acbeca7095df2fc5e7c28909961184078e251f737f09b8ef892b6.exe", "", 261], "addr_func": "6295596", "addr": 4213277, "ret": "<BV32 retval_GetLongPathNameA_32811_32>"}, {"name": "lstrcpynA", "args": ["", "", 261], "addr_func": "5242944", "addr": 4213298, "ret": 2147415851}, {"name": "RegQueryValueExA", "args": [4213107, "", 0, 0, 2147416118, 2147416112], "addr_func": "5243032", "addr": 4213835, "ret": "<BV32 retval_RegQueryValueExA_32819_32>"}, {"name": "RegQueryValueExA", "args": [4213107, "", 0, 0, 2147416118, 2147416112], "addr_func": "5243032", "addr": 4213865, "ret": "<BV32 retval_RegQueryValueExA_32821_32>"}, {"name": "RegCloseKey", "args": [4213107], "addr_func": "5243040", "addr": 4213899, "ret": "<BV32 retval_RegCloseKey_32824_32>"}, {"name": "lstrcpynA", "args": ["PZM", "PZM", 261], "addr_func": "5242944", "addr": 4213928, "ret": 2147415851}, {"name": "GetThreadLocale", "args": [], "addr_func": "5242952", "addr": 4213941, "ret": 0}, {"name": "GetLocaleInfoA", "args": ["retval_GetThreadLocale_32834_32", 3, "", 5], "addr_func": "5242972", "addr": 4213947, "ret": "<BV32 retval_GetLocaleInfoA_32837_32>"}, {"name": "LoadStringA", "args": [4194304, 65503, "", 1024], "addr_func": "5243020", "addr": 4215913, "ret": "<BV32 retval_LoadStringA_32847_32>"}, {"name": "LoadStringA", "args": [4194304, 65502, "", 1024], "addr_func": "5243020", "addr": 4215913, "ret": "<BV32 retval_LoadStringA_32851_32>"}, {"name": "LoadStringA", "args": [4194304, 65500, "", 1024], "addr_func": "5243020", "addr": 4215913, "ret": "<BV32 retval_LoadStringA_32854_32>"}, {"name": "LoadStringA", "args": [4194304, 65501, "", 1024], "addr_func": "5243020", "addr": 4215913, "ret": "<BV32 retval_LoadStringA_32858_32>"}, {"name": "InitializeCriticalSection", "args": [4400580], "addr_func": "5242892", "addr": 4200830, "ret": "None"}, {"name": "LocalAlloc", "args": [0, 4088], "addr_func": "5242908", "addr": 4200891, "ret": 3221258256}]}, "2": {"status": "active", "trace": [{"name": "main", "args": ["d0e075a9346acbeca7095df2fc5e7c28909961184078e251f737f09b8ef892b6.exe"], "addr": 4275060, "ret": "symbolic", "addr_func": 4275060}, {"name": "GetModuleHandleA", "args": [0], "addr_func": "5242964", "addr": 4216572, "ret": 4194304}, {"name": "GetKeyboardType", "args": [0], "addr_func": "5243016", "addr": 4206217, "ret": 4}, {"name": "GetCommandLineA", "args": [], "addr_func": "5242976", "addr": 4216255, "ret": 0}, {"name": "GetStartupInfoA", "args": [2147417428], "addr_func": "5242956", "addr": 4199042, "ret": "None"}, {"name": "GetVersion", "args": [], "addr_func": "5242912", "addr": 4216275, "ret": 0}, {"name": "GetVersion", "args": [], "addr_func": "5242912", "addr": 4216292, "ret": 0}, {"name": "GetThreadLocale", "args": [], "addr_func": "5242952", "addr": 4216320, "ret": 0}, {"name": "GetLocaleInfoA", "args": ["retval_GetThreadLocale_32771_32", 4100, "", 7], "addr_func": "5242972", "addr": 4215990, "ret": "<BV32 retval_GetLocaleInfoA_32772_32>"}, {"name": "GetCurrentThreadId", "args": [], "addr_func": "5242916", "addr": 4216352, "ret": 0}, {"name": "GetModuleFileNameA", "args": [4194304, "PZM", 261], "addr_func": "5242968", "addr": 4213102, "ret": 3}, {"name": "GetModuleFileNameA", "args": [0, "d0e075a9346acbeca7095df2fc5e7c28909961184078e251f737f09b8ef892b6.exe", 261], "addr_func": "5242968", "addr": 4213672, "ret": 68}, {"name": "RegOpenKeyExA", "args": [2147483649, "Software\\Borland\\Locales", 0, 983065, 2147416128], "addr_func": "5243036", "addr": 4213702, "ret": "<BV32 retval_RegOpenKeyExA_32796_32>"}, {"name": "GetModuleHandleA", "args": ["kernel32.dll"], "addr_func": "5242964", "addr": 4213233, "ret": 6295592}, {"name": "GetProcAddress", "args": [6295592, "GetLongPathNameA"], "addr_func": "5242960", "addr": 4213250, "ret": 6295596}, {"name": "GetLongPathNameA", "args": ["d0e075a9346acbeca7095df2fc5e7c28909961184078e251f737f09b8ef892b6.exe", "", 261], "addr_func": "6295596", "addr": 4213277, "ret": "<BV32 retval_GetLongPathNameA_32811_32>"}, {"name": "lstrcpynA", "args": ["", "", 261], "addr_func": "5242944", "addr": 4213298, "ret": 2147415851}, {"name": "RegQueryValueExA", "args": [4213107, "", 0, 0, 2147416118, 2147416112], "addr_func": "5243032", "addr": 4213835, "ret": "<BV32 retval_RegQueryValueExA_32819_32>"}, {"name": "RegQueryValueExA", "args": [4213107, "", 0, 0, 2147416118, 2147416112], "addr_func": "5243032", "addr": 4213865, "ret": "<BV32 retval_RegQueryValueExA_32821_32>"}, {"name": "RegCloseKey", "args": [4213107], "addr_func": "5243040", "addr": 4213899, "ret": "<BV32 retval_RegCloseKey_32824_32>"}, {"name": "lstrcpynA", "args": ["PZM", "PZM", 261], "addr_func": "5242944", "addr": 4213928, "ret": 2147415851}, {"name": "GetThreadLocale", "args": [], "addr_func": "5242952", "addr": 4213941, "ret": 0}, {"name": "GetLocaleInfoA", "args": ["retval_GetThreadLocale_32834_32", 3, "", 5], "addr_func": "5242972", "addr": 4213947, "ret": "<BV32 retval_GetLocaleInfoA_32837_32>"}, {"name": "LoadStringA", "args": [4194304, 65503, "", 1024], "addr_func": "5243020", "addr": 4215913, "ret": "<BV32 retval_LoadStringA_32847_32>"}, {"name": "LoadStringA", "args": [4194304, 65502, "", 1024], "addr_func": "5243020", "addr": 4215913, "ret": "<BV32 retval_LoadStringA_32851_32>"}, {"name": "LoadStringA", "args": [4194304, 65500, "", 1024], "addr_func": "5243020", "addr": 4215913, "ret": "<BV32 retval_LoadStringA_32854_32>"}, {"name": "LoadStringA", "args": [4194304, 65501, "", 1024], "addr_func": "5243020", "addr": 4215913, "ret": "<BV32 retval_LoadStringA_32859_32>"}, {"name": "InitializeCriticalSection", "args": [4400580], "addr_func": "5242892", "addr": 4200830, "ret": "None"}, {"name": "LocalAlloc", "args": [0, 4088], "addr_func": "5242908", "addr": 4200891, "ret": 3221258256}]}, "3": {"status": "active", "trace": [{"name": "main", "args": ["d0e075a9346acbeca7095df2fc5e7c28909961184078e251f737f09b8ef892b6.exe"], "addr": 4275060, "ret": "symbolic", "addr_func": 4275060}, {"name": "GetModuleHandleA", "args": [0], "addr_func": "5242964", "addr": 4216572, "ret": 4194304}, {"name": "GetKeyboardType", "args": [0], "addr_func": "5243016", "addr": 4206217, "ret": 4}, {"name": "GetCommandLineA", "args": [], "addr_func": "5242976", "addr": 4216255, "ret": 0}, {"name": "GetStartupInfoA", "args": [2147417428], "addr_func": "5242956", "addr": 4199042, "ret": "None"}, {"name": "GetVersion", "args": [], "addr_func": "5242912", "addr": 4216275, "ret": 0}, {"name": "GetVersion", "args": [], "addr_func": "5242912", "addr": 4216292, "ret": 0}, {"name": "GetThreadLocale", "args": [], "addr_func": "5242952", "addr": 4216320, "ret": 0}, {"name": "GetLocaleInfoA", "args": ["retval_GetThreadLocale_32771_32", 4100, "", 7], "addr_func": "5242972", "addr": 4215990, "ret": "<BV32 retval_GetLocaleInfoA_32772_32>"}, {"name": "GetCurrentThreadId", "args": [], "addr_func": "5242916", "addr": 4216352, "ret": 0}, {"name": "GetModuleFileNameA", "args": [4194304, "PZM", 261], "addr_func": "5242968", "addr": 4213102, "ret": 3}, {"name": "GetModuleFileNameA", "args": [0, "d0e075a9346acbeca7095df2fc5e7c28909961184078e251f737f09b8ef892b6.exe", 261], "addr_func": "5242968", "addr": 4213672, "ret": 68}, {"name": "RegOpenKeyExA", "args": [2147483649, "Software\\Borland\\Locales", 0, 983065, 2147416128], "addr_func": "5243036", "addr": 4213702, "ret": "<BV32 retval_RegOpenKeyExA_32796_32>"}, {"name": "GetModuleHandleA", "args": ["kernel32.dll"], "addr_func": "5242964", "addr": 4213233, "ret": 6295592}, {"name": "GetProcAddress", "args": [6295592, "GetLongPathNameA"], "addr_func": "5242960", "addr": 4213250, "ret": 6295596}, {"name": "GetLongPathNameA", "args": ["d0e075a9346acbeca7095df2fc5e7c28909961184078e251f737f09b8ef892b6.exe", "", 261], "addr_func": "6295596", "addr": 4213277, "ret": "<BV32 retval_GetLongPathNameA_32811_32>"}, {"name": "lstrcpynA", "args": ["", "", 261], "addr_func": "5242944", "addr": 4213298, "ret": 2147415851}, {"name": "RegQueryValueExA", "args": [4213107, "", 0, 0, 2147416118, 2147416112], "addr_func": "5243032", "addr": 4213835, "ret": "<BV32 retval_RegQueryValueExA_32819_32>"}, {"name": "RegQueryValueExA", "args": [4213107, "", 0, 0, 2147416118, 2147416112], "addr_func": "5243032", "addr": 4213865, "ret": "<BV32 retval_RegQueryValueExA_32821_32>"}, {"name": "RegCloseKey", "args": [4213107], "addr_func": "5243040", "addr": 4213899, "ret": "<BV32 retval_RegCloseKey_32824_32>"}, {"name": "lstrcpynA", "args": ["PZM", "PZM", 261], "addr_func": "5242944", "addr": 4213928, "ret": 2147415851}, {"name": "GetThreadLocale", "args": [], "addr_func": "5242952", "addr": 4213941, "ret": 0}, {"name": "GetLocaleInfoA", "args": ["retval_GetThreadLocale_32834_32", 3, "", 5], "addr_func": "5242972", "addr": 4213947, "ret": "<BV32 retval_GetLocaleInfoA_32837_32>"}, {"name": "LoadStringA", "args": [4194304, 65503, "", 1024], "addr_func": "5243020", "addr": 4215913, "ret": "<BV32 retval_LoadStringA_32847_32>"}, {"name": "LoadStringA", "args": [4194304, 65502, "", 1024], "addr_func": "5243020", "addr": 4215913, "ret": "<BV32 retval_LoadStringA_32851_32>"}, {"name": "LoadStringA", "args": [4194304, 65500, "", 1024], "addr_func": "5243020", "addr": 4215913, "ret": "<BV32 retval_LoadStringA_32854_32>"}, {"name": "LoadStringA", "args": [4194304, 65501, "", 1024], "addr_func": "5243020", "addr": 4215913, "ret": "<BV32 retval_LoadStringA_32858_32>"}, {"name": "InitializeCriticalSection", "args": [4400580], "addr_func": "5242892", "addr": 4200830, "ret": "None"}, {"name": "LocalAlloc", "args": [0, 4088], "addr_func": "5242908", "addr": 4200891, "ret": 3221258256}, {"name": "VirtualAlloc", "args": [0, 1048576, 8192, 1], "addr_func": "5242900", "addr": 4199599, "ret": 3222798336}, {"name": "LocalAlloc", "args": [0, 1604], "addr_func": "5242908", "addr": 4199151, "ret": 3221262352}]}, "4": {"status": "active", "trace": [{"name": "main", "args": ["d0e075a9346acbeca7095df2fc5e7c28909961184078e251f737f09b8ef892b6.exe"], "addr": 4275060, "ret": "symbolic", "addr_func": 4275060}, {"name": "GetModuleHandleA", "args": [0], "addr_func": "5242964", "addr": 4216572, "ret": 4194304}, {"name": "GetKeyboardType", "args": [0], "addr_func": "5243016", "addr": 4206217, "ret": 4}, {"name": "GetCommandLineA", "args": [], "addr_func": "5242976", "addr": 4216255, "ret": 0}, {"name": "GetStartupInfoA", "args": [2147417428], "addr_func": "5242956", "addr": 4199042, "ret": "None"}, {"name": "GetVersion", "args": [], "addr_func": "5242912", "addr": 4216275, "ret": 0}, {"name": "GetVersion", "args": [], "addr_func": "5242912", "addr": 4216292, "ret": 0}, {"name": "GetThreadLocale", "args": [], "addr_func": "5242952", "addr": 4216320, "ret": 0}, {"name": "GetLocaleInfoA", "args": ["retval_GetThreadLocale_32771_32", 4100, "", 7], "addr_func": "5242972", "addr": 4215990, "ret": "<BV32 retval_GetLocaleInfoA_32772_32>"}, {"name": "GetCurrentThreadId", "args": [], "addr_func": "5242916", "addr": 4216352, "ret": 0}, {"name": "GetModuleFileNameA", "args": [4194304, "PZM", 261], "addr_func": "5242968", "addr": 4213102, "ret": 3}, {"name": "GetModuleFileNameA", "args": [0, "d0e075a9346acbeca7095df2fc5e7c28909961184078e251f737f09b8ef892b6.exe", 261], "addr_func": "5242968", "addr": 4213672, "ret": 68}, {"name": "RegOpenKeyExA", "args": [2147483649, "Software\\Borland\\Locales", 0, 983065, 2147416128], "addr_func": "5243036", "addr": 4213702, "ret": "<BV32 retval_RegOpenKeyExA_32796_32>"}, {"name": "GetModuleHandleA", "args": ["kernel32.dll"], "addr_func": "5242964", "addr": 4213233, "ret": 6295592}, {"name": "GetProcAddress", "args": [6295592, "GetLongPathNameA"], "addr_func": "5242960", "addr": 4213250, "ret": 6295596}, {"name": "GetLongPathNameA", "args": ["d0e075a9346acbeca7095df2fc5e7c28909961184078e251f737f09b8ef892b6.exe", "", 261], "addr_func": "6295596", "addr": 4213277, "ret": "<BV32 retval_GetLongPathNameA_32811_32>"}, {"name": "lstrcpynA", "args": ["", "", 261], "addr_func": "5242944", "addr": 4213298, "ret": 2147415851}, {"name": "RegQueryValueExA", "args": [4213107, "", 0, 0, 2147416118, 2147416112], "addr_func": "5243032", "addr": 4213835, "ret": "<BV32 retval_RegQueryValueExA_32819_32>"}, {"name": "RegQueryValueExA", "args": [4213107, "", 0, 0, 2147416118, 2147416112], "addr_func": "5243032", "addr": 4213865, "ret": "<BV32 retval_RegQueryValueExA_32821_32>"}, {"name": "RegCloseKey", "args": [4213107], "addr_func": "5243040", "addr": 4213899, "ret": "<BV32 retval_RegCloseKey_32824_32>"}, {"name": "lstrcpynA", "args": ["PZM", "PZM", 261], "addr_func": "5242944", "addr": 4213928, "ret": 2147415851}, {"name": "GetThreadLocale", "args": [], "addr_func": "5242952", "addr": 4213941, "ret": 0}, {"name": "GetLocaleInfoA", "args": ["retval_GetThreadLocale_32834_32", 3, "", 5], "addr_func": "5242972", "addr": 4213947, "ret": "<BV32 retval_GetLocaleInfoA_32837_32>"}, {"name": "LoadStringA", "args": [4194304, 65503, "", 1024], "addr_func": "5243020", "addr": 4215913, "ret": "<BV32 retval_LoadStringA_32847_32>"}, {"name": "LoadStringA", "args": [4194304, 65502, "", 1024], "addr_func": "5243020", "addr": 4215913, "ret": "<BV32 retval_LoadStringA_32851_32>"}, {"name": "LoadStringA", "args": [4194304, 65500, "", 1024], "addr_func": "5243020", "addr": 4215913, "ret": "<BV32 retval_LoadStringA_32854_32>"}, {"name": "LoadStringA", "args": [4194304, 65501, "", 1024], "addr_func": "5243020", "addr": 4215913, "ret": "<BV32 retval_LoadStringA_32859_32>"}, {"name": "InitializeCriticalSection", "args": [4400580], "addr_func": "5242892", "addr": 4200830, "ret": "None"}, {"name": "LocalAlloc", "args": [0, 4088], "addr_func": "5242908", "addr": 4200891, "ret": 3221258256}, {"name": "VirtualAlloc", "args": [0, "retval_LoadStringA_32859_32", 8192, 1], "addr_func": "5242900", "addr": 4199599, "ret": 3221762048}, {"name": "LocalAlloc", "args": [0, 1604], "addr_func": "5242908", "addr": 4199151, "ret": 3221262352}]}, "5": {"status": "active", "trace": [{"name": "main", "args": ["d0e075a9346acbeca7095df2fc5e7c28909961184078e251f737f09b8ef892b6.exe"], "addr": 4275060, "ret": "symbolic", "addr_func": 4275060}, {"name": "GetModuleHandleA", "args": [0], "addr_func": "5242964", "addr": 4216572, "ret": 4194304}, {"name": "GetKeyboardType", "args": [0], "addr_func": "5243016", "addr": 4206217, "ret": 4}, {"name": "GetCommandLineA", "args": [], "addr_func": "5242976", "addr": 4216255, "ret": 0}, {"name": "GetStartupInfoA", "args": [2147417428], "addr_func": "5242956", "addr": 4199042, "ret": "None"}, {"name": "GetVersion", "args": [], "addr_func": "5242912", "addr": 4216275, "ret": 0}, {"name": "GetVersion", "args": [], "addr_func": "5242912", "addr": 4216292, "ret": 0}, {"name": "GetThreadLocale", "args": [], "addr_func": "5242952", "addr": 4216320, "ret": 0}, {"name": "GetLocaleInfoA", "args": ["retval_GetThreadLocale_32771_32", 4100, "", 7], "addr_func": "5242972", "addr": 4215990, "ret": "<BV32 retval_GetLocaleInfoA_32772_32>"}, {"name": "GetCurrentThreadId", "args": [], "addr_func": "5242916", "addr": 4216352, "ret": 0}, {"name": "GetModuleFileNameA", "args": [4194304, "PZM", 261], "addr_func": "5242968", "addr": 4213102, "ret": 3}, {"name": "GetModuleFileNameA", "args": [0, "d0e075a9346acbeca7095df2fc5e7c28909961184078e251f737f09b8ef892b6.exe", 261], "addr_func": "5242968", "addr": 4213672, "ret": 68}, {"name": "RegOpenKeyExA", "args": [2147483649, "Software\\Borland\\Locales", 0, 983065, 2147416128], "addr_func": "5243036", "addr": 4213702, "ret": "<BV32 retval_RegOpenKeyExA_32796_32>"}, {"name": "GetModuleHandleA", "args": ["kernel32.dll"], "addr_func": "5242964", "addr": 4213233, "ret": 6295592}, {"name": "GetProcAddress", "args": [6295592, "GetLongPathNameA"], "addr_func": "5242960", "addr": 4213250, "ret": 6295596}, {"name": "GetLongPathNameA", "args": ["d0e075a9346acbeca7095df2fc5e7c28909961184078e251f737f09b8ef892b6.exe", "", 261], "addr_func": "6295596", "addr": 4213277, "ret": "<BV32 retval_GetLongPathNameA_32811_32>"}, {"name": "lstrcpynA", "args": ["", "", 261], "addr_func": "5242944", "addr": 4213298, "ret": 2147415851}, {"name": "RegQueryValueExA", "args": [4213107, "", 0, 0, 2147416118, 2147416112], "addr_func": "5243032", "addr": 4213835, "ret": "<BV32 retval_RegQueryValueExA_32819_32>"}, {"name": "RegQueryValueExA", "args": [4213107, "", 0, 0, 2147416118, 2147416112], "addr_func": "5243032", "addr": 4213865, "ret": "<BV32 retval_RegQueryValueExA_32821_32>"}, {"name": "RegCloseKey", "args": [4213107], "addr_func": "5243040", "addr": 4213899, "ret": "<BV32 retval_RegCloseKey_32824_32>"}, {"name": "lstrcpynA", "args": ["PZM", "PZM", 261], "addr_func": "5242944", "addr": 4213928, "ret": 2147415851}, {"name": "GetThreadLocale", "args": [], "addr_func": "5242952", "addr": 4213941, "ret": 0}, {"name": "GetLocaleInfoA", "args": ["retval_GetThreadLocale_32834_32", 3, "", 5], "addr_func": "5242972", "addr": 4213947, "ret": "<BV32 retval_GetLocaleInfoA_32837_32>"}, {"name": "LoadStringA", "args": [4194304, 65503, "", 1024], "addr_func": "5243020", "addr": 4215913, "ret": "<BV32 retval_LoadStringA_32847_32>"}, {"name": "LoadStringA", "args": [4194304, 65502, "", 1024], "addr_func": "5243020", "addr": 4215913, "ret": "<BV32 retval_LoadStringA_32851_32>"}, {"name": "LoadStringA", "args": [4194304, 65500, "", 1024], "addr_func": "5243020", "addr": 4215913, "ret": "<BV32 retval_LoadStringA_32854_32>"}, {"name": "LoadStringA", "args": [4194304, 65501, "", 1024], "addr_func": "5243020", "addr": 4215913, "ret": "<BV32 retval_LoadStringA_32858_32>"}, {"name": "InitializeCriticalSection", "args": [4400580], "addr_func": "5242892", "addr": 4200830, "ret": "None"}, {"name": "LocalAlloc", "args": [0, 4088], "addr_func": "5242908", "addr": 4200891, "ret": 3221258256}, {"name": "VirtualAlloc", "args": [0, "retval_LoadStringA_32858_32", 8192, 1], "addr_func": "5242900", "addr": 4199599, "ret": 3221762048}, {"name": "LocalAlloc", "args": [0, 1604], "addr_func": "5242908", "addr": 4199151, "ret": 3221262352}]}, "6": {"status": "ExcessLoop", "trace": [{"name": "main", "args": ["d0e075a9346acbeca7095df2fc5e7c28909961184078e251f737f09b8ef892b6.exe"], "addr": 4275060, "ret": "symbolic", "addr_func": 4275060}, {"name": "GetModuleHandleA", "args": [0], "addr_func": "5242964", "addr": 4216572, "ret": 4194304}, {"name": "GetKeyboardType", "args": [0], "addr_func": "5243016", "addr": 4206217, "ret": 4}, {"name": "GetCommandLineA", "args": [], "addr_func": "5242976", "addr": 4216255, "ret": 0}, {"name": "GetStartupInfoA", "args": [2147417428], "addr_func": "5242956", "addr": 4199042, "ret": "None"}, {"name": "GetVersion", "args": [], "addr_func": "5242912", "addr": 4216275, "ret": 0}, {"name": "GetVersion", "args": [], "addr_func": "5242912", "addr": 4216292, "ret": 0}, {"name": "GetThreadLocale", "args": [], "addr_func": "5242952", "addr": 4216320, "ret": 0}, {"name": "GetLocaleInfoA", "args": ["retval_GetThreadLocale_32771_32", 4100, "", 7], "addr_func": "5242972", "addr": 4215990, "ret": "<BV32 retval_GetLocaleInfoA_32772_32>"}, {"name": "GetCurrentThreadId", "args": [], "addr_func": "5242916", "addr": 4216352, "ret": 0}, {"name": "GetModuleFileNameA", "args": [4194304, "PZM", 261], "addr_func": "5242968", "addr": 4213102, "ret": 3}, {"name": "GetModuleFileNameA", "args": [0, "d0e075a9346acbeca7095df2fc5e7c28909961184078e251f737f09b8ef892b6.exe", 261], "addr_func": "5242968", "addr": 4213672, "ret": 68}, {"name": "RegOpenKeyExA", "args": [2147483649, "Software\\Borland\\Locales", 0, 983065, 2147416128], "addr_func": "5243036", "addr": 4213702, "ret": "<BV32 retval_RegOpenKeyExA_32796_32>"}, {"name": "GetModuleHandleA", "args": ["kernel32.dll"], "addr_func": "5242964", "addr": 4213233, "ret": 6295592}, {"name": "GetProcAddress", "args": [6295592, "GetLongPathNameA"], "addr_func": "5242960", "addr": 4213250, "ret": 6295596}, {"name": "GetLongPathNameA", "args": ["d0e075a9346acbeca7095df2fc5e7c28909961184078e251f737f09b8ef892b6.exe", "", 261], "addr_func": "6295596", "addr": 4213277, "ret": "<BV32 retval_GetLongPathNameA_32811_32>"}, {"name": "lstrcpynA", "args": ["", "", 261], "addr_func": "5242944", "addr": 4213298, "ret": 2147415851}, {"name": "RegQueryValueExA", "args": [4213107, "", 0, 0, 2147416118, 2147416112], "addr_func": "5243032", "addr": 4213835, "ret": "<BV32 retval_RegQueryValueExA_32819_32>"}, {"name": "RegQueryValueExA", "args": [4213107, "", 0, 0, 2147416118, 2147416112], "addr_func": "5243032", "addr": 4213865, "ret": "<BV32 retval_RegQueryValueExA_32821_32>"}, {"name": "RegCloseKey", "args": [4213107], "addr_func": "5243040", "addr": 4213899, "ret": "<BV32 retval_RegCloseKey_32824_32>"}, {"name": "lstrcpynA", "args": ["PZM", "PZM", 261], "addr_func": "5242944", "addr": 4213928, "ret": 2147415851}, {"name": "GetThreadLocale", "args": [], "addr_func": "5242952", "addr": 4213941, "ret": 0}, {"name": "GetLocaleInfoA", "args": ["retval_GetThreadLocale_32834_32", 3, "", 5], "addr_func": "5242972", "addr": 4213947, "ret": "<BV32 retval_GetLocaleInfoA_32837_32>"}, {"name": "LoadStringA", "args": [4194304, 65503, "", 1024], "addr_func": "5243020", "addr": 4215913, "ret": "<BV32 retval_LoadStringA_32847_32>"}, {"name": "LoadStringA", "args": [4194304, 65502, "", 1024], "addr_func": "5243020", "addr": 4215913, "ret": "<BV32 retval_LoadStringA_32851_32>"}, {"name": "LoadStringA", "args": [4194304, 65500, "", 1024], "addr_func": "5243020", "addr": 4215913, "ret": "<BV32 retval_LoadStringA_32854_32>"}, {"name": "LoadStringA", "args": [4194304, 65501, "", 1024], "addr_func": "5243020", "addr": 4215913, "ret": "<BV32 retval_LoadStringA_32858_32>"}]}, "7": {"status": "ExcessLoop", "trace": [{"name": "main", "args": ["d0e075a9346acbeca7095df2fc5e7c28909961184078e251f737f09b8ef892b6.exe"], "addr": 4275060, "ret": "symbolic", "addr_func": 4275060}, {"name": "GetModuleHandleA", "args": [0], "addr_func": "5242964", "addr": 4216572, "ret": 4194304}, {"name": "GetKeyboardType", "args": [0], "addr_func": "5243016", "addr": 4206217, "ret": 4}, {"name": "GetCommandLineA", "args": [], "addr_func": "5242976", "addr": 4216255, "ret": 0}, {"name": "GetStartupInfoA", "args": [2147417428], "addr_func": "5242956", "addr": 4199042, "ret": "None"}, {"name": "GetVersion", "args": [], "addr_func": "5242912", "addr": 4216275, "ret": 0}, {"name": "GetVersion", "args": [], "addr_func": "5242912", "addr": 4216292, "ret": 0}, {"name": "GetThreadLocale", "args": [], "addr_func": "5242952", "addr": 4216320, "ret": 0}, {"name": "GetLocaleInfoA", "args": ["retval_GetThreadLocale_32771_32", 4100, "", 7], "addr_func": "5242972", "addr": 4215990, "ret": "<BV32 retval_GetLocaleInfoA_32772_32>"}, {"name": "GetCurrentThreadId", "args": [], "addr_func": "5242916", "addr": 4216352, "ret": 0}, {"name": "GetModuleFileNameA", "args": [4194304, "PZM", 261], "addr_func": "5242968", "addr": 4213102, "ret": 3}, {"name": "GetModuleFileNameA", "args": [0, "d0e075a9346acbeca7095df2fc5e7c28909961184078e251f737f09b8ef892b6.exe", 261], "addr_func": "5242968", "addr": 4213672, "ret": 68}, {"name": "RegOpenKeyExA", "args": [2147483649, "Software\\Borland\\Locales", 0, 983065, 2147416128], "addr_func": "5243036", "addr": 4213702, "ret": "<BV32 retval_RegOpenKeyExA_32796_32>"}, {"name": "GetModuleHandleA", "args": ["kernel32.dll"], "addr_func": "5242964", "addr": 4213233, "ret": 6295592}, {"name": "GetProcAddress", "args": [6295592, "GetLongPathNameA"], "addr_func": "5242960", "addr": 4213250, "ret": 6295596}, {"name": "GetLongPathNameA", "args": ["d0e075a9346acbeca7095df2fc5e7c28909961184078e251f737f09b8ef892b6.exe", "", 261], "addr_func": "6295596", "addr": 4213277, "ret": "<BV32 retval_GetLongPathNameA_32811_32>"}, {"name": "lstrcpynA", "args": ["", "", 261], "addr_func": "5242944", "addr": 4213298, "ret": 2147415851}, {"name": "RegQueryValueExA", "args": [4213107, "", 0, 0, 2147416118, 2147416112], "addr_func": "5243032", "addr": 4213835, "ret": "<BV32 retval_RegQueryValueExA_32819_32>"}, {"name": "RegQueryValueExA", "args": [4213107, "", 0, 0, 2147416118, 2147416112], "addr_func": "5243032", "addr": 4213865, "ret": "<BV32 retval_RegQueryValueExA_32821_32>"}, {"name": "RegCloseKey", "args": [4213107], "addr_func": "5243040", "addr": 4213899, "ret": "<BV32 retval_RegCloseKey_32824_32>"}, {"name": "lstrcpynA", "args": ["PZM", "PZM", 261], "addr_func": "5242944", "addr": 4213928, "ret": 2147415851}, {"name": "GetThreadLocale", "args": [], "addr_func": "5242952", "addr": 4213941, "ret": 0}, {"name": "GetLocaleInfoA", "args": ["retval_GetThreadLocale_32834_32", 3, "", 5], "addr_func": "5242972", "addr": 4213947, "ret": "<BV32 retval_GetLocaleInfoA_32837_32>"}, {"name": "LoadStringA", "args": [4194304, 65503, "", 1024], "addr_func": "5243020", "addr": 4215913, "ret": "<BV32 retval_LoadStringA_32847_32>"}, {"name": "LoadStringA", "args": [4194304, 65502, "", 1024], "addr_func": "5243020", "addr": 4215913, "ret": "<BV32 retval_LoadStringA_32851_32>"}, {"name": "LoadStringA", "args": [4194304, 65500, "", 1024], "addr_func": "5243020", "addr": 4215913, "ret": "<BV32 retval_LoadStringA_32854_32>"}, {"name": "LoadStringA", "args": [4194304, 65501, "", 1024], "addr_func": "5243020", "addr": 4215913, "ret": "<BV32 retval_LoadStringA_32859_32>"}]}, "8": {"status": "ExcessLoop", "trace": [{"name": "main", "args": ["d0e075a9346acbeca7095df2fc5e7c28909961184078e251f737f09b8ef892b6.exe"], "addr": 4275060, "ret": "symbolic", "addr_func": 4275060}, {"name": "GetModuleHandleA", "args": [0], "addr_func": "5242964", "addr": 4216572, "ret": 4194304}, {"name": "GetKeyboardType", "args": [0], "addr_func": "5243016", "addr": 4206217, "ret": 4}, {"name": "GetCommandLineA", "args": [], "addr_func": "5242976", "addr": 4216255, "ret": 0}, {"name": "GetStartupInfoA", "args": [2147417428], "addr_func": "5242956", "addr": 4199042, "ret": "None"}, {"name": "GetVersion", "args": [], "addr_func": "5242912", "addr": 4216275, "ret": 0}, {"name": "GetVersion", "args": [], "addr_func": "5242912", "addr": 4216292, "ret": 0}, {"name": "GetThreadLocale", "args": [], "addr_func": "5242952", "addr": 4216320, "ret": 0}, {"name": "GetLocaleInfoA", "args": ["retval_GetThreadLocale_32771_32", 4100, "", 7], "addr_func": "5242972", "addr": 4215990, "ret": "<BV32 retval_GetLocaleInfoA_32772_32>"}, {"name": "GetCurrentThreadId", "args": [], "addr_func": "5242916", "addr": 4216352, "ret": 0}, {"name": "GetModuleFileNameA", "args": [4194304, "PZM", 261], "addr_func": "5242968", "addr": 4213102, "ret": 3}, {"name": "GetModuleFileNameA", "args": [0, "d0e075a9346acbeca7095df2fc5e7c28909961184078e251f737f09b8ef892b6.exe", 261], "addr_func": "5242968", "addr": 4213672, "ret": 68}, {"name": "RegOpenKeyExA", "args": [2147483649, "Software\\Borland\\Locales", 0, 983065, 2147416128], "addr_func": "5243036", "addr": 4213702, "ret": "<BV32 retval_RegOpenKeyExA_32796_32>"}, {"name": "GetModuleHandleA", "args": ["kernel32.dll"], "addr_func": "5242964", "addr": 4213233, "ret": 6295592}, {"name": "GetProcAddress", "args": [6295592, "GetLongPathNameA"], "addr_func": "5242960", "addr": 4213250, "ret": 6295596}, {"name": "GetLongPathNameA", "args": ["d0e075a9346acbeca7095df2fc5e7c28909961184078e251f737f09b8ef892b6.exe", "", 261], "addr_func": "6295596", "addr": 4213277, "ret": "<BV32 retval_GetLongPathNameA_32811_32>"}, {"name": "lstrcpynA", "args": ["", "", 261], "addr_func": "5242944", "addr": 4213298, "ret": 2147415851}, {"name": "RegQueryValueExA", "args": [4213107, "", 0, 0, 2147416118, 2147416112], "addr_func": "5243032", "addr": 4213835, "ret": "<BV32 retval_RegQueryValueExA_32819_32>"}, {"name": "RegQueryValueExA", "args": [4213107, "", 0, 0, 2147416118, 2147416112], "addr_func": "5243032", "addr": 4213865, "ret": "<BV32 retval_RegQueryValueExA_32821_32>"}, {"name": "RegCloseKey", "args": [4213107], "addr_func": "5243040", "addr": 4213899, "ret": "<BV32 retval_RegCloseKey_32824_32>"}, {"name": "lstrcpynA", "args": ["PZM", "PZM", 261], "addr_func": "5242944", "addr": 4213928, "ret": 2147415851}, {"name": "GetThreadLocale", "args": [], "addr_func": "5242952", "addr": 4213941, "ret": 0}, {"name": "GetLocaleInfoA", "args": ["retval_GetThreadLocale_32834_32", 3, "", 5], "addr_func": "5242972", "addr": 4213947, "ret": "<BV32 retval_GetLocaleInfoA_32837_32>"}, {"name": "LoadStringA", "args": [4194304, 65503, "", 1024], "addr_func": "5243020", "addr": 4215913, "ret": "<BV32 retval_LoadStringA_32847_32>"}, {"name": "LoadStringA", "args": [4194304, 65502, "", 1024], "addr_func": "5243020", "addr": 4215913, "ret": "<BV32 retval_LoadStringA_32851_32>"}, {"name": "LoadStringA", "args": [4194304, 65500, "", 1024], "addr_func": "5243020", "addr": 4215913, "ret": "<BV32 retval_LoadStringA_32855_32>"}, {"name": "LoadStringA", "args": [4194304, 65501, "", 1024], "addr_func": "5243020", "addr": 4215913, "ret": "<BV32 retval_LoadStringA_32860_32>"}]}, "9": {"status": "ExcessLoop", "trace": [{"name": "main", "args": ["d0e075a9346acbeca7095df2fc5e7c28909961184078e251f737f09b8ef892b6.exe"], "addr": 4275060, "ret": "symbolic", "addr_func": 4275060}, {"name": "GetModuleHandleA", "args": [0], "addr_func": "5242964", "addr": 4216572, "ret": 4194304}, {"name": "GetKeyboardType", "args": [0], "addr_func": "5243016", "addr": 4206217, "ret": 4}, {"name": "GetCommandLineA", "args": [], "addr_func": "5242976", "addr": 4216255, "ret": 0}, {"name": "GetStartupInfoA", "args": [2147417428], "addr_func": "5242956", "addr": 4199042, "ret": "None"}, {"name": "GetVersion", "args": [], "addr_func": "5242912", "addr": 4216275, "ret": 0}, {"name": "GetVersion", "args": [], "addr_func": "5242912", "addr": 4216292, "ret": 0}, {"name": "GetThreadLocale", "args": [], "addr_func": "5242952", "addr": 4216320, "ret": 0}, {"name": "GetLocaleInfoA", "args": ["retval_GetThreadLocale_32771_32", 4100, "", 7], "addr_func": "5242972", "addr": 4215990, "ret": "<BV32 retval_GetLocaleInfoA_32772_32>"}, {"name": "GetCurrentThreadId", "args": [], "addr_func": "5242916", "addr": 4216352, "ret": 0}, {"name": "GetModuleFileNameA", "args": [4194304, "PZM", 261], "addr_func": "5242968", "addr": 4213102, "ret": 3}, {"name": "GetModuleFileNameA", "args": [0, "d0e075a9346acbeca7095df2fc5e7c28909961184078e251f737f09b8ef892b6.exe", 261], "addr_func": "5242968", "addr": 4213672, "ret": 68}, {"name": "RegOpenKeyExA", "args": [2147483649, "Software\\Borland\\Locales", 0, 983065, 2147416128], "addr_func": "5243036", "addr": 4213702, "ret": "<BV32 retval_RegOpenKeyExA_32796_32>"}, {"name": "GetModuleHandleA", "args": ["kernel32.dll"], "addr_func": "5242964", "addr": 4213233, "ret": 6295592}, {"name": "GetProcAddress", "args": [6295592, "GetLongPathNameA"], "addr_func": "5242960", "addr": 4213250, "ret": 6295596}, {"name": "GetLongPathNameA", "args": ["d0e075a9346acbeca7095df2fc5e7c28909961184078e251f737f09b8ef892b6.exe", "", 261], "addr_func": "6295596", "addr": 4213277, "ret": "<BV32 retval_GetLongPathNameA_32811_32>"}, {"name": "lstrcpynA", "args": ["", "", 261], "addr_func": "5242944", "addr": 4213298, "ret": 2147415851}, {"name": "RegQueryValueExA", "args": [4213107, "", 0, 0, 2147416118, 2147416112], "addr_func": "5243032", "addr": 4213835, "ret": "<BV32 retval_RegQueryValueExA_32819_32>"}, {"name": "RegQueryValueExA", "args": [4213107, "", 0, 0, 2147416118, 2147416112], "addr_func": "5243032", "addr": 4213865, "ret": "<BV32 retval_RegQueryValueExA_32821_32>"}, {"name": "RegCloseKey", "args": [4213107], "addr_func": "5243040", "addr": 4213899, "ret": "<BV32 retval_RegCloseKey_32824_32>"}, {"name": "lstrcpynA", "args": ["PZM", "PZM", 261], "addr_func": "5242944", "addr": 4213928, "ret": 2147415851}, {"name": "GetThreadLocale", "args": [], "addr_func": "5242952", "addr": 4213941, "ret": 0}, {"name": "GetLocaleInfoA", "args": ["retval_GetThreadLocale_32834_32", 3, "", 5], "addr_func": "5242972", "addr": 4213947, "ret": "<BV32 retval_GetLocaleInfoA_32837_32>"}, {"name": "LoadStringA", "args": [4194304, 65503, "", 1024], "addr_func": "5243020", "addr": 4215913, "ret": "<BV32 retval_LoadStringA_32847_32>"}, {"name": "LoadStringA", "args": [4194304, 65502, "", 1024], "addr_func": "5243020", "addr": 4215913, "ret": "<BV32 retval_LoadStringA_32851_32>"}, {"name": "LoadStringA", "args": [4194304, 65500, "", 1024], "addr_func": "5243020", "addr": 4215913, "ret": "<BV32 retval_LoadStringA_32855_32>"}, {"name": "LoadStringA", "args": [4194304, 65501, "", 1024], "addr_func": "5243020", "addr": 4215913, "ret": "<BV32 retval_LoadStringA_32861_32>"}]}, "10": {"status": "ExcessLoop", "trace": [{"name": "main", "args": ["d0e075a9346acbeca7095df2fc5e7c28909961184078e251f737f09b8ef892b6.exe"], "addr": 4275060, "ret": "symbolic", "addr_func": 4275060}, {"name": "GetModuleHandleA", "args": [0], "addr_func": "5242964", "addr": 4216572, "ret": 4194304}, {"name": "GetKeyboardType", "args": [0], "addr_func": "5243016", "addr": 4206217, "ret": 4}, {"name": "GetCommandLineA", "args": [], "addr_func": "5242976", "addr": 4216255, "ret": 0}, {"name": "GetStartupInfoA", "args": [2147417428], "addr_func": "5242956", "addr": 4199042, "ret": "None"}, {"name": "GetVersion", "args": [], "addr_func": "5242912", "addr": 4216275, "ret": 0}, {"name": "GetVersion", "args": [], "addr_func": "5242912", "addr": 4216292, "ret": 0}, {"name": "GetThreadLocale", "args": [], "addr_func": "5242952", "addr": 4216320, "ret": 0}, {"name": "GetLocaleInfoA", "args": ["retval_GetThreadLocale_32771_32", 4100, "", 7], "addr_func": "5242972", "addr": 4215990, "ret": "<BV32 retval_GetLocaleInfoA_32772_32>"}, {"name": "GetCurrentThreadId", "args": [], "addr_func": "5242916", "addr": 4216352, "ret": 0}, {"name": "GetModuleFileNameA", "args": [4194304, "PZM", 261], "addr_func": "5242968", "addr": 4213102, "ret": 3}, {"name": "GetModuleFileNameA", "args": [0, "d0e075a9346acbeca7095df2fc5e7c28909961184078e251f737f09b8ef892b6.exe", 261], "addr_func": "5242968", "addr": 4213672, "ret": 68}, {"name": "RegOpenKeyExA", "args": [2147483649, "Software\\Borland\\Locales", 0, 983065, 2147416128], "addr_func": "5243036", "addr": 4213702, "ret": "<BV32 retval_RegOpenKeyExA_32796_32>"}, {"name": "GetModuleHandleA", "args": ["kernel32.dll"], "addr_func": "5242964", "addr": 4213233, "ret": 6295592}, {"name": "GetProcAddress", "args": [6295592, "GetLongPathNameA"], "addr_func": "5242960", "addr": 4213250, "ret": 6295596}, {"name": "GetLongPathNameA", "args": ["d0e075a9346acbeca7095df2fc5e7c28909961184078e251f737f09b8ef892b6.exe", "", 261], "addr_func": "6295596", "addr": 4213277, "ret": "<BV32 retval_GetLongPathNameA_32811_32>"}, {"name": "lstrcpynA", "args": ["d0", "d0e075a9346acbeca7095df2fc5e7c28909961184078e251f737f09b8ef892b6.exe", 3], "addr_func": "5242944", "addr": 4213398, "ret": 2147415229}, {"name": "CharNextA", "args": ["075a9346acbeca7095df2fc5e7c28909961184078e251f737f09b8ef892b6.exe"], "addr_func": "5243028", "addr": 4213187, "ret": 2147415855}, {"name": "CharNextA", "args": ["75a9346acbeca7095df2fc5e7c28909961184078e251f737f09b8ef892b6.exe"], "addr_func": "5243028", "addr": 4213187, "ret": 2147415856}, {"name": "CharNextA", "args": ["5a9346acbeca7095df2fc5e7c28909961184078e251f737f09b8ef892b6.exe"], "addr_func": "5243028", "addr": 4213187, "ret": 2147415857}, {"name": "CharNextA", "args": ["a9346acbeca7095df2fc5e7c28909961184078e251f737f09b8ef892b6.exe"], "addr_func": "5243028", "addr": 4213187, "ret": 2147415858}, {"name": "CharNextA", "args": ["9346acbeca7095df2fc5e7c28909961184078e251f737f09b8ef892b6.exe"], "addr_func": "5243028", "addr": 4213187, "ret": 2147415859}, {"name": "CharNextA", "args": ["346acbeca7095df2fc5e7c28909961184078e251f737f09b8ef892b6.exe"], "addr_func": "5243028", "addr": 4213187, "ret": 2147415860}, {"name": "CharNextA", "args": ["46acbeca7095df2fc5e7c28909961184078e251f737f09b8ef892b6.exe"], "addr_func": "5243028", "addr": 4213187, "ret": 2147415861}, {"name": "CharNextA", "args": ["6acbeca7095df2fc5e7c28909961184078e251f737f09b8ef892b6.exe"], "addr_func": "5243028", "addr": 4213187, "ret": 2147415862}, {"name": "CharNextA", "args": ["acbeca7095df2fc5e7c28909961184078e251f737f09b8ef892b6.exe"], "addr_func": "5243028", "addr": 4213187, "ret": 2147415863}, {"name": "CharNextA", "args": ["cbeca7095df2fc5e7c28909961184078e251f737f09b8ef892b6.exe"], "addr_func": "5243028", "addr": 4213187, "ret": 2147415864}, {"name": "CharNextA", "args": ["beca7095df2fc5e7c28909961184078e251f737f09b8ef892b6.exe"], "addr_func": "5243028", "addr": 4213187, "ret": 2147415865}, {"name": "CharNextA", "args": ["eca7095df2fc5e7c28909961184078e251f737f09b8ef892b6.exe"], "addr_func": "5243028", "addr": 4213187, "ret": 2147415866}, {"name": "CharNextA", "args": ["ca7095df2fc5e7c28909961184078e251f737f09b8ef892b6.exe"], "addr_func": "5243028", "addr": 4213187, "ret": 2147415867}, {"name": "CharNextA", "args": ["a7095df2fc5e7c28909961184078e251f737f09b8ef892b6.exe"], "addr_func": "5243028", "addr": 4213187, "ret": 2147415868}, {"name": "CharNextA", "args": ["7095df2fc5e7c28909961184078e251f737f09b8ef892b6.exe"], "addr_func": "5243028", "addr": 4213187, "ret": 2147415869}, {"name": "CharNextA", "args": ["095df2fc5e7c28909961184078e251f737f09b8ef892b6.exe"], "addr_func": "5243028", "addr": 4213187, "ret": 2147415870}, {"name": "CharNextA", "args": ["95df2fc5e7c28909961184078e251f737f09b8ef892b6.exe"], "addr_func": "5243028", "addr": 4213187, "ret": 2147415871}, {"name": "CharNextA", "args": ["5df2fc5e7c28909961184078e251f737f09b8ef892b6.exe"], "addr_func": "5243028", "addr": 4213187, "ret": 2147415872}, {"name": "CharNextA", "args": ["df2fc5e7c28909961184078e251f737f09b8ef892b6.exe"], "addr_func": "5243028", "addr": 4213187, "ret": 2147415873}, {"name": "CharNextA", "args": ["f2fc5e7c28909961184078e251f737f09b8ef892b6.exe"], "addr_func": "5243028", "addr": 4213187, "ret": 2147415874}, {"name": "CharNextA", "args": ["2fc5e7c28909961184078e251f737f09b8ef892b6.exe"], "addr_func": "5243028", "addr": 4213187, "ret": 2147415875}, {"name": "CharNextA", "args": ["fc5e7c28909961184078e251f737f09b8ef892b6.exe"], "addr_func": "5243028", "addr": 4213187, "ret": 2147415876}, {"name": "CharNextA", "args": ["c5e7c28909961184078e251f737f09b8ef892b6.exe"], "addr_func": "5243028", "addr": 4213187, "ret": 2147415877}, {"name": "CharNextA", "args": ["5e7c28909961184078e251f737f09b8ef892b6.exe"], "addr_func": "5243028", "addr": 4213187, "ret": 2147415878}, {"name": "CharNextA", "args": ["e7c28909961184078e251f737f09b8ef892b6.exe"], "addr_func": "5243028", "addr": 4213187, "ret": 2147415879}, {"name": "CharNextA", "args": ["7c28909961184078e251f737f09b8ef892b6.exe"], "addr_func": "5243028", "addr": 4213187, "ret": 2147415880}, {"name": "CharNextA", "args": ["c28909961184078e251f737f09b8ef892b6.exe"], "addr_func": "5243028", "addr": 4213187, "ret": 2147415881}, {"name": "CharNextA", "args": ["28909961184078e251f737f09b8ef892b6.exe"], "addr_func": "5243028", "addr": 4213187, "ret": 2147415882}, {"name": "CharNextA", "args": ["8909961184078e251f737f09b8ef892b6.exe"], "addr_func": "5243028", "addr": 4213187, "ret": 2147415883}, {"name": "CharNextA", "args": ["909961184078e251f737f09b8ef892b6.exe"], "addr_func": "5243028", "addr": 4213187, "ret": 2147415884}, {"name": "CharNextA", "args": ["09961184078e251f737f09b8ef892b6.exe"], "addr_func": "5243028", "addr": 4213187, "ret": 2147415885}, {"name": "CharNextA", "args": ["9961184078e251f737f09b8ef892b6.exe"], "addr_func": "5243028", "addr": 4213187, "ret": 2147415886}, {"name": "CharNextA", "args": ["961184078e251f737f09b8ef892b6.exe"], "addr_func": "5243028", "addr": 4213187, "ret": 2147415887}, {"name": "CharNextA", "args": ["61184078e251f737f09b8ef892b6.exe"], "addr_func": "5243028", "addr": 4213187, "ret": 2147415888}, {"name": "CharNextA", "args": ["1184078e251f737f09b8ef892b6.exe"], "addr_func": "5243028", "addr": 4213187, "ret": 2147415889}, {"name": "CharNextA", "args": ["184078e251f737f09b8ef892b6.exe"], "addr_func": "5243028", "addr": 4213187, "ret": 2147415890}, {"name": "CharNextA", "args": ["84078e251f737f09b8ef892b6.exe"], "addr_func": "5243028", "addr": 4213187, "ret": 2147415891}, {"name": "CharNextA", "args": ["4078e251f737f09b8ef892b6.exe"], "addr_func": "5243028", "addr": 4213187, "ret": 2147415892}, {"name": "CharNextA", "args": ["078e251f737f09b8ef892b6.exe"], "addr_func": "5243028", "addr": 4213187, "ret": 2147415893}, {"name": "CharNextA", "args": ["78e251f737f09b8ef892b6.exe"], "addr_func": "5243028", "addr": 4213187, "ret": 2147415894}, {"name": "CharNextA", "args": ["8e251f737f09b8ef892b6.exe"], "addr_func": "5243028", "addr": 4213187, "ret": 2147415895}, {"name": "CharNextA", "args": ["e251f737f09b8ef892b6.exe"], "addr_func": "5243028", "addr": 4213187, "ret": 2147415896}, {"name": "CharNextA", "args": ["251f737f09b8ef892b6.exe"], "addr_func": "5243028", "addr": 4213187, "ret": 2147415897}, {"name": "CharNextA", "args": ["51f737f09b8ef892b6.exe"], "addr_func": "5243028", "addr": 4213187, "ret": 2147415898}, {"name": "CharNextA", "args": ["1f737f09b8ef892b6.exe"], "addr_func": "5243028", "addr": 4213187, "ret": 2147415899}, {"name": "CharNextA", "args": ["f737f09b8ef892b6.exe"], "addr_func": "5243028", "addr": 4213187, "ret": 2147415900}, {"name": "CharNextA", "args": ["737f09b8ef892b6.exe"], "addr_func": "5243028", "addr": 4213187, "ret": 2147415901}, {"name": "CharNextA", "args": ["37f09b8ef892b6.exe"], "addr_func": "5243028", "addr": 4213187, "ret": 2147415902}, {"name": "CharNextA", "args": ["7f09b8ef892b6.exe"], "addr_func": "5243028", "addr": 4213187, "ret": 2147415903}, {"name": "CharNextA", "args": ["f09b8ef892b6.exe"], "addr_func": "5243028", "addr": 4213187, "ret": 2147415904}, {"name": "CharNextA", "args": ["09b8ef892b6.exe"], "addr_func": "5243028", "addr": 4213187, "ret": 2147415905}, {"name": "CharNextA", "args": ["9b8ef892b6.exe"], "addr_func": "5243028", "addr": 4213187, "ret": 2147415906}, {"name": "CharNextA", "args": ["b8ef892b6.exe"], "addr_func": "5243028", "addr": 4213187, "ret": 2147415907}, {"name": "CharNextA", "args": ["8ef892b6.exe"], "addr_func": "5243028", "addr": 4213187, "ret": 2147415908}, {"name": "CharNextA", "args": ["ef892b6.exe"], "addr_func": "5243028", "addr": 4213187, "ret": 2147415909}, {"name": "CharNextA", "args": ["f892b6.exe"], "addr_func": "5243028", "addr": 4213187, "ret": 2147415910}, {"name": "CharNextA", "args": ["892b6.exe"], "addr_func": "5243028", "addr": 4213187, "ret": 2147415911}, {"name": "CharNextA", "args": ["92b6.exe"], "addr_func": "5243028", "addr": 4213187, "ret": 2147415912}, {"name": "CharNextA", "args": ["2b6.exe"], "addr_func": "5243028", "addr": 4213187, "ret": 2147415913}, {"name": "CharNextA", "args": ["b6.exe"], "addr_func": "5243028", "addr": 4213187, "ret": 2147415914}, {"name": "CharNextA", "args": ["6.exe"], "addr_func": "5243028", "addr": 4213187, "ret": 2147415915}, {"name": "CharNextA", "args": [".exe"], "addr_func": "5243028", "addr": 4213187, "ret": 2147415916}, {"name": "CharNextA", "args": ["exe"], "addr_func": "5243028", "addr": 4213187, "ret": 2147415917}, {"name": "CharNextA", "args": ["xe"], "addr_func": "5243028", "addr": 4213187, "ret": 2147415918}, {"name": "CharNextA", "args": ["e"], "addr_func": "5243028", "addr": 4213187, "ret": 2147415919}, {"name": "lstrcpynA", "args": ["e075a9346acbeca7095df2fc5e7c28909961184078e251f737f09b8ef892b6.exe", "e075a9346acbeca7095df2fc5e7c28909961184078e251f737f09b8ef892b6.exe", 67], "addr_func": "5242944", "addr": 4213451, "ret": 2147415231}, {"name": "FindFirstFileA", "args": ["d0e075a9346acbeca7095df2fc5e7c28909961184078e251f737f09b8ef892b6.exe", 2147415490], "addr_func": "5242984", "addr": 4213470, "ret": "<BV32 retval_FindFirstFileA_32862_32>"}, {"name": "FindClose", "args": ["retval_FindFirstFileA_32862_32"], "addr_func": "5242988", "addr": 4213483, "ret": "<BV32 retval_FindClose_32863_32>"}, {"name": "lstrlenA", "args": [""], "addr_func": "5242940", "addr": 4213495, "ret": 0}, {"name": "lstrcpynA", "args": ["", "", 258], "addr_func": "5242944", "addr": 4213547, "ret": 2147415232}, {"name": "lstrlenA", "args": [""], "addr_func": "5242940", "addr": 4213559, "ret": 0}, {"name": "lstrcpynA", "args": ["d0\\", "d0\\", 261], "addr_func": "5242944", "addr": 4213593, "ret": 2147415851}, {"name": "RegQueryValueExA", "args": [4213107, "d0\\", 0, 0, 2147416118, 2147416112], "addr_func": "5243032", "addr": 4213835, "ret": "<BV32 retval_RegQueryValueExA_32868_32>"}, {"name": "RegCloseKey", "args": [4213107], "addr_func": "5243040", "addr": 4213899, "ret": "<BV32 retval_RegCloseKey_32869_32>"}, {"name": "lstrcpynA", "args": ["PZM", "PZM", 261], "addr_func": "5242944", "addr": 4213928, "ret": 2147415851}, {"name": "GetThreadLocale", "args": [], "addr_func": "5242952", "addr": 4213941, "ret": 0}, {"name": "GetLocaleInfoA", "args": ["retval_GetThreadLocale_32872_32", 3, "", 5], "addr_func": "5242972", "addr": 4213947, "ret": "<BV32 retval_GetLocaleInfoA_32873_32>"}, {"name": "LoadStringA", "args": [4194304, 65503, "", 1024], "addr_func": "5243020", "addr": 4215913, "ret": "<BV32 retval_LoadStringA_32876_32>"}, {"name": "LoadStringA", "args": [4194304, 65502, "", 1024], "addr_func": "5243020", "addr": 4215913, "ret": "<BV32 retval_LoadStringA_32877_32>"}, {"name": "LoadStringA", "args": [4194304, 65500, "", 1024], "addr_func": "5243020", "addr": 4215913, "ret": "<BV32 retval_LoadStringA_32879_32>"}, {"name": "LoadStringA", "args": [4194304, 65501, "", 1024], "addr_func": "5243020", "addr": 4215913, "ret": "<BV32 retval_LoadStringA_32881_32>"}]}, "11": {"status": "ExcessLoop", "trace": [{"name": "main", "args": ["d0e075a9346acbeca7095df2fc5e7c28909961184078e251f737f09b8ef892b6.exe"], "addr": 4275060, "ret": "symbolic", "addr_func": 4275060}, {"name": "GetModuleHandleA", "args": [0], "addr_func": "5242964", "addr": 4216572, "ret": 4194304}, {"name": "GetKeyboardType", "args": [0], "addr_func": "5243016", "addr": 4206217, "ret": 4}, {"name": "GetCommandLineA", "args": [], "addr_func": "5242976", "addr": 4216255, "ret": 0}, {"name": "GetStartupInfoA", "args": [2147417428], "addr_func": "5242956", "addr": 4199042, "ret": "None"}, {"name": "GetVersion", "args": [], "addr_func": "5242912", "addr": 4216275, "ret": 0}, {"name": "GetVersion", "args": [], "addr_func": "5242912", "addr": 4216292, "ret": 0}, {"name": "GetThreadLocale", "args": [], "addr_func": "5242952", "addr": 4216320, "ret": 0}, {"name": "GetLocaleInfoA", "args": ["retval_GetThreadLocale_32771_32", 4100, "", 7], "addr_func": "5242972", "addr": 4215990, "ret": "<BV32 retval_GetLocaleInfoA_32772_32>"}, {"name": "GetCurrentThreadId", "args": [], "addr_func": "5242916", "addr": 4216352, "ret": 0}, {"name": "GetModuleFileNameA", "args": [4194304, "PZM", 261], "addr_func": "5242968", "addr": 4213102, "ret": 3}, {"name": "GetModuleFileNameA", "args": [0, "d0e075a9346acbeca7095df2fc5e7c28909961184078e251f737f09b8ef892b6.exe", 261], "addr_func": "5242968", "addr": 4213672, "ret": 68}, {"name": "RegOpenKeyExA", "args": [2147483649, "Software\\Borland\\Locales", 0, 983065, 2147416128], "addr_func": "5243036", "addr": 4213702, "ret": "<BV32 retval_RegOpenKeyExA_32796_32>"}, {"name": "GetModuleHandleA", "args": ["kernel32.dll"], "addr_func": "5242964", "addr": 4213233, "ret": 6295592}, {"name": "GetProcAddress", "args": [6295592, "GetLongPathNameA"], "addr_func": "5242960", "addr": 4213250, "ret": 6295596}, {"name": "GetLongPathNameA", "args": ["d0e075a9346acbeca7095df2fc5e7c28909961184078e251f737f09b8ef892b6.exe", "", 261], "addr_func": "6295596", "addr": 4213277, "ret": "<BV32 retval_GetLongPathNameA_32811_32>"}, {"name": "lstrcpynA", "args": ["d0", "d0e075a9346acbeca7095df2fc5e7c28909961184078e251f737f09b8ef892b6.exe", 3], "addr_func": "5242944", "addr": 4213398, "ret": 2147415229}, {"name": "CharNextA", "args": ["075a9346acbeca7095df2fc5e7c28909961184078e251f737f09b8ef892b6.exe"], "addr_func": "5243028", "addr": 4213187, "ret": 2147415855}, {"name": "CharNextA", "args": ["75a9346acbeca7095df2fc5e7c28909961184078e251f737f09b8ef892b6.exe"], "addr_func": "5243028", "addr": 4213187, "ret": 2147415856}, {"name": "CharNextA", "args": ["5a9346acbeca7095df2fc5e7c28909961184078e251f737f09b8ef892b6.exe"], "addr_func": "5243028", "addr": 4213187, "ret": 2147415857}, {"name": "CharNextA", "args": ["a9346acbeca7095df2fc5e7c28909961184078e251f737f09b8ef892b6.exe"], "addr_func": "5243028", "addr": 4213187, "ret": 2147415858}, {"name": "CharNextA", "args": ["9346acbeca7095df2fc5e7c28909961184078e251f737f09b8ef892b6.exe"], "addr_func": "5243028", "addr": 4213187, "ret": 2147415859}, {"name": "CharNextA", "args": ["346acbeca7095df2fc5e7c28909961184078e251f737f09b8ef892b6.exe"], "addr_func": "5243028", "addr": 4213187, "ret": 2147415860}, {"name": "CharNextA", "args": ["46acbeca7095df2fc5e7c28909961184078e251f737f09b8ef892b6.exe"], "addr_func": "5243028", "addr": 4213187, "ret": 2147415861}, {"name": "CharNextA", "args": ["6acbeca7095df2fc5e7c28909961184078e251f737f09b8ef892b6.exe"], "addr_func": "5243028", "addr": 4213187, "ret": 2147415862}, {"name": "CharNextA", "args": ["acbeca7095df2fc5e7c28909961184078e251f737f09b8ef892b6.exe"], "addr_func": "5243028", "addr": 4213187, "ret": 2147415863}, {"name": "CharNextA", "args": ["cbeca7095df2fc5e7c28909961184078e251f737f09b8ef892b6.exe"], "addr_func": "5243028", "addr": 4213187, "ret": 2147415864}, {"name": "CharNextA", "args": ["beca7095df2fc5e7c28909961184078e251f737f09b8ef892b6.exe"], "addr_func": "5243028", "addr": 4213187, "ret": 2147415865}, {"name": "CharNextA", "args": ["eca7095df2fc5e7c28909961184078e251f737f09b8ef892b6.exe"], "addr_func": "5243028", "addr": 4213187, "ret": 2147415866}, {"name": "CharNextA", "args": ["ca7095df2fc5e7c28909961184078e251f737f09b8ef892b6.exe"], "addr_func": "5243028", "addr": 4213187, "ret": 2147415867}, {"name": "CharNextA", "args": ["a7095df2fc5e7c28909961184078e251f737f09b8ef892b6.exe"], "addr_func": "5243028", "addr": 4213187, "ret": 2147415868}, {"name": "CharNextA", "args": ["7095df2fc5e7c28909961184078e251f737f09b8ef892b6.exe"], "addr_func": "5243028", "addr": 4213187, "ret": 2147415869}, {"name": "CharNextA", "args": ["095df2fc5e7c28909961184078e251f737f09b8ef892b6.exe"], "addr_func": "5243028", "addr": 4213187, "ret": 2147415870}, {"name": "CharNextA", "args": ["95df2fc5e7c28909961184078e251f737f09b8ef892b6.exe"], "addr_func": "5243028", "addr": 4213187, "ret": 2147415871}, {"name": "CharNextA", "args": ["5df2fc5e7c28909961184078e251f737f09b8ef892b6.exe"], "addr_func": "5243028", "addr": 4213187, "ret": 2147415872}, {"name": "CharNextA", "args": ["df2fc5e7c28909961184078e251f737f09b8ef892b6.exe"], "addr_func": "5243028", "addr": 4213187, "ret": 2147415873}, {"name": "CharNextA", "args": ["f2fc5e7c28909961184078e251f737f09b8ef892b6.exe"], "addr_func": "5243028", "addr": 4213187, "ret": 2147415874}, {"name": "CharNextA", "args": ["2fc5e7c28909961184078e251f737f09b8ef892b6.exe"], "addr_func": "5243028", "addr": 4213187, "ret": 2147415875}, {"name": "CharNextA", "args": ["fc5e7c28909961184078e251f737f09b8ef892b6.exe"], "addr_func": "5243028", "addr": 4213187, "ret": 2147415876}, {"name": "CharNextA", "args": ["c5e7c28909961184078e251f737f09b8ef892b6.exe"], "addr_func": "5243028", "addr": 4213187, "ret": 2147415877}, {"name": "CharNextA", "args": ["5e7c28909961184078e251f737f09b8ef892b6.exe"], "addr_func": "5243028", "addr": 4213187, "ret": 2147415878}, {"name": "CharNextA", "args": ["e7c28909961184078e251f737f09b8ef892b6.exe"], "addr_func": "5243028", "addr": 4213187, "ret": 2147415879}, {"name": "CharNextA", "args": ["7c28909961184078e251f737f09b8ef892b6.exe"], "addr_func": "5243028", "addr": 4213187, "ret": 2147415880}, {"name": "CharNextA", "args": ["c28909961184078e251f737f09b8ef892b6.exe"], "addr_func": "5243028", "addr": 4213187, "ret": 2147415881}, {"name": "CharNextA", "args": ["28909961184078e251f737f09b8ef892b6.exe"], "addr_func": "5243028", "addr": 4213187, "ret": 2147415882}, {"name": "CharNextA", "args": ["8909961184078e251f737f09b8ef892b6.exe"], "addr_func": "5243028", "addr": 4213187, "ret": 2147415883}, {"name": "CharNextA", "args": ["909961184078e251f737f09b8ef892b6.exe"], "addr_func": "5243028", "addr": 4213187, "ret": 2147415884}, {"name": "CharNextA", "args": ["09961184078e251f737f09b8ef892b6.exe"], "addr_func": "5243028", "addr": 4213187, "ret": 2147415885}, {"name": "CharNextA", "args": ["9961184078e251f737f09b8ef892b6.exe"], "addr_func": "5243028", "addr": 4213187, "ret": 2147415886}, {"name": "CharNextA", "args": ["961184078e251f737f09b8ef892b6.exe"], "addr_func": "5243028", "addr": 4213187, "ret": 2147415887}, {"name": "CharNextA", "args": ["61184078e251f737f09b8ef892b6.exe"], "addr_func": "5243028", "addr": 4213187, "ret": 2147415888}, {"name": "CharNextA", "args": ["1184078e251f737f09b8ef892b6.exe"], "addr_func": "5243028", "addr": 4213187, "ret": 2147415889}, {"name": "CharNextA", "args": ["184078e251f737f09b8ef892b6.exe"], "addr_func": "5243028", "addr": 4213187, "ret": 2147415890}, {"name": "CharNextA", "args": ["84078e251f737f09b8ef892b6.exe"], "addr_func": "5243028", "addr": 4213187, "ret": 2147415891}, {"name": "CharNextA", "args": ["4078e251f737f09b8ef892b6.exe"], "addr_func": "5243028", "addr": 4213187, "ret": 2147415892}, {"name": "CharNextA", "args": ["078e251f737f09b8ef892b6.exe"], "addr_func": "5243028", "addr": 4213187, "ret": 2147415893}, {"name": "CharNextA", "args": ["78e251f737f09b8ef892b6.exe"], "addr_func": "5243028", "addr": 4213187, "ret": 2147415894}, {"name": "CharNextA", "args": ["8e251f737f09b8ef892b6.exe"], "addr_func": "5243028", "addr": 4213187, "ret": 2147415895}, {"name": "CharNextA", "args": ["e251f737f09b8ef892b6.exe"], "addr_func": "5243028", "addr": 4213187, "ret": 2147415896}, {"name": "CharNextA", "args": ["251f737f09b8ef892b6.exe"], "addr_func": "5243028", "addr": 4213187, "ret": 2147415897}, {"name": "CharNextA", "args": ["51f737f09b8ef892b6.exe"], "addr_func": "5243028", "addr": 4213187, "ret": 2147415898}, {"name": "CharNextA", "args": ["1f737f09b8ef892b6.exe"], "addr_func": "5243028", "addr": 4213187, "ret": 2147415899}, {"name": "CharNextA", "args": ["f737f09b8ef892b6.exe"], "addr_func": "5243028", "addr": 4213187, "ret": 2147415900}, {"name": "CharNextA", "args": ["737f09b8ef892b6.exe"], "addr_func": "5243028", "addr": 4213187, "ret": 2147415901}, {"name": "CharNextA", "args": ["37f09b8ef892b6.exe"], "addr_func": "5243028", "addr": 4213187, "ret": 2147415902}, {"name": "CharNextA", "args": ["7f09b8ef892b6.exe"], "addr_func": "5243028", "addr": 4213187, "ret": 2147415903}, {"name": "CharNextA", "args": ["f09b8ef892b6.exe"], "addr_func": "5243028", "addr": 4213187, "ret": 2147415904}, {"name": "CharNextA", "args": ["09b8ef892b6.exe"], "addr_func": "5243028", "addr": 4213187, "ret": 2147415905}, {"name": "CharNextA", "args": ["9b8ef892b6.exe"], "addr_func": "5243028", "addr": 4213187, "ret": 2147415906}, {"name": "CharNextA", "args": ["b8ef892b6.exe"], "addr_func": "5243028", "addr": 4213187, "ret": 2147415907}, {"name": "CharNextA", "args": ["8ef892b6.exe"], "addr_func": "5243028", "addr": 4213187, "ret": 2147415908}, {"name": "CharNextA", "args": ["ef892b6.exe"], "addr_func": "5243028", "addr": 4213187, "ret": 2147415909}, {"name": "CharNextA", "args": ["f892b6.exe"], "addr_func": "5243028", "addr": 4213187, "ret": 2147415910}, {"name": "CharNextA", "args": ["892b6.exe"], "addr_func": "5243028", "addr": 4213187, "ret": 2147415911}, {"name": "CharNextA", "args": ["92b6.exe"], "addr_func": "5243028", "addr": 4213187, "ret": 2147415912}, {"name": "CharNextA", "args": ["2b6.exe"], "addr_func": "5243028", "addr": 4213187, "ret": 2147415913}, {"name": "CharNextA", "args": ["b6.exe"], "addr_func": "5243028", "addr": 4213187, "ret": 2147415914}, {"name": "CharNextA", "args": ["6.exe"], "addr_func": "5243028", "addr": 4213187, "ret": 2147415915}, {"name": "CharNextA", "args": [".exe"], "addr_func": "5243028", "addr": 4213187, "ret": 2147415916}, {"name": "CharNextA", "args": ["exe"], "addr_func": "5243028", "addr": 4213187, "ret": 2147415917}, {"name": "CharNextA", "args": ["xe"], "addr_func": "5243028", "addr": 4213187, "ret": 2147415918}, {"name": "CharNextA", "args": ["e"], "addr_func": "5243028", "addr": 4213187, "ret": 2147415919}, {"name": "lstrcpynA", "args": ["e075a9346acbeca7095df2fc5e7c28909961184078e251f737f09b8ef892b6.exe", "e075a9346acbeca7095df2fc5e7c28909961184078e251f737f09b8ef892b6.exe", 67], "addr_func": "5242944", "addr": 4213451, "ret": 2147415231}, {"name": "FindFirstFileA", "args": ["d0e075a9346acbeca7095df2fc5e7c28909961184078e251f737f09b8ef892b6.exe", 2147415490], "addr_func": "5242984", "addr": 4213470, "ret": "<BV32 retval_FindFirstFileA_32862_32>"}, {"name": "FindClose", "args": ["retval_FindFirstFileA_32862_32"], "addr_func": "5242988", "addr": 4213483, "ret": "<BV32 retval_FindClose_32863_32>"}, {"name": "lstrlenA", "args": [""], "addr_func": "5242940", "addr": 4213495, "ret": 0}, {"name": "lstrcpynA", "args": ["", "", 258], "addr_func": "5242944", "addr": 4213547, "ret": 2147415232}, {"name": "lstrlenA", "args": [""], "addr_func": "5242940", "addr": 4213559, "ret": 0}, {"name": "lstrcpynA", "args": ["d0\\", "d0\\", 261], "addr_func": "5242944", "addr": 4213593, "ret": 2147415851}, {"name": "RegQueryValueExA", "args": [4213107, "d0\\", 0, 0, 2147416118, 2147416112], "addr_func": "5243032", "addr": 4213835, "ret": "<BV32 retval_RegQueryValueExA_32868_32>"}, {"name": "RegCloseKey", "args": [4213107], "addr_func": "5243040", "addr": 4213899, "ret": "<BV32 retval_RegCloseKey_32869_32>"}, {"name": "lstrcpynA", "args": ["PZM", "PZM", 261], "addr_func": "5242944", "addr": 4213928, "ret": 2147415851}, {"name": "GetThreadLocale", "args": [], "addr_func": "5242952", "addr": 4213941, "ret": 0}, {"name": "GetLocaleInfoA", "args": ["retval_GetThreadLocale_32872_32", 3, "", 5], "addr_func": "5242972", "addr": 4213947, "ret": "<BV32 retval_GetLocaleInfoA_32873_32>"}, {"name": "LoadStringA", "args": [4194304, 65503, "", 1024], "addr_func": "5243020", "addr": 4215913, "ret": "<BV32 retval_LoadStringA_32876_32>"}, {"name": "LoadStringA", "args": [4194304, 65502, "", 1024], "addr_func": "5243020", "addr": 4215913, "ret": "<BV32 retval_LoadStringA_32877_32>"}, {"name": "LoadStringA", "args": [4194304, 65500, "", 1024], "addr_func": "5243020", "addr": 4215913, "ret": "<BV32 retval_LoadStringA_32879_32>"}, {"name": "LoadStringA", "args": [4194304, 65501, "", 1024], "addr_func": "5243020", "addr": 4215913, "ret": "<BV32 retval_LoadStringA_32882_32>"}]}, "12": {"status": "ExcessLoop", "trace": [{"name": "main", "args": ["d0e075a9346acbeca7095df2fc5e7c28909961184078e251f737f09b8ef892b6.exe"], "addr": 4275060, "ret": "symbolic", "addr_func": 4275060}, {"name": "GetModuleHandleA", "args": [0], "addr_func": "5242964", "addr": 4216572, "ret": 4194304}, {"name": "GetKeyboardType", "args": [0], "addr_func": "5243016", "addr": 4206217, "ret": 4}, {"name": "GetCommandLineA", "args": [], "addr_func": "5242976", "addr": 4216255, "ret": 0}, {"name": "GetStartupInfoA", "args": [2147417428], "addr_func": "5242956", "addr": 4199042, "ret": "None"}, {"name": "GetVersion", "args": [], "addr_func": "5242912", "addr": 4216275, "ret": 0}, {"name": "GetVersion", "args": [], "addr_func": "5242912", "addr": 4216292, "ret": 0}, {"name": "GetThreadLocale", "args": [], "addr_func": "5242952", "addr": 4216320, "ret": 0}, {"name": "GetLocaleInfoA", "args": ["retval_GetThreadLocale_32771_32", 4100, "", 7], "addr_func": "5242972", "addr": 4215990, "ret": "<BV32 retval_GetLocaleInfoA_32772_32>"}, {"name": "GetCurrentThreadId", "args": [], "addr_func": "5242916", "addr": 4216352, "ret": 0}, {"name": "GetModuleFileNameA", "args": [4194304, "PZM", 261], "addr_func": "5242968", "addr": 4213102, "ret": 3}, {"name": "GetModuleFileNameA", "args": [0, "d0e075a9346acbeca7095df2fc5e7c28909961184078e251f737f09b8ef892b6.exe", 261], "addr_func": "5242968", "addr": 4213672, "ret": 68}, {"name": "RegOpenKeyExA", "args": [2147483649, "Software\\Borland\\Locales", 0, 983065, 2147416128], "addr_func": "5243036", "addr": 4213702, "ret": "<BV32 retval_RegOpenKeyExA_32796_32>"}, {"name": "GetModuleHandleA", "args": ["kernel32.dll"], "addr_func": "5242964", "addr": 4213233, "ret": 6295592}, {"name": "GetProcAddress", "args": [6295592, "GetLongPathNameA"], "addr_func": "5242960", "addr": 4213250, "ret": 6295596}, {"name": "GetLongPathNameA", "args": ["d0e075a9346acbeca7095df2fc5e7c28909961184078e251f737f09b8ef892b6.exe", "", 261], "addr_func": "6295596", "addr": 4213277, "ret": "<BV32 retval_GetLongPathNameA_32811_32>"}, {"name": "lstrcpynA", "args": ["", "", 261], "addr_func": "5242944", "addr": 4213298, "ret": 2147415851}, {"name": "RegQueryValueExA", "args": [4213107, "", 0, 0, 2147416118, 2147416112], "addr_func": "5243032", "addr": 4213835, "ret": "<BV32 retval_RegQueryValueExA_32819_32>"}, {"name": "RegCloseKey", "args": [4213107], "addr_func": "5243040", "addr": 4213899, "ret": "<BV32 retval_RegCloseKey_32820_32>"}, {"name": "lstrcpynA", "args": ["PZM", "PZM", 261], "addr_func": "5242944", "addr": 4213928, "ret": 2147415851}, {"name": "GetThreadLocale", "args": [], "addr_func": "5242952", "addr": 4213941, "ret": 0}, {"name": "GetLocaleInfoA", "args": ["retval_GetThreadLocale_32829_32", 3, "", 5], "addr_func": "5242972", "addr": 4213947, "ret": "<BV32 retval_GetLocaleInfoA_32833_32>"}, {"name": "LoadStringA", "args": [4194304, 65503, "", 1024], "addr_func": "5243020", "addr": 4215913, "ret": "<BV32 retval_LoadStringA_32846_32>"}]}, "13": {"status": "ExcessLoop", "trace": [{"name": "main", "args": ["d0e075a9346acbeca7095df2fc5e7c28909961184078e251f737f09b8ef892b6.exe"], "addr": 4275060, "ret": "symbolic", "addr_func": 4275060}, {"name": "GetModuleHandleA", "args": [0], "addr_func": "5242964", "addr": 4216572, "ret": 4194304}, {"name": "GetKeyboardType", "args": [0], "addr_func": "5243016", "addr": 4206217, "ret": 4}, {"name": "GetCommandLineA", "args": [], "addr_func": "5242976", "addr": 4216255, "ret": 0}, {"name": "GetStartupInfoA", "args": [2147417428], "addr_func": "5242956", "addr": 4199042, "ret": "None"}, {"name": "GetVersion", "args": [], "addr_func": "5242912", "addr": 4216275, "ret": 0}, {"name": "GetVersion", "args": [], "addr_func": "5242912", "addr": 4216292, "ret": 0}, {"name": "GetThreadLocale", "args": [], "addr_func": "5242952", "addr": 4216320, "ret": 0}, {"name": "GetLocaleInfoA", "args": ["retval_GetThreadLocale_32771_32", 4100, "", 7], "addr_func": "5242972", "addr": 4215990, "ret": "<BV32 retval_GetLocaleInfoA_32772_32>"}, {"name": "GetCurrentThreadId", "args": [], "addr_func": "5242916", "addr": 4216352, "ret": 0}, {"name": "GetModuleFileNameA", "args": [4194304, "PZM", 261], "addr_func": "5242968", "addr": 4213102, "ret": 3}, {"name": "GetModuleFileNameA", "args": [0, "d0e075a9346acbeca7095df2fc5e7c28909961184078e251f737f09b8ef892b6.exe", 261], "addr_func": "5242968", "addr": 4213672, "ret": 68}, {"name": "RegOpenKeyExA", "args": [2147483649, "Software\\Borland\\Locales", 0, 983065, 2147416128], "addr_func": "5243036", "addr": 4213702, "ret": "<BV32 retval_RegOpenKeyExA_32796_32>"}, {"name": "GetModuleHandleA", "args": ["kernel32.dll"], "addr_func": "5242964", "addr": 4213233, "ret": 6295592}, {"name": "GetProcAddress", "args": [6295592, "GetLongPathNameA"], "addr_func": "5242960", "addr": 4213250, "ret": 6295596}, {"name": "GetLongPathNameA", "args": ["d0e075a9346acbeca7095df2fc5e7c28909961184078e251f737f09b8ef892b6.exe", "", 261], "addr_func": "6295596", "addr": 4213277, "ret": "<BV32 retval_GetLongPathNameA_32811_32>"}, {"name": "lstrcpynA", "args": ["", "", 261], "addr_func": "5242944", "addr": 4213298, "ret": 2147415851}, {"name": "RegQueryValueExA", "args": [4213107, "", 0, 0, 2147416118, 2147416112], "addr_func": "5243032", "addr": 4213835, "ret": "<BV32 retval_RegQueryValueExA_32819_32>"}, {"name": "RegQueryValueExA", "args": [4213107, "", 0, 0, 2147416118, 2147416112], "addr_func": "5243032", "addr": 4213865, "ret": "<BV32 retval_RegQueryValueExA_32821_32>"}, {"name": "RegCloseKey", "args": [4213107], "addr_func": "5243040", "addr": 4213899, "ret": "<BV32 retval_RegCloseKey_32824_32>"}, {"name": "lstrcpynA", "args": ["PZM", "PZM", 261], "addr_func": "5242944", "addr": 4213928, "ret": 2147415851}, {"name": "GetThreadLocale", "args": [], "addr_func": "5242952", "addr": 4213941, "ret": 0}, {"name": "GetLocaleInfoA", "args": ["retval_GetThreadLocale_32834_32", 3, "", 5], "addr_func": "5242972", "addr": 4213947, "ret": "<BV32 retval_GetLocaleInfoA_32837_32>"}, {"name": "LoadStringA", "args": [4194304, 65503, "", 1024], "addr_func": "5243020", "addr": 4215913, "ret": "<BV32 retval_LoadStringA_32847_32>"}, {"name": "LoadStringA", "args": [4194304, 65502, "", 1024], "addr_func": "5243020", "addr": 4215913, "ret": "<BV32 retval_LoadStringA_32851_32>"}, {"name": "LoadStringA", "args": [4194304, 65500, "", 1024], "addr_func": "5243020", "addr": 4215913, "ret": "<BV32 retval_LoadStringA_32854_32>"}]}, "14": {"status": "ExcessLoop", "trace": [{"name": "main", "args": ["d0e075a9346acbeca7095df2fc5e7c28909961184078e251f737f09b8ef892b6.exe"], "addr": 4275060, "ret": "symbolic", "addr_func": 4275060}, {"name": "GetModuleHandleA", "args": [0], "addr_func": "5242964", "addr": 4216572, "ret": 4194304}, {"name": "GetKeyboardType", "args": [0], "addr_func": "5243016", "addr": 4206217, "ret": 4}, {"name": "GetCommandLineA", "args": [], "addr_func": "5242976", "addr": 4216255, "ret": 0}, {"name": "GetStartupInfoA", "args": [2147417428], "addr_func": "5242956", "addr": 4199042, "ret": "None"}, {"name": "GetVersion", "args": [], "addr_func": "5242912", "addr": 4216275, "ret": 0}, {"name": "GetVersion", "args": [], "addr_func": "5242912", "addr": 4216292, "ret": 0}, {"name": "GetThreadLocale", "args": [], "addr_func": "5242952", "addr": 4216320, "ret": 0}, {"name": "GetLocaleInfoA", "args": ["retval_GetThreadLocale_32771_32", 4100, "", 7], "addr_func": "5242972", "addr": 4215990, "ret": "<BV32 retval_GetLocaleInfoA_32772_32>"}, {"name": "GetCurrentThreadId", "args": [], "addr_func": "5242916", "addr": 4216352, "ret": 0}, {"name": "GetModuleFileNameA", "args": [4194304, "PZM", 261], "addr_func": "5242968", "addr": 4213102, "ret": 3}, {"name": "GetModuleFileNameA", "args": [0, "d0e075a9346acbeca7095df2fc5e7c28909961184078e251f737f09b8ef892b6.exe", 261], "addr_func": "5242968", "addr": 4213672, "ret": 68}, {"name": "RegOpenKeyExA", "args": [2147483649, "Software\\Borland\\Locales", 0, 983065, 2147416128], "addr_func": "5243036", "addr": 4213702, "ret": "<BV32 retval_RegOpenKeyExA_32796_32>"}, {"name": "GetModuleHandleA", "args": ["kernel32.dll"], "addr_func": "5242964", "addr": 4213233, "ret": 6295592}, {"name": "GetProcAddress", "args": [6295592, "GetLongPathNameA"], "addr_func": "5242960", "addr": 4213250, "ret": 6295596}, {"name": "GetLongPathNameA", "args": ["d0e075a9346acbeca7095df2fc5e7c28909961184078e251f737f09b8ef892b6.exe", "", 261], "addr_func": "6295596", "addr": 4213277, "ret": "<BV32 retval_GetLongPathNameA_32811_32>"}, {"name": "lstrcpynA", "args": ["", "", 261], "addr_func": "5242944", "addr": 4213298, "ret": 2147415851}, {"name": "RegQueryValueExA", "args": [4213107, "", 0, 0, 2147416118, 2147416112], "addr_func": "5243032", "addr": 4213835, "ret": "<BV32 retval_RegQueryValueExA_32819_32>"}, {"name": "RegQueryValueExA", "args": [4213107, "", 0, 0, 2147416118, 2147416112], "addr_func": "5243032", "addr": 4213865, "ret": "<BV32 retval_RegQueryValueExA_32821_32>"}, {"name": "RegCloseKey", "args": [4213107], "addr_func": "5243040", "addr": 4213899, "ret": "<BV32 retval_RegCloseKey_32824_32>"}, {"name": "lstrcpynA", "args": ["PZM", "PZM", 261], "addr_func": "5242944", "addr": 4213928, "ret": 2147415851}, {"name": "GetThreadLocale", "args": [], "addr_func": "5242952", "addr": 4213941, "ret": 0}, {"name": "GetLocaleInfoA", "args": ["retval_GetThreadLocale_32834_32", 3, "", 5], "addr_func": "5242972", "addr": 4213947, "ret": "<BV32 retval_GetLocaleInfoA_32837_32>"}, {"name": "LoadStringA", "args": [4194304, 65503, "", 1024], "addr_func": "5243020", "addr": 4215913, "ret": "<BV32 retval_LoadStringA_32847_32>"}, {"name": "LoadStringA", "args": [4194304, 65502, "", 1024], "addr_func": "5243020", "addr": 4215913, "ret": "<BV32 retval_LoadStringA_32851_32>"}, {"name": "LoadStringA", "args": [4194304, 65500, "", 1024], "addr_func": "5243020", "addr": 4215913, "ret": "<BV32 retval_LoadStringA_32854_32>"}, {"name": "LoadStringA", "args": [4194304, 65501, "", 1024], "addr_func": "5243020", "addr": 4215913, "ret": "<BV32 retval_LoadStringA_32859_32>"}, {"name": "InitializeCriticalSection", "args": [4400580], "addr_func": "5242892", "addr": 4200830, "ret": "None"}, {"name": "LocalAlloc", "args": [0, 4088], "addr_func": "5242908", "addr": 4200891, "ret": 3221258256}, {"name": "VirtualAlloc", "args": [0, 1048576, 8192, 1], "addr_func": "5242900", "addr": 4199599, "ret": 3222798336}, {"name": "LocalAlloc", "args": [0, 1604], "addr_func": "5242908", "addr": 4199151, "ret": 3221262352}]}, "15": {"status": "ExcessLoop", "trace": [{"name": "main", "args": ["d0e075a9346acbeca7095df2fc5e7c28909961184078e251f737f09b8ef892b6.exe"], "addr": 4275060, "ret": "symbolic", "addr_func": 4275060}, {"name": "GetModuleHandleA", "args": [0], "addr_func": "5242964", "addr": 4216572, "ret": 4194304}, {"name": "GetKeyboardType", "args": [0], "addr_func": "5243016", "addr": 4206217, "ret": 4}, {"name": "GetCommandLineA", "args": [], "addr_func": "5242976", "addr": 4216255, "ret": 0}, {"name": "GetStartupInfoA", "args": [2147417428], "addr_func": "5242956", "addr": 4199042, "ret": "None"}, {"name": "GetVersion", "args": [], "addr_func": "5242912", "addr": 4216275, "ret": 0}, {"name": "GetVersion", "args": [], "addr_func": "5242912", "addr": 4216292, "ret": 0}, {"name": "GetThreadLocale", "args": [], "addr_func": "5242952", "addr": 4216320, "ret": 0}, {"name": "GetLocaleInfoA", "args": ["retval_GetThreadLocale_32771_32", 4100, "", 7], "addr_func": "5242972", "addr": 4215990, "ret": "<BV32 retval_GetLocaleInfoA_32772_32>"}, {"name": "GetCurrentThreadId", "args": [], "addr_func": "5242916", "addr": 4216352, "ret": 0}, {"name": "GetModuleFileNameA", "args": [4194304, "PZM", 261], "addr_func": "5242968", "addr": 4213102, "ret": 3}, {"name": "GetModuleFileNameA", "args": [0, "d0e075a9346acbeca7095df2fc5e7c28909961184078e251f737f09b8ef892b6.exe", 261], "addr_func": "5242968", "addr": 4213672, "ret": 68}, {"name": "RegOpenKeyExA", "args": [2147483649, "Software\\Borland\\Locales", 0, 983065, 2147416128], "addr_func": "5243036", "addr": 4213702, "ret": "<BV32 retval_RegOpenKeyExA_32796_32>"}, {"name": "GetModuleHandleA", "args": ["kernel32.dll"], "addr_func": "5242964", "addr": 4213233, "ret": 6295592}, {"name": "GetProcAddress", "args": [6295592, "GetLongPathNameA"], "addr_func": "5242960", "addr": 4213250, "ret": 6295596}, {"name": "GetLongPathNameA", "args": ["d0e075a9346acbeca7095df2fc5e7c28909961184078e251f737f09b8ef892b6.exe", "", 261], "addr_func": "6295596", "addr": 4213277, "ret": "<BV32 retval_GetLongPathNameA_32811_32>"}, {"name": "lstrcpynA", "args": ["", "", 261], "addr_func": "5242944", "addr": 4213298, "ret": 2147415851}, {"name": "RegQueryValueExA", "args": [4213107, "", 0, 0, 2147416118, 2147416112], "addr_func": "5243032", "addr": 4213835, "ret": "<BV32 retval_RegQueryValueExA_32819_32>"}, {"name": "RegQueryValueExA", "args": [4213107, "", 0, 0, 2147416118, 2147416112], "addr_func": "5243032", "addr": 4213865, "ret": "<BV32 retval_RegQueryValueExA_32821_32>"}, {"name": "RegCloseKey", "args": [4213107], "addr_func": "5243040", "addr": 4213899, "ret": "<BV32 retval_RegCloseKey_32824_32>"}, {"name": "lstrcpynA", "args": ["PZM", "PZM", 261], "addr_func": "5242944", "addr": 4213928, "ret": 2147415851}, {"name": "GetThreadLocale", "args": [], "addr_func": "5242952", "addr": 4213941, "ret": 0}, {"name": "GetLocaleInfoA", "args": ["retval_GetThreadLocale_32834_32", 3, "", 5], "addr_func": "5242972", "addr": 4213947, "ret": "<BV32 retval_GetLocaleInfoA_32837_32>"}, {"name": "LoadStringA", "args": [4194304, 65503, "", 1024], "addr_func": "5243020", "addr": 4215913, "ret": "<BV32 retval_LoadStringA_32847_32>"}, {"name": "LoadStringA", "args": [4194304, 65502, "", 1024], "addr_func": "5243020", "addr": 4215913, "ret": "<BV32 retval_LoadStringA_32851_32>"}, {"name": "LoadStringA", "args": [4194304, 65500, "", 1024], "addr_func": "5243020", "addr": 4215913, "ret": "<BV32 retval_LoadStringA_32854_32>"}, {"name": "LoadStringA", "args": [4194304, 65501, "", 1024], "addr_func": "5243020", "addr": 4215913, "ret": "<BV32 retval_LoadStringA_32859_32>"}, {"name": "InitializeCriticalSection", "args": [4400580], "addr_func": "5242892", "addr": 4200830, "ret": "None"}, {"name": "LocalAlloc", "args": [0, 4088], "addr_func": "5242908", "addr": 4200891, "ret": 3221258256}, {"name": "VirtualAlloc", "args": [0, 1048576, 8192, 1], "addr_func": "5242900", "addr": 4199599, "ret": 3222798336}, {"name": "LocalAlloc", "args": [0, 1604], "addr_func": "5242908", "addr": 4199151, "ret": 3221262352}, {"name": "VirtualAlloc", "args": [3222798336, "retval_LoadStringA_32859_32", 4096, 4], "addr_func": "5242900", "addr": 4200065, "ret": 3222798336}]}, "16": {"status": "ExcessLoop", "trace": [{"name": "main", "args": ["d0e075a9346acbeca7095df2fc5e7c28909961184078e251f737f09b8ef892b6.exe"], "addr": 4275060, "ret": "symbolic", "addr_func": 4275060}, {"name": "GetModuleHandleA", "args": [0], "addr_func": "5242964", "addr": 4216572, "ret": 4194304}, {"name": "GetKeyboardType", "args": [0], "addr_func": "5243016", "addr": 4206217, "ret": 4}, {"name": "GetCommandLineA", "args": [], "addr_func": "5242976", "addr": 4216255, "ret": 0}, {"name": "GetStartupInfoA", "args": [2147417428], "addr_func": "5242956", "addr": 4199042, "ret": "None"}, {"name": "GetVersion", "args": [], "addr_func": "5242912", "addr": 4216275, "ret": 0}, {"name": "GetVersion", "args": [], "addr_func": "5242912", "addr": 4216292, "ret": 0}, {"name": "GetThreadLocale", "args": [], "addr_func": "5242952", "addr": 4216320, "ret": 0}, {"name": "GetLocaleInfoA", "args": ["retval_GetThreadLocale_32771_32", 4100, "", 7], "addr_func": "5242972", "addr": 4215990, "ret": "<BV32 retval_GetLocaleInfoA_32772_32>"}, {"name": "GetCurrentThreadId", "args": [], "addr_func": "5242916", "addr": 4216352, "ret": 0}, {"name": "GetModuleFileNameA", "args": [4194304, "PZM", 261], "addr_func": "5242968", "addr": 4213102, "ret": 3}, {"name": "GetModuleFileNameA", "args": [0, "d0e075a9346acbeca7095df2fc5e7c28909961184078e251f737f09b8ef892b6.exe", 261], "addr_func": "5242968", "addr": 4213672, "ret": 68}, {"name": "RegOpenKeyExA", "args": [2147483649, "Software\\Borland\\Locales", 0, 983065, 2147416128], "addr_func": "5243036", "addr": 4213702, "ret": "<BV32 retval_RegOpenKeyExA_32796_32>"}, {"name": "GetModuleHandleA", "args": ["kernel32.dll"], "addr_func": "5242964", "addr": 4213233, "ret": 6295592}, {"name": "GetProcAddress", "args": [6295592, "GetLongPathNameA"], "addr_func": "5242960", "addr": 4213250, "ret": 6295596}, {"name": "GetLongPathNameA", "args": ["d0e075a9346acbeca7095df2fc5e7c28909961184078e251f737f09b8ef892b6.exe", "", 261], "addr_func": "6295596", "addr": 4213277, "ret": "<BV32 retval_GetLongPathNameA_32811_32>"}, {"name": "lstrcpynA", "args": ["", "", 261], "addr_func": "5242944", "addr": 4213298, "ret": 2147415851}, {"name": "RegQueryValueExA", "args": [4213107, "", 0, 0, 2147416118, 2147416112], "addr_func": "5243032", "addr": 4213835, "ret": "<BV32 retval_RegQueryValueExA_32819_32>"}, {"name": "RegQueryValueExA", "args": [4213107, "", 0, 0, 2147416118, 2147416112], "addr_func": "5243032", "addr": 4213865, "ret": "<BV32 retval_RegQueryValueExA_32821_32>"}, {"name": "RegCloseKey", "args": [4213107], "addr_func": "5243040", "addr": 4213899, "ret": "<BV32 retval_RegCloseKey_32824_32>"}, {"name": "lstrcpynA", "args": ["PZM", "PZM", 261], "addr_func": "5242944", "addr": 4213928, "ret": 2147415851}, {"name": "GetThreadLocale", "args": [], "addr_func": "5242952", "addr": 4213941, "ret": 0}, {"name": "GetLocaleInfoA", "args": ["retval_GetThreadLocale_32834_32", 3, "", 5], "addr_func": "5242972", "addr": 4213947, "ret": "<BV32 retval_GetLocaleInfoA_32837_32>"}, {"name": "LoadStringA", "args": [4194304, 65503, "", 1024], "addr_func": "5243020", "addr": 4215913, "ret": "<BV32 retval_LoadStringA_32847_32>"}, {"name": "LoadStringA", "args": [4194304, 65502, "", 1024], "addr_func": "5243020", "addr": 4215913, "ret": "<BV32 retval_LoadStringA_32851_32>"}, {"name": "LoadStringA", "args": [4194304, 65500, "", 1024], "addr_func": "5243020", "addr": 4215913, "ret": "<BV32 retval_LoadStringA_32854_32>"}, {"name": "LoadStringA", "args": [4194304, 65501, "", 1024], "addr_func": "5243020", "addr": 4215913, "ret": "<BV32 retval_LoadStringA_32859_32>"}, {"name": "InitializeCriticalSection", "args": [4400580], "addr_func": "5242892", "addr": 4200830, "ret": "None"}, {"name": "LocalAlloc", "args": [0, 4088], "addr_func": "5242908", "addr": 4200891, "ret": 3221258256}, {"name": "VirtualAlloc", "args": [0, "retval_LoadStringA_32859_32", 8192, 1], "addr_func": "5242900", "addr": 4199599, "ret": 3221762048}, {"name": "LocalAlloc", "args": [0, 1604], "addr_func": "5242908", "addr": 4199151, "ret": 3221262352}, {"name": "VirtualAlloc", "args": [3221762048, "retval_LoadStringA_32859_32", 4096, 4], "addr_func": "5242900", "addr": 4200065, "ret": 3221762048}]}, "sections": {"CODE": {"vaddr": 4198400, "memsize": 76988, "is_readable": true, "is_writable": false, "is_executable": true}, "DATA": {"vaddr": 4276224, "memsize": 119704, "is_readable": true, "is_writable": true, "is_executable": false}, "BSS": {"vaddr": 4399104, "memsize": 2189, "is_readable": true, "is_writable": true, "is_executable": false}, ".idata": {"vaddr": 4403200, "memsize": 3192, "is_readable": true, "is_writable": true, "is_executable": false}, ".tls": {"vaddr": 4407296, "memsize": 12, "is_readable": true, "is_writable": true, "is_executable": false}, ".rdata": {"vaddr": 4411392, "memsize": 24, "is_readable": true, "is_writable": false, "is_executable": false}, ".reloc": {"vaddr": 4415488, "memsize": 6240, "is_readable": true, "is_writable": false, "is_executable": false}, ".rsrc": {"vaddr": 4423680, "memsize": 70656, "is_readable": true, "is_writable": false, "is_executable": false}}}