{"0": {"status": "active", "trace": [{"name": "main", "args": ["034746c0102d77408b3dbeeb233c9743"], "addr": 4252464, "ret": "symbolic", "addr_func": 4252464}, {"name": "GetModuleHandleA", "args": [0], "addr_func": "5242956", "addr": 4217755, "ret": 4194304}, {"name": "GetModuleFileNameA", "args": [4194304, "PZM", 261], "addr_func": "5242960", "addr": 4217699, "ret": 3}, {"name": "GetModuleFileNameA", "args": [0, "034746c0102d77408b3dbeeb233c9743", 261], "addr_func": "5242960", "addr": 4212692, "ret": 32}, {"name": "RegOpenKeyExA", "args": [2147483649, "Software\\Borland\\Locales", 0, 983103, 2147417456], "addr_func": "5243108", "addr": 4212722, "ret": "<BV32 retval_RegOpenKeyExA_32767_32>"}, {"name": "GetModuleHandleA", "args": ["kernel32.dll"], "addr_func": "5242956", "addr": 4212266, "ret": 6295592}, {"name": "GetProcAddress", "args": [6295592, "GetLongPathNameA"], "addr_func": "5242952", "addr": 4212283, "ret": 6295596}, {"name": "GetLongPathNameA", "args": ["034746c0102d77408b3dbeeb233c9743", "", 261], "addr_func": "6295596", "addr": 4212313, "ret": "<BV32 retval_GetLongPathNameA_32770_32>"}, {"name": "lstrcpyA", "args": ["", ""], "addr_func": "5242936", "addr": 4212331, "ret": 2147417179}, {"name": "RegQueryValueExA", "args": [4217704, "", 0, 0, 2147417446, 2147417440], "addr_func": "5243104", "addr": 4212810, "ret": "<BV32 retval_RegQueryValueExA_32773_32>"}, {"name": "RegQueryValueExA", "args": [4217704, "", 0, 0, 2147417446, 2147417440], "addr_func": "5243104", "addr": 4212840, "ret": "<BV32 retval_RegQueryValueExA_32774_32>"}, {"name": "RegCloseKey", "args": [4217704], "addr_func": "5243112", "addr": 4212862, "ret": "<BV32 retval_RegCloseKey_32777_32>"}, {"name": "lstrcpyA", "args": ["PZM", "PZM"], "addr_func": "5242936", "addr": 4212886, "ret": 2147417179}, {"name": "GetThreadLocale", "args": [], "addr_func": "5242944", "addr": 4212899, "ret": 0}, {"name": "GetLocaleInfoA", "args": ["retval_GetThreadLocale_32782_32", 3, "", 5], "addr_func": "5242964", "addr": 4212905, "ret": "<BV32 retval_GetLocaleInfoA_32785_32>"}, {"name": "GetKeyboardType", "args": [0], "addr_func": "5243156", "addr": 4204949, "ret": 4}, {"name": "GetCommandLineA", "args": [], "addr_func": "5242972", "addr": 4217428, "ret": 0}, {"name": "GetStartupInfoA", "args": [2147417620], "addr_func": "5242948", "addr": 4198942, "ret": "None"}, {"name": "GetCurrentThreadId", "args": [], "addr_func": "5242880", "addr": 4217448, "ret": 0}, {"name": "LoadStringA", "args": [4194304, 65493, "", 1024], "addr_func": "5243160", "addr": 4213585, "ret": "<BV32 retval_LoadStringA_32791_32>"}, {"name": "LoadStringA", "args": [4194304, 65492, "", 1024], "addr_func": "5243160", "addr": 4213585, "ret": "<BV32 retval_LoadStringA_32797_32>"}, {"name": "LoadStringA", "args": [4194304, 65490, "", 1024], "addr_func": "5243160", "addr": 4213585, "ret": "<BV32 retval_LoadStringA_32802_32>"}, {"name": "LoadStringA", "args": [4194304, 65491, "", 1024], "addr_func": "5243160", "addr": 4213585, "ret": "<BV32 retval_LoadStringA_32808_32>"}, {"name": "InitializeCriticalSection", "args": [4260912], "addr_func": "5242896", "addr": 4200730, "ret": "None"}, {"name": "LocalAlloc", "args": [0, 4088], "addr_func": "5242912", "addr": 4200791, "ret": 3221258256}, {"name": "VirtualAlloc", "args": [0, 1048576, 8192, 1], "addr_func": "5242904", "addr": 4199499, "ret": 3222798336}, {"name": "LocalAlloc", "args": [0, 1604], "addr_func": "5242912", "addr": 4199051, "ret": 3221262352}, {"name": "VirtualAlloc", "args": [3222798336, 16384, 4096, 4], "addr_func": "5242904", "addr": 4199965, "ret": 3222798336}]}, "1": {"status": "active", "trace": [{"name": "main", "args": ["034746c0102d77408b3dbeeb233c9743"], "addr": 4252464, "ret": "symbolic", "addr_func": 4252464}, {"name": "GetModuleHandleA", "args": [0], "addr_func": "5242956", "addr": 4217755, "ret": 4194304}, {"name": "GetModuleFileNameA", "args": [4194304, "PZM", 261], "addr_func": "5242960", "addr": 4217699, "ret": 3}, {"name": "GetModuleFileNameA", "args": [0, "034746c0102d77408b3dbeeb233c9743", 261], "addr_func": "5242960", "addr": 4212692, "ret": 32}, {"name": "RegOpenKeyExA", "args": [2147483649, "Software\\Borland\\Locales", 0, 983103, 2147417456], "addr_func": "5243108", "addr": 4212722, "ret": "<BV32 retval_RegOpenKeyExA_32767_32>"}, {"name": "GetModuleHandleA", "args": ["kernel32.dll"], "addr_func": "5242956", "addr": 4212266, "ret": 6295592}, {"name": "GetProcAddress", "args": [6295592, "GetLongPathNameA"], "addr_func": "5242952", "addr": 4212283, "ret": 6295596}, {"name": "GetLongPathNameA", "args": ["034746c0102d77408b3dbeeb233c9743", "", 261], "addr_func": "6295596", "addr": 4212313, "ret": "<BV32 retval_GetLongPathNameA_32770_32>"}, {"name": "lstrcpyA", "args": ["", ""], "addr_func": "5242936", "addr": 4212331, "ret": 2147417179}, {"name": "RegQueryValueExA", "args": [4217704, "", 0, 0, 2147417446, 2147417440], "addr_func": "5243104", "addr": 4212810, "ret": "<BV32 retval_RegQueryValueExA_32773_32>"}, {"name": "RegQueryValueExA", "args": [4217704, "", 0, 0, 2147417446, 2147417440], "addr_func": "5243104", "addr": 4212840, "ret": "<BV32 retval_RegQueryValueExA_32774_32>"}, {"name": "RegCloseKey", "args": [4217704], "addr_func": "5243112", "addr": 4212862, "ret": "<BV32 retval_RegCloseKey_32777_32>"}, {"name": "lstrcpyA", "args": ["PZM", "PZM"], "addr_func": "5242936", "addr": 4212886, "ret": 2147417179}, {"name": "GetThreadLocale", "args": [], "addr_func": "5242944", "addr": 4212899, "ret": 0}, {"name": "GetLocaleInfoA", "args": ["retval_GetThreadLocale_32782_32", 3, "", 5], "addr_func": "5242964", "addr": 4212905, "ret": "<BV32 retval_GetLocaleInfoA_32785_32>"}, {"name": "GetKeyboardType", "args": [0], "addr_func": "5243156", "addr": 4204949, "ret": 4}, {"name": "GetCommandLineA", "args": [], "addr_func": "5242972", "addr": 4217428, "ret": 0}, {"name": "GetStartupInfoA", "args": [2147417620], "addr_func": "5242948", "addr": 4198942, "ret": "None"}, {"name": "GetCurrentThreadId", "args": [], "addr_func": "5242880", "addr": 4217448, "ret": 0}, {"name": "LoadStringA", "args": [4194304, 65493, "", 1024], "addr_func": "5243160", "addr": 4213585, "ret": "<BV32 retval_LoadStringA_32791_32>"}, {"name": "LoadStringA", "args": [4194304, 65492, "", 1024], "addr_func": "5243160", "addr": 4213585, "ret": "<BV32 retval_LoadStringA_32797_32>"}, {"name": "LoadStringA", "args": [4194304, 65490, "", 1024], "addr_func": "5243160", "addr": 4213585, "ret": "<BV32 retval_LoadStringA_32802_32>"}, {"name": "LoadStringA", "args": [4194304, 65491, "", 1024], "addr_func": "5243160", "addr": 4213585, "ret": "<BV32 retval_LoadStringA_32809_32>"}, {"name": "InitializeCriticalSection", "args": [4260912], "addr_func": "5242896", "addr": 4200730, "ret": "None"}, {"name": "LocalAlloc", "args": [0, 4088], "addr_func": "5242912", "addr": 4200791, "ret": 3221258256}, {"name": "VirtualAlloc", "args": [0, 1048576, 8192, 1], "addr_func": "5242904", "addr": 4199499, "ret": 3222798336}, {"name": "LocalAlloc", "args": [0, 1604], "addr_func": "5242912", "addr": 4199051, "ret": 3221262352}, {"name": "VirtualAlloc", "args": [3222798336, 16384, 4096, 4], "addr_func": "5242904", "addr": 4199965, "ret": 3222798336}]}, "2": {"status": "active", "trace": [{"name": "main", "args": ["034746c0102d77408b3dbeeb233c9743"], "addr": 4252464, "ret": "symbolic", "addr_func": 4252464}, {"name": "GetModuleHandleA", "args": [0], "addr_func": "5242956", "addr": 4217755, "ret": 4194304}, {"name": "GetModuleFileNameA", "args": [4194304, "PZM", 261], "addr_func": "5242960", "addr": 4217699, "ret": 3}, {"name": "GetModuleFileNameA", "args": [0, "034746c0102d77408b3dbeeb233c9743", 261], "addr_func": "5242960", "addr": 4212692, "ret": 32}, {"name": "RegOpenKeyExA", "args": [2147483649, "Software\\Borland\\Locales", 0, 983103, 2147417456], "addr_func": "5243108", "addr": 4212722, "ret": "<BV32 retval_RegOpenKeyExA_32767_32>"}, {"name": "GetModuleHandleA", "args": ["kernel32.dll"], "addr_func": "5242956", "addr": 4212266, "ret": 6295592}, {"name": "GetProcAddress", "args": [6295592, "GetLongPathNameA"], "addr_func": "5242952", "addr": 4212283, "ret": 6295596}, {"name": "GetLongPathNameA", "args": ["034746c0102d77408b3dbeeb233c9743", "", 261], "addr_func": "6295596", "addr": 4212313, "ret": "<BV32 retval_GetLongPathNameA_32770_32>"}, {"name": "lstrcpyA", "args": ["", ""], "addr_func": "5242936", "addr": 4212331, "ret": 2147417179}, {"name": "RegQueryValueExA", "args": [4217704, "", 0, 0, 2147417446, 2147417440], "addr_func": "5243104", "addr": 4212810, "ret": "<BV32 retval_RegQueryValueExA_32773_32>"}, {"name": "RegQueryValueExA", "args": [4217704, "", 0, 0, 2147417446, 2147417440], "addr_func": "5243104", "addr": 4212840, "ret": "<BV32 retval_RegQueryValueExA_32774_32>"}, {"name": "RegCloseKey", "args": [4217704], "addr_func": "5243112", "addr": 4212862, "ret": "<BV32 retval_RegCloseKey_32777_32>"}, {"name": "lstrcpyA", "args": ["PZM", "PZM"], "addr_func": "5242936", "addr": 4212886, "ret": 2147417179}, {"name": "GetThreadLocale", "args": [], "addr_func": "5242944", "addr": 4212899, "ret": 0}, {"name": "GetLocaleInfoA", "args": ["retval_GetThreadLocale_32782_32", 3, "", 5], "addr_func": "5242964", "addr": 4212905, "ret": "<BV32 retval_GetLocaleInfoA_32785_32>"}, {"name": "GetKeyboardType", "args": [0], "addr_func": "5243156", "addr": 4204949, "ret": 4}, {"name": "GetCommandLineA", "args": [], "addr_func": "5242972", "addr": 4217428, "ret": 0}, {"name": "GetStartupInfoA", "args": [2147417620], "addr_func": "5242948", "addr": 4198942, "ret": "None"}, {"name": "GetCurrentThreadId", "args": [], "addr_func": "5242880", "addr": 4217448, "ret": 0}, {"name": "LoadStringA", "args": [4194304, 65493, "", 1024], "addr_func": "5243160", "addr": 4213585, "ret": "<BV32 retval_LoadStringA_32791_32>"}, {"name": "LoadStringA", "args": [4194304, 65492, "", 1024], "addr_func": "5243160", "addr": 4213585, "ret": "<BV32 retval_LoadStringA_32797_32>"}, {"name": "LoadStringA", "args": [4194304, 65490, "", 1024], "addr_func": "5243160", "addr": 4213585, "ret": "<BV32 retval_LoadStringA_32802_32>"}, {"name": "LoadStringA", "args": [4194304, 65491, "", 1024], "addr_func": "5243160", "addr": 4213585, "ret": "<BV32 retval_LoadStringA_32809_32>"}, {"name": "InitializeCriticalSection", "args": [4260912], "addr_func": "5242896", "addr": 4200730, "ret": "None"}, {"name": "LocalAlloc", "args": [0, 4088], "addr_func": "5242912", "addr": 4200791, "ret": 3221258256}, {"name": "VirtualAlloc", "args": [0, "retval_LoadStringA_32809_32", 8192, 1], "addr_func": "5242904", "addr": 4199499, "ret": 3221762048}, {"name": "LocalAlloc", "args": [0, 1604], "addr_func": "5242912", "addr": 4199051, "ret": 3221262352}]}, "3": {"status": "active", "trace": [{"name": "main", "args": ["034746c0102d77408b3dbeeb233c9743"], "addr": 4252464, "ret": "symbolic", "addr_func": 4252464}, {"name": "GetModuleHandleA", "args": [0], "addr_func": "5242956", "addr": 4217755, "ret": 4194304}, {"name": "GetModuleFileNameA", "args": [4194304, "PZM", 261], "addr_func": "5242960", "addr": 4217699, "ret": 3}, {"name": "GetModuleFileNameA", "args": [0, "034746c0102d77408b3dbeeb233c9743", 261], "addr_func": "5242960", "addr": 4212692, "ret": 32}, {"name": "RegOpenKeyExA", "args": [2147483649, "Software\\Borland\\Locales", 0, 983103, 2147417456], "addr_func": "5243108", "addr": 4212722, "ret": "<BV32 retval_RegOpenKeyExA_32767_32>"}, {"name": "GetModuleHandleA", "args": ["kernel32.dll"], "addr_func": "5242956", "addr": 4212266, "ret": 6295592}, {"name": "GetProcAddress", "args": [6295592, "GetLongPathNameA"], "addr_func": "5242952", "addr": 4212283, "ret": 6295596}, {"name": "GetLongPathNameA", "args": ["034746c0102d77408b3dbeeb233c9743", "", 261], "addr_func": "6295596", "addr": 4212313, "ret": "<BV32 retval_GetLongPathNameA_32770_32>"}, {"name": "lstrcpyA", "args": ["", ""], "addr_func": "5242936", "addr": 4212331, "ret": 2147417179}, {"name": "RegQueryValueExA", "args": [4217704, "", 0, 0, 2147417446, 2147417440], "addr_func": "5243104", "addr": 4212810, "ret": "<BV32 retval_RegQueryValueExA_32773_32>"}, {"name": "RegQueryValueExA", "args": [4217704, "", 0, 0, 2147417446, 2147417440], "addr_func": "5243104", "addr": 4212840, "ret": "<BV32 retval_RegQueryValueExA_32774_32>"}, {"name": "RegCloseKey", "args": [4217704], "addr_func": "5243112", "addr": 4212862, "ret": "<BV32 retval_RegCloseKey_32777_32>"}, {"name": "lstrcpyA", "args": ["PZM", "PZM"], "addr_func": "5242936", "addr": 4212886, "ret": 2147417179}, {"name": "GetThreadLocale", "args": [], "addr_func": "5242944", "addr": 4212899, "ret": 0}, {"name": "GetLocaleInfoA", "args": ["retval_GetThreadLocale_32782_32", 3, "", 5], "addr_func": "5242964", "addr": 4212905, "ret": "<BV32 retval_GetLocaleInfoA_32785_32>"}, {"name": "GetKeyboardType", "args": [0], "addr_func": "5243156", "addr": 4204949, "ret": 4}, {"name": "GetCommandLineA", "args": [], "addr_func": "5242972", "addr": 4217428, "ret": 0}, {"name": "GetStartupInfoA", "args": [2147417620], "addr_func": "5242948", "addr": 4198942, "ret": "None"}, {"name": "GetCurrentThreadId", "args": [], "addr_func": "5242880", "addr": 4217448, "ret": 0}, {"name": "LoadStringA", "args": [4194304, 65493, "", 1024], "addr_func": "5243160", "addr": 4213585, "ret": "<BV32 retval_LoadStringA_32791_32>"}, {"name": "LoadStringA", "args": [4194304, 65492, "", 1024], "addr_func": "5243160", "addr": 4213585, "ret": "<BV32 retval_LoadStringA_32797_32>"}, {"name": "LoadStringA", "args": [4194304, 65490, "", 1024], "addr_func": "5243160", "addr": 4213585, "ret": "<BV32 retval_LoadStringA_32802_32>"}, {"name": "LoadStringA", "args": [4194304, 65491, "", 1024], "addr_func": "5243160", "addr": 4213585, "ret": "<BV32 retval_LoadStringA_32808_32>"}, {"name": "InitializeCriticalSection", "args": [4260912], "addr_func": "5242896", "addr": 4200730, "ret": "None"}, {"name": "LocalAlloc", "args": [0, 4088], "addr_func": "5242912", "addr": 4200791, "ret": 3221258256}, {"name": "VirtualAlloc", "args": [0, "retval_LoadStringA_32808_32", 8192, 1], "addr_func": "5242904", "addr": 4199499, "ret": 3221762048}, {"name": "LocalAlloc", "args": [0, 1604], "addr_func": "5242912", "addr": 4199051, "ret": 3221262352}]}, "4": {"status": "active", "trace": [{"name": "main", "args": ["034746c0102d77408b3dbeeb233c9743"], "addr": 4252464, "ret": "symbolic", "addr_func": 4252464}, {"name": "GetModuleHandleA", "args": [0], "addr_func": "5242956", "addr": 4217755, "ret": 4194304}, {"name": "GetModuleFileNameA", "args": [4194304, "PZM", 261], "addr_func": "5242960", "addr": 4217699, "ret": 3}, {"name": "GetModuleFileNameA", "args": [0, "034746c0102d77408b3dbeeb233c9743", 261], "addr_func": "5242960", "addr": 4212692, "ret": 32}, {"name": "RegOpenKeyExA", "args": [2147483649, "Software\\Borland\\Locales", 0, 983103, 2147417456], "addr_func": "5243108", "addr": 4212722, "ret": "<BV32 retval_RegOpenKeyExA_32767_32>"}, {"name": "GetModuleHandleA", "args": ["kernel32.dll"], "addr_func": "5242956", "addr": 4212266, "ret": 6295592}, {"name": "GetProcAddress", "args": [6295592, "GetLongPathNameA"], "addr_func": "5242952", "addr": 4212283, "ret": 6295596}, {"name": "GetLongPathNameA", "args": ["034746c0102d77408b3dbeeb233c9743", "", 261], "addr_func": "6295596", "addr": 4212313, "ret": "<BV32 retval_GetLongPathNameA_32770_32>"}, {"name": "lstrcpyA", "args": ["", ""], "addr_func": "5242936", "addr": 4212331, "ret": 2147417179}, {"name": "RegQueryValueExA", "args": [4217704, "", 0, 0, 2147417446, 2147417440], "addr_func": "5243104", "addr": 4212810, "ret": "<BV32 retval_RegQueryValueExA_32773_32>"}, {"name": "RegQueryValueExA", "args": [4217704, "", 0, 0, 2147417446, 2147417440], "addr_func": "5243104", "addr": 4212840, "ret": "<BV32 retval_RegQueryValueExA_32774_32>"}, {"name": "RegCloseKey", "args": [4217704], "addr_func": "5243112", "addr": 4212862, "ret": "<BV32 retval_RegCloseKey_32777_32>"}, {"name": "lstrcpyA", "args": ["PZM", "PZM"], "addr_func": "5242936", "addr": 4212886, "ret": 2147417179}, {"name": "GetThreadLocale", "args": [], "addr_func": "5242944", "addr": 4212899, "ret": 0}, {"name": "GetLocaleInfoA", "args": ["retval_GetThreadLocale_32782_32", 3, "", 5], "addr_func": "5242964", "addr": 4212905, "ret": "<BV32 retval_GetLocaleInfoA_32785_32>"}, {"name": "GetKeyboardType", "args": [0], "addr_func": "5243156", "addr": 4204949, "ret": 4}, {"name": "GetCommandLineA", "args": [], "addr_func": "5242972", "addr": 4217428, "ret": 0}, {"name": "GetStartupInfoA", "args": [2147417620], "addr_func": "5242948", "addr": 4198942, "ret": "None"}, {"name": "GetCurrentThreadId", "args": [], "addr_func": "5242880", "addr": 4217448, "ret": 0}, {"name": "LoadStringA", "args": [4194304, 65493, "", 1024], "addr_func": "5243160", "addr": 4213585, "ret": "<BV32 retval_LoadStringA_32791_32>"}, {"name": "LoadStringA", "args": [4194304, 65492, "", 1024], "addr_func": "5243160", "addr": 4213585, "ret": "<BV32 retval_LoadStringA_32797_32>"}, {"name": "LoadStringA", "args": [4194304, 65490, "", 1024], "addr_func": "5243160", "addr": 4213585, "ret": "<BV32 retval_LoadStringA_32802_32>"}, {"name": "LoadStringA", "args": [4194304, 65491, "", 1024], "addr_func": "5243160", "addr": 4213585, "ret": "<BV32 retval_LoadStringA_32809_32>"}, {"name": "InitializeCriticalSection", "args": [4260912], "addr_func": "5242896", "addr": 4200730, "ret": "None"}, {"name": "LocalAlloc", "args": [0, 4088], "addr_func": "5242912", "addr": 4200791, "ret": 3221258256}, {"name": "VirtualAlloc", "args": [0, "retval_LoadStringA_32809_32", 8192, 1], "addr_func": "5242904", "addr": 4199499, "ret": 3221762048}, {"name": "LocalAlloc", "args": [0, 1604], "addr_func": "5242912", "addr": 4199051, "ret": 3221262352}, {"name": "VirtualAlloc", "args": [3221762048, "retval_LoadStringA_32809_32", 4096, 4], "addr_func": "5242904", "addr": 4199965, "ret": 3221762048}]}, "5": {"status": "active", "trace": [{"name": "main", "args": ["034746c0102d77408b3dbeeb233c9743"], "addr": 4252464, "ret": "symbolic", "addr_func": 4252464}, {"name": "GetModuleHandleA", "args": [0], "addr_func": "5242956", "addr": 4217755, "ret": 4194304}, {"name": "GetModuleFileNameA", "args": [4194304, "PZM", 261], "addr_func": "5242960", "addr": 4217699, "ret": 3}, {"name": "GetModuleFileNameA", "args": [0, "034746c0102d77408b3dbeeb233c9743", 261], "addr_func": "5242960", "addr": 4212692, "ret": 32}, {"name": "RegOpenKeyExA", "args": [2147483649, "Software\\Borland\\Locales", 0, 983103, 2147417456], "addr_func": "5243108", "addr": 4212722, "ret": "<BV32 retval_RegOpenKeyExA_32767_32>"}, {"name": "GetModuleHandleA", "args": ["kernel32.dll"], "addr_func": "5242956", "addr": 4212266, "ret": 6295592}, {"name": "GetProcAddress", "args": [6295592, "GetLongPathNameA"], "addr_func": "5242952", "addr": 4212283, "ret": 6295596}, {"name": "GetLongPathNameA", "args": ["034746c0102d77408b3dbeeb233c9743", "", 261], "addr_func": "6295596", "addr": 4212313, "ret": "<BV32 retval_GetLongPathNameA_32770_32>"}, {"name": "lstrcpyA", "args": ["", ""], "addr_func": "5242936", "addr": 4212331, "ret": 2147417179}, {"name": "RegQueryValueExA", "args": [4217704, "", 0, 0, 2147417446, 2147417440], "addr_func": "5243104", "addr": 4212810, "ret": "<BV32 retval_RegQueryValueExA_32773_32>"}, {"name": "RegQueryValueExA", "args": [4217704, "", 0, 0, 2147417446, 2147417440], "addr_func": "5243104", "addr": 4212840, "ret": "<BV32 retval_RegQueryValueExA_32774_32>"}, {"name": "RegCloseKey", "args": [4217704], "addr_func": "5243112", "addr": 4212862, "ret": "<BV32 retval_RegCloseKey_32777_32>"}, {"name": "lstrcpyA", "args": ["PZM", "PZM"], "addr_func": "5242936", "addr": 4212886, "ret": 2147417179}, {"name": "GetThreadLocale", "args": [], "addr_func": "5242944", "addr": 4212899, "ret": 0}, {"name": "GetLocaleInfoA", "args": ["retval_GetThreadLocale_32782_32", 3, "", 5], "addr_func": "5242964", "addr": 4212905, "ret": "<BV32 retval_GetLocaleInfoA_32785_32>"}, {"name": "GetKeyboardType", "args": [0], "addr_func": "5243156", "addr": 4204949, "ret": 4}, {"name": "GetCommandLineA", "args": [], "addr_func": "5242972", "addr": 4217428, "ret": 0}, {"name": "GetStartupInfoA", "args": [2147417620], "addr_func": "5242948", "addr": 4198942, "ret": "None"}, {"name": "GetCurrentThreadId", "args": [], "addr_func": "5242880", "addr": 4217448, "ret": 0}, {"name": "LoadStringA", "args": [4194304, 65493, "", 1024], "addr_func": "5243160", "addr": 4213585, "ret": "<BV32 retval_LoadStringA_32791_32>"}, {"name": "LoadStringA", "args": [4194304, 65492, "", 1024], "addr_func": "5243160", "addr": 4213585, "ret": "<BV32 retval_LoadStringA_32797_32>"}, {"name": "LoadStringA", "args": [4194304, 65490, "", 1024], "addr_func": "5243160", "addr": 4213585, "ret": "<BV32 retval_LoadStringA_32802_32>"}, {"name": "LoadStringA", "args": [4194304, 65491, "", 1024], "addr_func": "5243160", "addr": 4213585, "ret": "<BV32 retval_LoadStringA_32808_32>"}, {"name": "InitializeCriticalSection", "args": [4260912], "addr_func": "5242896", "addr": 4200730, "ret": "None"}, {"name": "LocalAlloc", "args": [0, 4088], "addr_func": "5242912", "addr": 4200791, "ret": 3221258256}, {"name": "VirtualAlloc", "args": [0, 1048576, 8192, 1], "addr_func": "5242904", "addr": 4199499, "ret": 3222798336}, {"name": "LocalAlloc", "args": [0, 1604], "addr_func": "5242912", "addr": 4199051, "ret": 3221262352}, {"name": "VirtualAlloc", "args": [3222798336, "retval_LoadStringA_32808_32", 4096, 4], "addr_func": "5242904", "addr": 4199965, "ret": 3222798336}]}, "6": {"status": "ExcessLoop", "trace": [{"name": "main", "args": ["034746c0102d77408b3dbeeb233c9743"], "addr": 4252464, "ret": "symbolic", "addr_func": 4252464}, {"name": "GetModuleHandleA", "args": [0], "addr_func": "5242956", "addr": 4217755, "ret": 4194304}, {"name": "GetModuleFileNameA", "args": [4194304, "PZM", 261], "addr_func": "5242960", "addr": 4217699, "ret": 3}, {"name": "GetModuleFileNameA", "args": [0, "034746c0102d77408b3dbeeb233c9743", 261], "addr_func": "5242960", "addr": 4212692, "ret": 32}, {"name": "RegOpenKeyExA", "args": [2147483649, "Software\\Borland\\Locales", 0, 983103, 2147417456], "addr_func": "5243108", "addr": 4212722, "ret": "<BV32 retval_RegOpenKeyExA_32767_32>"}, {"name": "GetModuleHandleA", "args": ["kernel32.dll"], "addr_func": "5242956", "addr": 4212266, "ret": 6295592}, {"name": "GetProcAddress", "args": [6295592, "GetLongPathNameA"], "addr_func": "5242952", "addr": 4212283, "ret": 6295596}, {"name": "GetLongPathNameA", "args": ["034746c0102d77408b3dbeeb233c9743", "", 261], "addr_func": "6295596", "addr": 4212313, "ret": "<BV32 retval_GetLongPathNameA_32770_32>"}, {"name": "lstrcpyA", "args": ["", ""], "addr_func": "5242936", "addr": 4212331, "ret": 2147417179}, {"name": "RegQueryValueExA", "args": [4217704, "", 0, 0, 2147417446, 2147417440], "addr_func": "5243104", "addr": 4212810, "ret": "<BV32 retval_RegQueryValueExA_32773_32>"}, {"name": "RegQueryValueExA", "args": [4217704, "", 0, 0, 2147417446, 2147417440], "addr_func": "5243104", "addr": 4212840, "ret": "<BV32 retval_RegQueryValueExA_32774_32>"}, {"name": "RegCloseKey", "args": [4217704], "addr_func": "5243112", "addr": 4212862, "ret": "<BV32 retval_RegCloseKey_32777_32>"}, {"name": "lstrcpyA", "args": ["PZM", "PZM"], "addr_func": "5242936", "addr": 4212886, "ret": 2147417179}, {"name": "GetThreadLocale", "args": [], "addr_func": "5242944", "addr": 4212899, "ret": 0}, {"name": "GetLocaleInfoA", "args": ["retval_GetThreadLocale_32782_32", 3, "", 5], "addr_func": "5242964", "addr": 4212905, "ret": "<BV32 retval_GetLocaleInfoA_32785_32>"}, {"name": "GetKeyboardType", "args": [0], "addr_func": "5243156", "addr": 4204949, "ret": 4}, {"name": "GetCommandLineA", "args": [], "addr_func": "5242972", "addr": 4217428, "ret": 0}, {"name": "GetStartupInfoA", "args": [2147417620], "addr_func": "5242948", "addr": 4198942, "ret": "None"}, {"name": "GetCurrentThreadId", "args": [], "addr_func": "5242880", "addr": 4217448, "ret": 0}, {"name": "LoadStringA", "args": [4194304, 65493, "", 1024], "addr_func": "5243160", "addr": 4213585, "ret": "<BV32 retval_LoadStringA_32791_32>"}, {"name": "LoadStringA", "args": [4194304, 65492, "", 1024], "addr_func": "5243160", "addr": 4213585, "ret": "<BV32 retval_LoadStringA_32797_32>"}, {"name": "LoadStringA", "args": [4194304, 65490, "", 1024], "addr_func": "5243160", "addr": 4213585, "ret": "<BV32 retval_LoadStringA_32802_32>"}, {"name": "LoadStringA", "args": [4194304, 65491, "", 1024], "addr_func": "5243160", "addr": 4213585, "ret": "<BV32 retval_LoadStringA_32808_32>"}]}, "7": {"status": "ExcessLoop", "trace": [{"name": "main", "args": ["034746c0102d77408b3dbeeb233c9743"], "addr": 4252464, "ret": "symbolic", "addr_func": 4252464}, {"name": "GetModuleHandleA", "args": [0], "addr_func": "5242956", "addr": 4217755, "ret": 4194304}, {"name": "GetModuleFileNameA", "args": [4194304, "PZM", 261], "addr_func": "5242960", "addr": 4217699, "ret": 3}, {"name": "GetModuleFileNameA", "args": [0, "034746c0102d77408b3dbeeb233c9743", 261], "addr_func": "5242960", "addr": 4212692, "ret": 32}, {"name": "RegOpenKeyExA", "args": [2147483649, "Software\\Borland\\Locales", 0, 983103, 2147417456], "addr_func": "5243108", "addr": 4212722, "ret": "<BV32 retval_RegOpenKeyExA_32767_32>"}, {"name": "GetModuleHandleA", "args": ["kernel32.dll"], "addr_func": "5242956", "addr": 4212266, "ret": 6295592}, {"name": "GetProcAddress", "args": [6295592, "GetLongPathNameA"], "addr_func": "5242952", "addr": 4212283, "ret": 6295596}, {"name": "GetLongPathNameA", "args": ["034746c0102d77408b3dbeeb233c9743", "", 261], "addr_func": "6295596", "addr": 4212313, "ret": "<BV32 retval_GetLongPathNameA_32770_32>"}, {"name": "lstrcpyA", "args": ["", ""], "addr_func": "5242936", "addr": 4212331, "ret": 2147417179}, {"name": "RegQueryValueExA", "args": [4217704, "", 0, 0, 2147417446, 2147417440], "addr_func": "5243104", "addr": 4212810, "ret": "<BV32 retval_RegQueryValueExA_32773_32>"}, {"name": "RegQueryValueExA", "args": [4217704, "", 0, 0, 2147417446, 2147417440], "addr_func": "5243104", "addr": 4212840, "ret": "<BV32 retval_RegQueryValueExA_32774_32>"}, {"name": "RegCloseKey", "args": [4217704], "addr_func": "5243112", "addr": 4212862, "ret": "<BV32 retval_RegCloseKey_32777_32>"}, {"name": "lstrcpyA", "args": ["PZM", "PZM"], "addr_func": "5242936", "addr": 4212886, "ret": 2147417179}, {"name": "GetThreadLocale", "args": [], "addr_func": "5242944", "addr": 4212899, "ret": 0}, {"name": "GetLocaleInfoA", "args": ["retval_GetThreadLocale_32782_32", 3, "", 5], "addr_func": "5242964", "addr": 4212905, "ret": "<BV32 retval_GetLocaleInfoA_32785_32>"}, {"name": "GetKeyboardType", "args": [0], "addr_func": "5243156", "addr": 4204949, "ret": 4}, {"name": "GetCommandLineA", "args": [], "addr_func": "5242972", "addr": 4217428, "ret": 0}, {"name": "GetStartupInfoA", "args": [2147417620], "addr_func": "5242948", "addr": 4198942, "ret": "None"}, {"name": "GetCurrentThreadId", "args": [], "addr_func": "5242880", "addr": 4217448, "ret": 0}, {"name": "LoadStringA", "args": [4194304, 65493, "", 1024], "addr_func": "5243160", "addr": 4213585, "ret": "<BV32 retval_LoadStringA_32791_32>"}, {"name": "LoadStringA", "args": [4194304, 65492, "", 1024], "addr_func": "5243160", "addr": 4213585, "ret": "<BV32 retval_LoadStringA_32797_32>"}, {"name": "LoadStringA", "args": [4194304, 65490, "", 1024], "addr_func": "5243160", "addr": 4213585, "ret": "<BV32 retval_LoadStringA_32802_32>"}, {"name": "LoadStringA", "args": [4194304, 65491, "", 1024], "addr_func": "5243160", "addr": 4213585, "ret": "<BV32 retval_LoadStringA_32809_32>"}]}, "8": {"status": "ExcessLoop", "trace": [{"name": "main", "args": ["034746c0102d77408b3dbeeb233c9743"], "addr": 4252464, "ret": "symbolic", "addr_func": 4252464}, {"name": "GetModuleHandleA", "args": [0], "addr_func": "5242956", "addr": 4217755, "ret": 4194304}, {"name": "GetModuleFileNameA", "args": [4194304, "PZM", 261], "addr_func": "5242960", "addr": 4217699, "ret": 3}, {"name": "GetModuleFileNameA", "args": [0, "034746c0102d77408b3dbeeb233c9743", 261], "addr_func": "5242960", "addr": 4212692, "ret": 32}, {"name": "RegOpenKeyExA", "args": [2147483649, "Software\\Borland\\Locales", 0, 983103, 2147417456], "addr_func": "5243108", "addr": 4212722, "ret": "<BV32 retval_RegOpenKeyExA_32767_32>"}, {"name": "GetModuleHandleA", "args": ["kernel32.dll"], "addr_func": "5242956", "addr": 4212266, "ret": 6295592}, {"name": "GetProcAddress", "args": [6295592, "GetLongPathNameA"], "addr_func": "5242952", "addr": 4212283, "ret": 6295596}, {"name": "GetLongPathNameA", "args": ["034746c0102d77408b3dbeeb233c9743", "", 261], "addr_func": "6295596", "addr": 4212313, "ret": "<BV32 retval_GetLongPathNameA_32770_32>"}, {"name": "lstrcpyA", "args": ["", ""], "addr_func": "5242936", "addr": 4212331, "ret": 2147417179}, {"name": "RegQueryValueExA", "args": [4217704, "", 0, 0, 2147417446, 2147417440], "addr_func": "5243104", "addr": 4212810, "ret": "<BV32 retval_RegQueryValueExA_32773_32>"}, {"name": "RegQueryValueExA", "args": [4217704, "", 0, 0, 2147417446, 2147417440], "addr_func": "5243104", "addr": 4212840, "ret": "<BV32 retval_RegQueryValueExA_32774_32>"}, {"name": "RegCloseKey", "args": [4217704], "addr_func": "5243112", "addr": 4212862, "ret": "<BV32 retval_RegCloseKey_32777_32>"}, {"name": "lstrcpyA", "args": ["PZM", "PZM"], "addr_func": "5242936", "addr": 4212886, "ret": 2147417179}, {"name": "GetThreadLocale", "args": [], "addr_func": "5242944", "addr": 4212899, "ret": 0}, {"name": "GetLocaleInfoA", "args": ["retval_GetThreadLocale_32782_32", 3, "", 5], "addr_func": "5242964", "addr": 4212905, "ret": "<BV32 retval_GetLocaleInfoA_32785_32>"}, {"name": "GetKeyboardType", "args": [0], "addr_func": "5243156", "addr": 4204949, "ret": 4}, {"name": "GetCommandLineA", "args": [], "addr_func": "5242972", "addr": 4217428, "ret": 0}, {"name": "GetStartupInfoA", "args": [2147417620], "addr_func": "5242948", "addr": 4198942, "ret": "None"}, {"name": "GetCurrentThreadId", "args": [], "addr_func": "5242880", "addr": 4217448, "ret": 0}, {"name": "LoadStringA", "args": [4194304, 65493, "", 1024], "addr_func": "5243160", "addr": 4213585, "ret": "<BV32 retval_LoadStringA_32791_32>"}, {"name": "LoadStringA", "args": [4194304, 65492, "", 1024], "addr_func": "5243160", "addr": 4213585, "ret": "<BV32 retval_LoadStringA_32797_32>"}, {"name": "LoadStringA", "args": [4194304, 65490, "", 1024], "addr_func": "5243160", "addr": 4213585, "ret": "<BV32 retval_LoadStringA_32803_32>"}, {"name": "LoadStringA", "args": [4194304, 65491, "", 1024], "addr_func": "5243160", "addr": 4213585, "ret": "<BV32 retval_LoadStringA_32810_32>"}]}, "9": {"status": "ExcessLoop", "trace": [{"name": "main", "args": ["034746c0102d77408b3dbeeb233c9743"], "addr": 4252464, "ret": "symbolic", "addr_func": 4252464}, {"name": "GetModuleHandleA", "args": [0], "addr_func": "5242956", "addr": 4217755, "ret": 4194304}, {"name": "GetModuleFileNameA", "args": [4194304, "PZM", 261], "addr_func": "5242960", "addr": 4217699, "ret": 3}, {"name": "GetModuleFileNameA", "args": [0, "034746c0102d77408b3dbeeb233c9743", 261], "addr_func": "5242960", "addr": 4212692, "ret": 32}, {"name": "RegOpenKeyExA", "args": [2147483649, "Software\\Borland\\Locales", 0, 983103, 2147417456], "addr_func": "5243108", "addr": 4212722, "ret": "<BV32 retval_RegOpenKeyExA_32767_32>"}, {"name": "GetModuleHandleA", "args": ["kernel32.dll"], "addr_func": "5242956", "addr": 4212266, "ret": 6295592}, {"name": "GetProcAddress", "args": [6295592, "GetLongPathNameA"], "addr_func": "5242952", "addr": 4212283, "ret": 6295596}, {"name": "GetLongPathNameA", "args": ["034746c0102d77408b3dbeeb233c9743", "", 261], "addr_func": "6295596", "addr": 4212313, "ret": "<BV32 retval_GetLongPathNameA_32770_32>"}, {"name": "lstrcpyA", "args": ["", ""], "addr_func": "5242936", "addr": 4212331, "ret": 2147417179}, {"name": "RegQueryValueExA", "args": [4217704, "", 0, 0, 2147417446, 2147417440], "addr_func": "5243104", "addr": 4212810, "ret": "<BV32 retval_RegQueryValueExA_32773_32>"}, {"name": "RegQueryValueExA", "args": [4217704, "", 0, 0, 2147417446, 2147417440], "addr_func": "5243104", "addr": 4212840, "ret": "<BV32 retval_RegQueryValueExA_32774_32>"}, {"name": "RegCloseKey", "args": [4217704], "addr_func": "5243112", "addr": 4212862, "ret": "<BV32 retval_RegCloseKey_32777_32>"}, {"name": "lstrcpyA", "args": ["PZM", "PZM"], "addr_func": "5242936", "addr": 4212886, "ret": 2147417179}, {"name": "GetThreadLocale", "args": [], "addr_func": "5242944", "addr": 4212899, "ret": 0}, {"name": "GetLocaleInfoA", "args": ["retval_GetThreadLocale_32782_32", 3, "", 5], "addr_func": "5242964", "addr": 4212905, "ret": "<BV32 retval_GetLocaleInfoA_32785_32>"}, {"name": "GetKeyboardType", "args": [0], "addr_func": "5243156", "addr": 4204949, "ret": 4}, {"name": "GetCommandLineA", "args": [], "addr_func": "5242972", "addr": 4217428, "ret": 0}, {"name": "GetStartupInfoA", "args": [2147417620], "addr_func": "5242948", "addr": 4198942, "ret": "None"}, {"name": "GetCurrentThreadId", "args": [], "addr_func": "5242880", "addr": 4217448, "ret": 0}, {"name": "LoadStringA", "args": [4194304, 65493, "", 1024], "addr_func": "5243160", "addr": 4213585, "ret": "<BV32 retval_LoadStringA_32791_32>"}, {"name": "LoadStringA", "args": [4194304, 65492, "", 1024], "addr_func": "5243160", "addr": 4213585, "ret": "<BV32 retval_LoadStringA_32799_32>"}, {"name": "LoadStringA", "args": [4194304, 65490, "", 1024], "addr_func": "5243160", "addr": 4213585, "ret": "<BV32 retval_LoadStringA_32804_32>"}, {"name": "LoadStringA", "args": [4194304, 65491, "", 1024], "addr_func": "5243160", "addr": 4213585, "ret": "<BV32 retval_LoadStringA_32811_32>"}]}, "10": {"status": "ExcessLoop", "trace": [{"name": "main", "args": ["034746c0102d77408b3dbeeb233c9743"], "addr": 4252464, "ret": "symbolic", "addr_func": 4252464}, {"name": "GetModuleHandleA", "args": [0], "addr_func": "5242956", "addr": 4217755, "ret": 4194304}, {"name": "GetModuleFileNameA", "args": [4194304, "PZM", 261], "addr_func": "5242960", "addr": 4217699, "ret": 3}, {"name": "GetModuleFileNameA", "args": [0, "034746c0102d77408b3dbeeb233c9743", 261], "addr_func": "5242960", "addr": 4212692, "ret": 32}, {"name": "RegOpenKeyExA", "args": [2147483649, "Software\\Borland\\Locales", 0, 983103, 2147417456], "addr_func": "5243108", "addr": 4212722, "ret": "<BV32 retval_RegOpenKeyExA_32767_32>"}, {"name": "GetModuleHandleA", "args": ["kernel32.dll"], "addr_func": "5242956", "addr": 4212266, "ret": 6295592}, {"name": "GetProcAddress", "args": [6295592, "GetLongPathNameA"], "addr_func": "5242952", "addr": 4212283, "ret": 6295596}, {"name": "GetLongPathNameA", "args": ["034746c0102d77408b3dbeeb233c9743", "", 261], "addr_func": "6295596", "addr": 4212313, "ret": "<BV32 retval_GetLongPathNameA_32770_32>"}, {"name": "lstrcpyA", "args": ["", ""], "addr_func": "5242936", "addr": 4212331, "ret": 2147417179}, {"name": "RegQueryValueExA", "args": [4217704, "", 0, 0, 2147417446, 2147417440], "addr_func": "5243104", "addr": 4212810, "ret": "<BV32 retval_RegQueryValueExA_32773_32>"}, {"name": "RegQueryValueExA", "args": [4217704, "", 0, 0, 2147417446, 2147417440], "addr_func": "5243104", "addr": 4212840, "ret": "<BV32 retval_RegQueryValueExA_32774_32>"}, {"name": "RegCloseKey", "args": [4217704], "addr_func": "5243112", "addr": 4212862, "ret": "<BV32 retval_RegCloseKey_32777_32>"}, {"name": "lstrcpyA", "args": ["PZM", "PZM"], "addr_func": "5242936", "addr": 4212886, "ret": 2147417179}, {"name": "GetThreadLocale", "args": [], "addr_func": "5242944", "addr": 4212899, "ret": 0}, {"name": "GetLocaleInfoA", "args": ["retval_GetThreadLocale_32782_32", 3, "", 5], "addr_func": "5242964", "addr": 4212905, "ret": "<BV32 retval_GetLocaleInfoA_32785_32>"}, {"name": "GetKeyboardType", "args": [0], "addr_func": "5243156", "addr": 4204949, "ret": 4}, {"name": "GetCommandLineA", "args": [], "addr_func": "5242972", "addr": 4217428, "ret": 0}, {"name": "GetStartupInfoA", "args": [2147417620], "addr_func": "5242948", "addr": 4198942, "ret": "None"}, {"name": "GetCurrentThreadId", "args": [], "addr_func": "5242880", "addr": 4217448, "ret": 0}, {"name": "LoadStringA", "args": [4194304, 65493, "", 1024], "addr_func": "5243160", "addr": 4213585, "ret": "<BV32 retval_LoadStringA_32791_32>"}, {"name": "LoadStringA", "args": [4194304, 65492, "", 1024], "addr_func": "5243160", "addr": 4213585, "ret": "<BV32 retval_LoadStringA_32797_32>"}, {"name": "LoadStringA", "args": [4194304, 65490, "", 1024], "addr_func": "5243160", "addr": 4213585, "ret": "<BV32 retval_LoadStringA_32803_32>"}, {"name": "LoadStringA", "args": [4194304, 65491, "", 1024], "addr_func": "5243160", "addr": 4213585, "ret": "<BV32 retval_LoadStringA_32813_32>"}]}, "11": {"status": "ExcessLoop", "trace": [{"name": "main", "args": ["034746c0102d77408b3dbeeb233c9743"], "addr": 4252464, "ret": "symbolic", "addr_func": 4252464}, {"name": "GetModuleHandleA", "args": [0], "addr_func": "5242956", "addr": 4217755, "ret": 4194304}, {"name": "GetModuleFileNameA", "args": [4194304, "PZM", 261], "addr_func": "5242960", "addr": 4217699, "ret": 3}, {"name": "GetModuleFileNameA", "args": [0, "034746c0102d77408b3dbeeb233c9743", 261], "addr_func": "5242960", "addr": 4212692, "ret": 32}, {"name": "RegOpenKeyExA", "args": [2147483649, "Software\\Borland\\Locales", 0, 983103, 2147417456], "addr_func": "5243108", "addr": 4212722, "ret": "<BV32 retval_RegOpenKeyExA_32767_32>"}, {"name": "GetModuleHandleA", "args": ["kernel32.dll"], "addr_func": "5242956", "addr": 4212266, "ret": 6295592}, {"name": "GetProcAddress", "args": [6295592, "GetLongPathNameA"], "addr_func": "5242952", "addr": 4212283, "ret": 6295596}, {"name": "GetLongPathNameA", "args": ["034746c0102d77408b3dbeeb233c9743", "", 261], "addr_func": "6295596", "addr": 4212313, "ret": "<BV32 retval_GetLongPathNameA_32770_32>"}, {"name": "lstrcpynA", "args": ["03", "034746c0102d77408b3dbeeb233c9743", 3], "addr_func": "5242932", "addr": 4212431, "ret": 2147416541}, {"name": "CharNextA", "args": ["746c0102d77408b3dbeeb233c9743"], "addr_func": "5243168", "addr": 4212223, "ret": 2147417183}, {"name": "CharNextA", "args": ["46c0102d77408b3dbeeb233c9743"], "addr_func": "5243168", "addr": 4212223, "ret": 2147417184}, {"name": "CharNextA", "args": ["6c0102d77408b3dbeeb233c9743"], "addr_func": "5243168", "addr": 4212223, "ret": 2147417185}, {"name": "CharNextA", "args": ["c0102d77408b3dbeeb233c9743"], "addr_func": "5243168", "addr": 4212223, "ret": 2147417186}, {"name": "CharNextA", "args": ["0102d77408b3dbeeb233c9743"], "addr_func": "5243168", "addr": 4212223, "ret": 2147417187}, {"name": "CharNextA", "args": ["102d77408b3dbeeb233c9743"], "addr_func": "5243168", "addr": 4212223, "ret": 2147417188}, {"name": "CharNextA", "args": ["02d77408b3dbeeb233c9743"], "addr_func": "5243168", "addr": 4212223, "ret": 2147417189}, {"name": "CharNextA", "args": ["2d77408b3dbeeb233c9743"], "addr_func": "5243168", "addr": 4212223, "ret": 2147417190}, {"name": "CharNextA", "args": ["d77408b3dbeeb233c9743"], "addr_func": "5243168", "addr": 4212223, "ret": 2147417191}, {"name": "CharNextA", "args": ["77408b3dbeeb233c9743"], "addr_func": "5243168", "addr": 4212223, "ret": 2147417192}, {"name": "CharNextA", "args": ["7408b3dbeeb233c9743"], "addr_func": "5243168", "addr": 4212223, "ret": 2147417193}, {"name": "CharNextA", "args": ["408b3dbeeb233c9743"], "addr_func": "5243168", "addr": 4212223, "ret": 2147417194}, {"name": "CharNextA", "args": ["08b3dbeeb233c9743"], "addr_func": "5243168", "addr": 4212223, "ret": 2147417195}, {"name": "CharNextA", "args": ["8b3dbeeb233c9743"], "addr_func": "5243168", "addr": 4212223, "ret": 2147417196}, {"name": "CharNextA", "args": ["b3dbeeb233c9743"], "addr_func": "5243168", "addr": 4212223, "ret": 2147417197}, {"name": "CharNextA", "args": ["3dbeeb233c9743"], "addr_func": "5243168", "addr": 4212223, "ret": 2147417198}, {"name": "CharNextA", "args": ["dbeeb233c9743"], "addr_func": "5243168", "addr": 4212223, "ret": 2147417199}, {"name": "CharNextA", "args": ["beeb233c9743"], "addr_func": "5243168", "addr": 4212223, "ret": 2147417200}, {"name": "CharNextA", "args": ["eeb233c9743"], "addr_func": "5243168", "addr": 4212223, "ret": 2147417201}, {"name": "CharNextA", "args": ["eb233c9743"], "addr_func": "5243168", "addr": 4212223, "ret": 2147417202}, {"name": "CharNextA", "args": ["b233c9743"], "addr_func": "5243168", "addr": 4212223, "ret": 2147417203}, {"name": "CharNextA", "args": ["233c9743"], "addr_func": "5243168", "addr": 4212223, "ret": 2147417204}, {"name": "CharNextA", "args": ["33c9743"], "addr_func": "5243168", "addr": 4212223, "ret": 2147417205}, {"name": "CharNextA", "args": ["3c9743"], "addr_func": "5243168", "addr": 4212223, "ret": 2147417206}, {"name": "CharNextA", "args": ["c9743"], "addr_func": "5243168", "addr": 4212223, "ret": 2147417207}, {"name": "CharNextA", "args": ["9743"], "addr_func": "5243168", "addr": 4212223, "ret": 2147417208}, {"name": "CharNextA", "args": ["743"], "addr_func": "5243168", "addr": 4212223, "ret": 2147417209}, {"name": "CharNextA", "args": ["43"], "addr_func": "5243168", "addr": 4212223, "ret": 2147417210}, {"name": "CharNextA", "args": ["3"], "addr_func": "5243168", "addr": 4212223, "ret": 2147417211}, {"name": "lstrcpynA", "args": ["4746c0102d77408b3dbeeb233c9743", "4746c0102d77408b3dbeeb233c9743", 31], "addr_func": "5242932", "addr": 4212484, "ret": 2147416543}, {"name": "FindFirstFileA", "args": ["034746c0102d77408b3dbeeb233c9743", 2147416802], "addr_func": "5242980", "addr": 4212503, "ret": "<BV32 retval_FindFirstFileA_32806_32>"}, {"name": "FindClose", "args": ["retval_FindFirstFileA_32806_32"], "addr_func": "5242984", "addr": 4212516, "ret": "<BV32 retval_FindClose_32807_32>"}, {"name": "lstrlenA", "args": [""], "addr_func": "5242928", "addr": 4212528, "ret": 0}, {"name": "lstrcpyA", "args": ["", ""], "addr_func": "5242936", "addr": 4212571, "ret": 2147416544}, {"name": "lstrlenA", "args": [""], "addr_func": "5242928", "addr": 4212583, "ret": 0}, {"name": "lstrcpyA", "args": ["03\\", "03\\"], "addr_func": "5242936", "addr": 4212613, "ret": 2147417179}, {"name": "RegQueryValueExA", "args": [4217704, "03\\", 0, 0, 2147417446, 2147417440], "addr_func": "5243104", "addr": 4212810, "ret": "<BV32 retval_RegQueryValueExA_32812_32>"}, {"name": "RegCloseKey", "args": [4217704], "addr_func": "5243112", "addr": 4212862, "ret": "<BV32 retval_RegCloseKey_32815_32>"}, {"name": "lstrcpyA", "args": ["PZM", "PZM"], "addr_func": "5242936", "addr": 4212886, "ret": 2147417179}, {"name": "GetThreadLocale", "args": [], "addr_func": "5242944", "addr": 4212899, "ret": 0}, {"name": "GetLocaleInfoA", "args": ["retval_GetThreadLocale_32818_32", 3, "", 5], "addr_func": "5242964", "addr": 4212905, "ret": "<BV32 retval_GetLocaleInfoA_32819_32>"}, {"name": "GetKeyboardType", "args": [0], "addr_func": "5243156", "addr": 4204949, "ret": 4}, {"name": "GetCommandLineA", "args": [], "addr_func": "5242972", "addr": 4217428, "ret": 0}, {"name": "GetStartupInfoA", "args": [2147417620], "addr_func": "5242948", "addr": 4198942, "ret": "None"}, {"name": "GetCurrentThreadId", "args": [], "addr_func": "5242880", "addr": 4217448, "ret": 0}, {"name": "LoadStringA", "args": [4194304, 65493, "", 1024], "addr_func": "5243160", "addr": 4213585, "ret": "<BV32 retval_LoadStringA_32822_32>"}, {"name": "LoadStringA", "args": [4194304, 65492, "", 1024], "addr_func": "5243160", "addr": 4213585, "ret": "<BV32 retval_LoadStringA_32824_32>"}, {"name": "LoadStringA", "args": [4194304, 65490, "", 1024], "addr_func": "5243160", "addr": 4213585, "ret": "<BV32 retval_LoadStringA_32826_32>"}, {"name": "LoadStringA", "args": [4194304, 65491, "", 1024], "addr_func": "5243160", "addr": 4213585, "ret": "<BV32 retval_LoadStringA_32828_32>"}]}, "12": {"status": "ExcessLoop", "trace": [{"name": "main", "args": ["034746c0102d77408b3dbeeb233c9743"], "addr": 4252464, "ret": "symbolic", "addr_func": 4252464}, {"name": "GetModuleHandleA", "args": [0], "addr_func": "5242956", "addr": 4217755, "ret": 4194304}, {"name": "GetModuleFileNameA", "args": [4194304, "PZM", 261], "addr_func": "5242960", "addr": 4217699, "ret": 3}, {"name": "GetModuleFileNameA", "args": [0, "034746c0102d77408b3dbeeb233c9743", 261], "addr_func": "5242960", "addr": 4212692, "ret": 32}, {"name": "RegOpenKeyExA", "args": [2147483649, "Software\\Borland\\Locales", 0, 983103, 2147417456], "addr_func": "5243108", "addr": 4212722, "ret": "<BV32 retval_RegOpenKeyExA_32767_32>"}, {"name": "GetModuleHandleA", "args": ["kernel32.dll"], "addr_func": "5242956", "addr": 4212266, "ret": 6295592}, {"name": "GetProcAddress", "args": [6295592, "GetLongPathNameA"], "addr_func": "5242952", "addr": 4212283, "ret": 6295596}, {"name": "GetLongPathNameA", "args": ["034746c0102d77408b3dbeeb233c9743", "", 261], "addr_func": "6295596", "addr": 4212313, "ret": "<BV32 retval_GetLongPathNameA_32770_32>"}, {"name": "lstrcpynA", "args": ["03", "034746c0102d77408b3dbeeb233c9743", 3], "addr_func": "5242932", "addr": 4212431, "ret": 2147416541}, {"name": "CharNextA", "args": ["746c0102d77408b3dbeeb233c9743"], "addr_func": "5243168", "addr": 4212223, "ret": 2147417183}, {"name": "CharNextA", "args": ["46c0102d77408b3dbeeb233c9743"], "addr_func": "5243168", "addr": 4212223, "ret": 2147417184}, {"name": "CharNextA", "args": ["6c0102d77408b3dbeeb233c9743"], "addr_func": "5243168", "addr": 4212223, "ret": 2147417185}, {"name": "CharNextA", "args": ["c0102d77408b3dbeeb233c9743"], "addr_func": "5243168", "addr": 4212223, "ret": 2147417186}, {"name": "CharNextA", "args": ["0102d77408b3dbeeb233c9743"], "addr_func": "5243168", "addr": 4212223, "ret": 2147417187}, {"name": "CharNextA", "args": ["102d77408b3dbeeb233c9743"], "addr_func": "5243168", "addr": 4212223, "ret": 2147417188}, {"name": "CharNextA", "args": ["02d77408b3dbeeb233c9743"], "addr_func": "5243168", "addr": 4212223, "ret": 2147417189}, {"name": "CharNextA", "args": ["2d77408b3dbeeb233c9743"], "addr_func": "5243168", "addr": 4212223, "ret": 2147417190}, {"name": "CharNextA", "args": ["d77408b3dbeeb233c9743"], "addr_func": "5243168", "addr": 4212223, "ret": 2147417191}, {"name": "CharNextA", "args": ["77408b3dbeeb233c9743"], "addr_func": "5243168", "addr": 4212223, "ret": 2147417192}, {"name": "CharNextA", "args": ["7408b3dbeeb233c9743"], "addr_func": "5243168", "addr": 4212223, "ret": 2147417193}, {"name": "CharNextA", "args": ["408b3dbeeb233c9743"], "addr_func": "5243168", "addr": 4212223, "ret": 2147417194}, {"name": "CharNextA", "args": ["08b3dbeeb233c9743"], "addr_func": "5243168", "addr": 4212223, "ret": 2147417195}, {"name": "CharNextA", "args": ["8b3dbeeb233c9743"], "addr_func": "5243168", "addr": 4212223, "ret": 2147417196}, {"name": "CharNextA", "args": ["b3dbeeb233c9743"], "addr_func": "5243168", "addr": 4212223, "ret": 2147417197}, {"name": "CharNextA", "args": ["3dbeeb233c9743"], "addr_func": "5243168", "addr": 4212223, "ret": 2147417198}, {"name": "CharNextA", "args": ["dbeeb233c9743"], "addr_func": "5243168", "addr": 4212223, "ret": 2147417199}, {"name": "CharNextA", "args": ["beeb233c9743"], "addr_func": "5243168", "addr": 4212223, "ret": 2147417200}, {"name": "CharNextA", "args": ["eeb233c9743"], "addr_func": "5243168", "addr": 4212223, "ret": 2147417201}, {"name": "CharNextA", "args": ["eb233c9743"], "addr_func": "5243168", "addr": 4212223, "ret": 2147417202}, {"name": "CharNextA", "args": ["b233c9743"], "addr_func": "5243168", "addr": 4212223, "ret": 2147417203}, {"name": "CharNextA", "args": ["233c9743"], "addr_func": "5243168", "addr": 4212223, "ret": 2147417204}, {"name": "CharNextA", "args": ["33c9743"], "addr_func": "5243168", "addr": 4212223, "ret": 2147417205}, {"name": "CharNextA", "args": ["3c9743"], "addr_func": "5243168", "addr": 4212223, "ret": 2147417206}, {"name": "CharNextA", "args": ["c9743"], "addr_func": "5243168", "addr": 4212223, "ret": 2147417207}, {"name": "CharNextA", "args": ["9743"], "addr_func": "5243168", "addr": 4212223, "ret": 2147417208}, {"name": "CharNextA", "args": ["743"], "addr_func": "5243168", "addr": 4212223, "ret": 2147417209}, {"name": "CharNextA", "args": ["43"], "addr_func": "5243168", "addr": 4212223, "ret": 2147417210}, {"name": "CharNextA", "args": ["3"], "addr_func": "5243168", "addr": 4212223, "ret": 2147417211}, {"name": "lstrcpynA", "args": ["4746c0102d77408b3dbeeb233c9743", "4746c0102d77408b3dbeeb233c9743", 31], "addr_func": "5242932", "addr": 4212484, "ret": 2147416543}, {"name": "FindFirstFileA", "args": ["034746c0102d77408b3dbeeb233c9743", 2147416802], "addr_func": "5242980", "addr": 4212503, "ret": "<BV32 retval_FindFirstFileA_32806_32>"}, {"name": "FindClose", "args": ["retval_FindFirstFileA_32806_32"], "addr_func": "5242984", "addr": 4212516, "ret": "<BV32 retval_FindClose_32807_32>"}, {"name": "lstrlenA", "args": [""], "addr_func": "5242928", "addr": 4212528, "ret": 0}, {"name": "lstrcpyA", "args": ["", ""], "addr_func": "5242936", "addr": 4212571, "ret": 2147416544}, {"name": "lstrlenA", "args": [""], "addr_func": "5242928", "addr": 4212583, "ret": 0}, {"name": "lstrcpyA", "args": ["03\\", "03\\"], "addr_func": "5242936", "addr": 4212613, "ret": 2147417179}, {"name": "RegQueryValueExA", "args": [4217704, "03\\", 0, 0, 2147417446, 2147417440], "addr_func": "5243104", "addr": 4212810, "ret": "<BV32 retval_RegQueryValueExA_32812_32>"}, {"name": "RegCloseKey", "args": [4217704], "addr_func": "5243112", "addr": 4212862, "ret": "<BV32 retval_RegCloseKey_32815_32>"}, {"name": "lstrcpyA", "args": ["PZM", "PZM"], "addr_func": "5242936", "addr": 4212886, "ret": 2147417179}, {"name": "GetThreadLocale", "args": [], "addr_func": "5242944", "addr": 4212899, "ret": 0}, {"name": "GetLocaleInfoA", "args": ["retval_GetThreadLocale_32818_32", 3, "", 5], "addr_func": "5242964", "addr": 4212905, "ret": "<BV32 retval_GetLocaleInfoA_32819_32>"}, {"name": "GetKeyboardType", "args": [0], "addr_func": "5243156", "addr": 4204949, "ret": 4}, {"name": "GetCommandLineA", "args": [], "addr_func": "5242972", "addr": 4217428, "ret": 0}, {"name": "GetStartupInfoA", "args": [2147417620], "addr_func": "5242948", "addr": 4198942, "ret": "None"}, {"name": "GetCurrentThreadId", "args": [], "addr_func": "5242880", "addr": 4217448, "ret": 0}, {"name": "LoadStringA", "args": [4194304, 65493, "", 1024], "addr_func": "5243160", "addr": 4213585, "ret": "<BV32 retval_LoadStringA_32822_32>"}, {"name": "LoadStringA", "args": [4194304, 65492, "", 1024], "addr_func": "5243160", "addr": 4213585, "ret": "<BV32 retval_LoadStringA_32824_32>"}, {"name": "LoadStringA", "args": [4194304, 65490, "", 1024], "addr_func": "5243160", "addr": 4213585, "ret": "<BV32 retval_LoadStringA_32826_32>"}, {"name": "LoadStringA", "args": [4194304, 65491, "", 1024], "addr_func": "5243160", "addr": 4213585, "ret": "<BV32 retval_LoadStringA_32829_32>"}]}, "13": {"status": "ExcessLoop", "trace": [{"name": "main", "args": ["034746c0102d77408b3dbeeb233c9743"], "addr": 4252464, "ret": "symbolic", "addr_func": 4252464}, {"name": "GetModuleHandleA", "args": [0], "addr_func": "5242956", "addr": 4217755, "ret": 4194304}, {"name": "GetModuleFileNameA", "args": [4194304, "PZM", 261], "addr_func": "5242960", "addr": 4217699, "ret": 3}, {"name": "GetModuleFileNameA", "args": [0, "034746c0102d77408b3dbeeb233c9743", 261], "addr_func": "5242960", "addr": 4212692, "ret": 32}, {"name": "RegOpenKeyExA", "args": [2147483649, "Software\\Borland\\Locales", 0, 983103, 2147417456], "addr_func": "5243108", "addr": 4212722, "ret": "<BV32 retval_RegOpenKeyExA_32767_32>"}, {"name": "GetModuleHandleA", "args": ["kernel32.dll"], "addr_func": "5242956", "addr": 4212266, "ret": 6295592}, {"name": "GetProcAddress", "args": [6295592, "GetLongPathNameA"], "addr_func": "5242952", "addr": 4212283, "ret": 6295596}, {"name": "GetLongPathNameA", "args": ["034746c0102d77408b3dbeeb233c9743", "", 261], "addr_func": "6295596", "addr": 4212313, "ret": "<BV32 retval_GetLongPathNameA_32770_32>"}, {"name": "lstrcpyA", "args": ["", ""], "addr_func": "5242936", "addr": 4212331, "ret": 2147417179}, {"name": "RegQueryValueExA", "args": [4217704, "", 0, 0, 2147417446, 2147417440], "addr_func": "5243104", "addr": 4212810, "ret": "<BV32 retval_RegQueryValueExA_32773_32>"}, {"name": "RegQueryValueExA", "args": [4217704, "", 0, 0, 2147417446, 2147417440], "addr_func": "5243104", "addr": 4212840, "ret": "<BV32 retval_RegQueryValueExA_32774_32>"}, {"name": "RegCloseKey", "args": [4217704], "addr_func": "5243112", "addr": 4212862, "ret": "<BV32 retval_RegCloseKey_32777_32>"}, {"name": "lstrcpyA", "args": ["PZM", "PZM"], "addr_func": "5242936", "addr": 4212886, "ret": 2147417179}, {"name": "GetThreadLocale", "args": [], "addr_func": "5242944", "addr": 4212899, "ret": 0}, {"name": "GetLocaleInfoA", "args": ["retval_GetThreadLocale_32782_32", 3, "", 5], "addr_func": "5242964", "addr": 4212905, "ret": "<BV32 retval_GetLocaleInfoA_32785_32>"}, {"name": "GetKeyboardType", "args": [0], "addr_func": "5243156", "addr": 4204949, "ret": 4}, {"name": "GetCommandLineA", "args": [], "addr_func": "5242972", "addr": 4217428, "ret": 0}, {"name": "GetStartupInfoA", "args": [2147417620], "addr_func": "5242948", "addr": 4198942, "ret": "None"}, {"name": "GetCurrentThreadId", "args": [], "addr_func": "5242880", "addr": 4217448, "ret": 0}, {"name": "LoadStringA", "args": [4194304, 65493, "", 1024], "addr_func": "5243160", "addr": 4213585, "ret": "<BV32 retval_LoadStringA_32791_32>"}, {"name": "LoadStringA", "args": [4194304, 65492, "", 1024], "addr_func": "5243160", "addr": 4213585, "ret": "<BV32 retval_LoadStringA_32797_32>"}, {"name": "LoadStringA", "args": [4194304, 65490, "", 1024], "addr_func": "5243160", "addr": 4213585, "ret": "<BV32 retval_LoadStringA_32802_32>"}, {"name": "LoadStringA", "args": [4194304, 65491, "", 1024], "addr_func": "5243160", "addr": 4213585, "ret": "<BV32 retval_LoadStringA_32808_32>"}, {"name": "InitializeCriticalSection", "args": [4260912], "addr_func": "5242896", "addr": 4200730, "ret": "None"}, {"name": "LocalAlloc", "args": [0, 4088], "addr_func": "5242912", "addr": 4200791, "ret": 3221258256}, {"name": "VirtualAlloc", "args": [0, 1048576, 8192, 1], "addr_func": "5242904", "addr": 4199499, "ret": 3222798336}, {"name": "LocalAlloc", "args": [0, 1604], "addr_func": "5242912", "addr": 4199051, "ret": 3221262352}]}, "14": {"status": "ExcessLoop", "trace": [{"name": "main", "args": ["034746c0102d77408b3dbeeb233c9743"], "addr": 4252464, "ret": "symbolic", "addr_func": 4252464}, {"name": "GetModuleHandleA", "args": [0], "addr_func": "5242956", "addr": 4217755, "ret": 4194304}, {"name": "GetModuleFileNameA", "args": [4194304, "PZM", 261], "addr_func": "5242960", "addr": 4217699, "ret": 3}, {"name": "GetModuleFileNameA", "args": [0, "034746c0102d77408b3dbeeb233c9743", 261], "addr_func": "5242960", "addr": 4212692, "ret": 32}, {"name": "RegOpenKeyExA", "args": [2147483649, "Software\\Borland\\Locales", 0, 983103, 2147417456], "addr_func": "5243108", "addr": 4212722, "ret": "<BV32 retval_RegOpenKeyExA_32767_32>"}, {"name": "GetModuleHandleA", "args": ["kernel32.dll"], "addr_func": "5242956", "addr": 4212266, "ret": 6295592}, {"name": "GetProcAddress", "args": [6295592, "GetLongPathNameA"], "addr_func": "5242952", "addr": 4212283, "ret": 6295596}, {"name": "GetLongPathNameA", "args": ["034746c0102d77408b3dbeeb233c9743", "", 261], "addr_func": "6295596", "addr": 4212313, "ret": "<BV32 retval_GetLongPathNameA_32770_32>"}, {"name": "lstrcpyA", "args": ["", ""], "addr_func": "5242936", "addr": 4212331, "ret": 2147417179}, {"name": "RegQueryValueExA", "args": [4217704, "", 0, 0, 2147417446, 2147417440], "addr_func": "5243104", "addr": 4212810, "ret": "<BV32 retval_RegQueryValueExA_32773_32>"}, {"name": "RegQueryValueExA", "args": [4217704, "", 0, 0, 2147417446, 2147417440], "addr_func": "5243104", "addr": 4212840, "ret": "<BV32 retval_RegQueryValueExA_32774_32>"}, {"name": "RegCloseKey", "args": [4217704], "addr_func": "5243112", "addr": 4212862, "ret": "<BV32 retval_RegCloseKey_32777_32>"}, {"name": "lstrcpyA", "args": ["PZM", "PZM"], "addr_func": "5242936", "addr": 4212886, "ret": 2147417179}, {"name": "GetThreadLocale", "args": [], "addr_func": "5242944", "addr": 4212899, "ret": 0}, {"name": "GetLocaleInfoA", "args": ["retval_GetThreadLocale_32782_32", 3, "", 5], "addr_func": "5242964", "addr": 4212905, "ret": "<BV32 retval_GetLocaleInfoA_32785_32>"}, {"name": "GetKeyboardType", "args": [0], "addr_func": "5243156", "addr": 4204949, "ret": 4}, {"name": "GetCommandLineA", "args": [], "addr_func": "5242972", "addr": 4217428, "ret": 0}, {"name": "GetStartupInfoA", "args": [2147417620], "addr_func": "5242948", "addr": 4198942, "ret": "None"}, {"name": "GetCurrentThreadId", "args": [], "addr_func": "5242880", "addr": 4217448, "ret": 0}, {"name": "LoadStringA", "args": [4194304, 65493, "", 1024], "addr_func": "5243160", "addr": 4213585, "ret": "<BV32 retval_LoadStringA_32791_32>"}, {"name": "LoadStringA", "args": [4194304, 65492, "", 1024], "addr_func": "5243160", "addr": 4213585, "ret": "<BV32 retval_LoadStringA_32797_32>"}, {"name": "LoadStringA", "args": [4194304, 65490, "", 1024], "addr_func": "5243160", "addr": 4213585, "ret": "<BV32 retval_LoadStringA_32802_32>"}, {"name": "LoadStringA", "args": [4194304, 65491, "", 1024], "addr_func": "5243160", "addr": 4213585, "ret": "<BV32 retval_LoadStringA_32809_32>"}, {"name": "InitializeCriticalSection", "args": [4260912], "addr_func": "5242896", "addr": 4200730, "ret": "None"}, {"name": "LocalAlloc", "args": [0, 4088], "addr_func": "5242912", "addr": 4200791, "ret": 3221258256}, {"name": "VirtualAlloc", "args": [0, 1048576, 8192, 1], "addr_func": "5242904", "addr": 4199499, "ret": 3222798336}, {"name": "LocalAlloc", "args": [0, 1604], "addr_func": "5242912", "addr": 4199051, "ret": 3221262352}]}, "15": {"status": "ExcessLoop", "trace": [{"name": "main", "args": ["034746c0102d77408b3dbeeb233c9743"], "addr": 4252464, "ret": "symbolic", "addr_func": 4252464}, {"name": "GetModuleHandleA", "args": [0], "addr_func": "5242956", "addr": 4217755, "ret": 4194304}, {"name": "GetModuleFileNameA", "args": [4194304, "PZM", 261], "addr_func": "5242960", "addr": 4217699, "ret": 3}, {"name": "GetModuleFileNameA", "args": [0, "034746c0102d77408b3dbeeb233c9743", 261], "addr_func": "5242960", "addr": 4212692, "ret": 32}, {"name": "RegOpenKeyExA", "args": [2147483649, "Software\\Borland\\Locales", 0, 983103, 2147417456], "addr_func": "5243108", "addr": 4212722, "ret": "<BV32 retval_RegOpenKeyExA_32767_32>"}, {"name": "GetModuleHandleA", "args": ["kernel32.dll"], "addr_func": "5242956", "addr": 4212266, "ret": 6295592}, {"name": "GetProcAddress", "args": [6295592, "GetLongPathNameA"], "addr_func": "5242952", "addr": 4212283, "ret": 6295596}, {"name": "GetLongPathNameA", "args": ["034746c0102d77408b3dbeeb233c9743", "", 261], "addr_func": "6295596", "addr": 4212313, "ret": "<BV32 retval_GetLongPathNameA_32770_32>"}, {"name": "lstrcpyA", "args": ["", ""], "addr_func": "5242936", "addr": 4212331, "ret": 2147417179}, {"name": "RegQueryValueExA", "args": [4217704, "", 0, 0, 2147417446, 2147417440], "addr_func": "5243104", "addr": 4212810, "ret": "<BV32 retval_RegQueryValueExA_32773_32>"}, {"name": "RegQueryValueExA", "args": [4217704, "", 0, 0, 2147417446, 2147417440], "addr_func": "5243104", "addr": 4212840, "ret": "<BV32 retval_RegQueryValueExA_32774_32>"}, {"name": "RegCloseKey", "args": [4217704], "addr_func": "5243112", "addr": 4212862, "ret": "<BV32 retval_RegCloseKey_32777_32>"}, {"name": "lstrcpyA", "args": ["PZM", "PZM"], "addr_func": "5242936", "addr": 4212886, "ret": 2147417179}, {"name": "GetThreadLocale", "args": [], "addr_func": "5242944", "addr": 4212899, "ret": 0}, {"name": "GetLocaleInfoA", "args": ["retval_GetThreadLocale_32782_32", 3, "", 5], "addr_func": "5242964", "addr": 4212905, "ret": "<BV32 retval_GetLocaleInfoA_32785_32>"}, {"name": "GetKeyboardType", "args": [0], "addr_func": "5243156", "addr": 4204949, "ret": 4}, {"name": "GetCommandLineA", "args": [], "addr_func": "5242972", "addr": 4217428, "ret": 0}, {"name": "GetStartupInfoA", "args": [2147417620], "addr_func": "5242948", "addr": 4198942, "ret": "None"}, {"name": "GetCurrentThreadId", "args": [], "addr_func": "5242880", "addr": 4217448, "ret": 0}, {"name": "LoadStringA", "args": [4194304, 65493, "", 1024], "addr_func": "5243160", "addr": 4213585, "ret": "<BV32 retval_LoadStringA_32791_32>"}, {"name": "LoadStringA", "args": [4194304, 65492, "", 1024], "addr_func": "5243160", "addr": 4213585, "ret": "<BV32 retval_LoadStringA_32797_32>"}, {"name": "LoadStringA", "args": [4194304, 65490, "", 1024], "addr_func": "5243160", "addr": 4213585, "ret": "<BV32 retval_LoadStringA_32802_32>"}, {"name": "LoadStringA", "args": [4194304, 65491, "", 1024], "addr_func": "5243160", "addr": 4213585, "ret": "<BV32 retval_LoadStringA_32809_32>"}, {"name": "InitializeCriticalSection", "args": [4260912], "addr_func": "5242896", "addr": 4200730, "ret": "None"}, {"name": "LocalAlloc", "args": [0, 4088], "addr_func": "5242912", "addr": 4200791, "ret": 3221258256}, {"name": "VirtualAlloc", "args": [0, 1048576, 8192, 1], "addr_func": "5242904", "addr": 4199499, "ret": 3222798336}, {"name": "LocalAlloc", "args": [0, 1604], "addr_func": "5242912", "addr": 4199051, "ret": 3221262352}, {"name": "VirtualAlloc", "args": [3222798336, "retval_LoadStringA_32809_32", 4096, 4], "addr_func": "5242904", "addr": 4199965, "ret": 3222798336}]}, "sections": {"UPX0": {"vaddr": 4198400, "memsize": 368640, "is_readable": true, "is_writable": true, "is_executable": true}, "UPX1": {"vaddr": 4567040, "memsize": 143360, "is_readable": true, "is_writable": true, "is_executable": true}, ".rsrc": {"vaddr": 4710400, "memsize": 4096, "is_readable": true, "is_writable": true, "is_executable": false}, ".imports": {"vaddr": 4714496, "memsize": 4096, "is_readable": true, "is_writable": true, "is_executable": false}}}