{"0": {"status": "active", "trace": [{"name": "main", "args": ["a0257c7bbb23d07c6990734df9153369"], "addr": 4304852, "ret": "symbolic", "addr_func": 4304852}, {"name": "GetModuleHandleA", "args": [0], "addr_func": "5242892", "addr": 4221640, "ret": 4194304}, {"name": "GetKeyboardType", "args": [0], "addr_func": "5243256", "addr": 4208833, "ret": 4}, {"name": "GetCommandLineA", "args": [], "addr_func": "5242988", "addr": 4221400, "ret": 0}, {"name": "GetStartupInfoA", "args": [2147417628], "addr_func": "5242968", "addr": 4199222, "ret": "None"}, {"name": "GetCurrentThreadId", "args": [], "addr_func": "5242928", "addr": 4221420, "ret": 0}, {"name": "GetModuleFileNameA", "args": [4194304, "PZM", 261], "addr_func": "5242976", "addr": 4218442, "ret": 3}, {"name": "GetModuleFileNameA", "args": [0, "a0257c7bbb23d07c6990734df9153369", 261], "addr_func": "5242976", "addr": 4219012, "ret": 32}, {"name": "RegOpenKeyExA", "args": [2147483649, "Software\\Borland\\Locales", 0, 983065, 2147416328], "addr_func": "5243160", "addr": 4219042, "ret": "<BV32 retval_RegOpenKeyExA_32767_32>"}, {"name": "RegOpenKeyExA", "args": [2147483650, "Software\\Borland\\Locales", 0, 983065, 2147416328], "addr_func": "5243160", "addr": 4219072, "ret": "<BV32 retval_RegOpenKeyExA_32768_32>"}, {"name": "GetModuleHandleA", "args": ["kernel32.dll"], "addr_func": "5242892", "addr": 4218573, "ret": 6295592}, {"name": "GetProcAddress", "args": [6295592, "GetLongPathNameA"], "addr_func": "5242972", "addr": 4218590, "ret": 6295596}, {"name": "GetLongPathNameA", "args": ["a0257c7bbb23d07c6990734df9153369", "", 261], "addr_func": "6295596", "addr": 4218617, "ret": "<BV32 retval_GetLongPathNameA_32772_32>"}, {"name": "lstrcpynA", "args": ["", "", 261], "addr_func": "5242956", "addr": 4218638, "ret": 2147416051}, {"name": "RegQueryValueExA", "args": [4218447, "", 0, 0, 2147416318, 2147416312], "addr_func": "5243156", "addr": 4219175, "ret": "<BV32 retval_RegQueryValueExA_32776_32>"}, {"name": "RegCloseKey", "args": [4218447], "addr_func": "5243164", "addr": 4219239, "ret": "<BV32 retval_RegCloseKey_32780_32>"}, {"name": "lstrcpynA", "args": ["PZM", "PZM", 261], "addr_func": "5242956", "addr": 4219268, "ret": 2147416051}, {"name": "GetThreadLocale", "args": [], "addr_func": "5242964", "addr": 4219281, "ret": 0}, {"name": "GetLocaleInfoA", "args": ["retval_GetThreadLocale_32789_32", 3, "", 5], "addr_func": "5242980", "addr": 4219287, "ret": "<BV32 retval_GetLocaleInfoA_32792_32>"}, {"name": "LoadStringA", "args": [4194304, 65494, "", 1024], "addr_func": "5243244", "addr": 4221193, "ret": "<BV32 retval_LoadStringA_32800_32>"}, {"name": "LoadStringA", "args": [4194304, 65493, "", 1024], "addr_func": "5243244", "addr": 4221193, "ret": "<BV32 retval_LoadStringA_32806_32>"}, {"name": "LoadStringA", "args": [4194304, 65491, "", 1024], "addr_func": "5243244", "addr": 4221193, "ret": "<BV32 retval_LoadStringA_32809_32>"}, {"name": "LoadStringA", "args": [4194304, 65492, "", 1024], "addr_func": "5243244", "addr": 4221193, "ret": "<BV32 retval_LoadStringA_32813_32>"}, {"name": "InitializeCriticalSection", "args": [4314560], "addr_func": "5242912", "addr": 4201010, "ret": "None"}, {"name": "LocalAlloc", "args": [0, 4088], "addr_func": "5242888", "addr": 4201071, "ret": 3221258256}]}, "1": {"status": "active", "trace": [{"name": "main", "args": ["a0257c7bbb23d07c6990734df9153369"], "addr": 4304852, "ret": "symbolic", "addr_func": 4304852}, {"name": "GetModuleHandleA", "args": [0], "addr_func": "5242892", "addr": 4221640, "ret": 4194304}, {"name": "GetKeyboardType", "args": [0], "addr_func": "5243256", "addr": 4208833, "ret": 4}, {"name": "GetCommandLineA", "args": [], "addr_func": "5242988", "addr": 4221400, "ret": 0}, {"name": "GetStartupInfoA", "args": [2147417628], "addr_func": "5242968", "addr": 4199222, "ret": "None"}, {"name": "GetCurrentThreadId", "args": [], "addr_func": "5242928", "addr": 4221420, "ret": 0}, {"name": "GetModuleFileNameA", "args": [4194304, "PZM", 261], "addr_func": "5242976", "addr": 4218442, "ret": 3}, {"name": "GetModuleFileNameA", "args": [0, "a0257c7bbb23d07c6990734df9153369", 261], "addr_func": "5242976", "addr": 4219012, "ret": 32}, {"name": "RegOpenKeyExA", "args": [2147483649, "Software\\Borland\\Locales", 0, 983065, 2147416328], "addr_func": "5243160", "addr": 4219042, "ret": "<BV32 retval_RegOpenKeyExA_32767_32>"}, {"name": "RegOpenKeyExA", "args": [2147483650, "Software\\Borland\\Locales", 0, 983065, 2147416328], "addr_func": "5243160", "addr": 4219072, "ret": "<BV32 retval_RegOpenKeyExA_32768_32>"}, {"name": "GetModuleHandleA", "args": ["kernel32.dll"], "addr_func": "5242892", "addr": 4218573, "ret": 6295592}, {"name": "GetProcAddress", "args": [6295592, "GetLongPathNameA"], "addr_func": "5242972", "addr": 4218590, "ret": 6295596}, {"name": "GetLongPathNameA", "args": ["a0257c7bbb23d07c6990734df9153369", "", 261], "addr_func": "6295596", "addr": 4218617, "ret": "<BV32 retval_GetLongPathNameA_32772_32>"}, {"name": "lstrcpynA", "args": ["", "", 261], "addr_func": "5242956", "addr": 4218638, "ret": 2147416051}, {"name": "RegQueryValueExA", "args": [4218447, "", 0, 0, 2147416318, 2147416312], "addr_func": "5243156", "addr": 4219175, "ret": "<BV32 retval_RegQueryValueExA_32776_32>"}, {"name": "RegCloseKey", "args": [4218447], "addr_func": "5243164", "addr": 4219239, "ret": "<BV32 retval_RegCloseKey_32780_32>"}, {"name": "lstrcpynA", "args": ["PZM", "PZM", 261], "addr_func": "5242956", "addr": 4219268, "ret": 2147416051}, {"name": "GetThreadLocale", "args": [], "addr_func": "5242964", "addr": 4219281, "ret": 0}, {"name": "GetLocaleInfoA", "args": ["retval_GetThreadLocale_32789_32", 3, "", 5], "addr_func": "5242980", "addr": 4219287, "ret": "<BV32 retval_GetLocaleInfoA_32792_32>"}, {"name": "LoadStringA", "args": [4194304, 65494, "", 1024], "addr_func": "5243244", "addr": 4221193, "ret": "<BV32 retval_LoadStringA_32800_32>"}, {"name": "LoadStringA", "args": [4194304, 65493, "", 1024], "addr_func": "5243244", "addr": 4221193, "ret": "<BV32 retval_LoadStringA_32806_32>"}, {"name": "LoadStringA", "args": [4194304, 65491, "", 1024], "addr_func": "5243244", "addr": 4221193, "ret": "<BV32 retval_LoadStringA_32809_32>"}, {"name": "LoadStringA", "args": [4194304, 65492, "", 1024], "addr_func": "5243244", "addr": 4221193, "ret": "<BV32 retval_LoadStringA_32814_32>"}, {"name": "InitializeCriticalSection", "args": [4314560], "addr_func": "5242912", "addr": 4201010, "ret": "None"}, {"name": "LocalAlloc", "args": [0, 4088], "addr_func": "5242888", "addr": 4201071, "ret": 3221258256}, {"name": "VirtualAlloc", "args": [0, 1048576, 8192, 1], "addr_func": "5242920", "addr": 4199779, "ret": 3222798336}, {"name": "LocalAlloc", "args": [0, 1604], "addr_func": "5242888", "addr": 4199331, "ret": 3221262352}, {"name": "VirtualAlloc", "args": [3222798336, "retval_LoadStringA_32814_32", 4096, 4], "addr_func": "5242920", "addr": 4200245, "ret": 3222798336}]}, "2": {"status": "active", "trace": [{"name": "main", "args": ["a0257c7bbb23d07c6990734df9153369"], "addr": 4304852, "ret": "symbolic", "addr_func": 4304852}, {"name": "GetModuleHandleA", "args": [0], "addr_func": "5242892", "addr": 4221640, "ret": 4194304}, {"name": "GetKeyboardType", "args": [0], "addr_func": "5243256", "addr": 4208833, "ret": 4}, {"name": "GetCommandLineA", "args": [], "addr_func": "5242988", "addr": 4221400, "ret": 0}, {"name": "GetStartupInfoA", "args": [2147417628], "addr_func": "5242968", "addr": 4199222, "ret": "None"}, {"name": "GetCurrentThreadId", "args": [], "addr_func": "5242928", "addr": 4221420, "ret": 0}, {"name": "GetModuleFileNameA", "args": [4194304, "PZM", 261], "addr_func": "5242976", "addr": 4218442, "ret": 3}, {"name": "GetModuleFileNameA", "args": [0, "a0257c7bbb23d07c6990734df9153369", 261], "addr_func": "5242976", "addr": 4219012, "ret": 32}, {"name": "RegOpenKeyExA", "args": [2147483649, "Software\\Borland\\Locales", 0, 983065, 2147416328], "addr_func": "5243160", "addr": 4219042, "ret": "<BV32 retval_RegOpenKeyExA_32767_32>"}, {"name": "RegOpenKeyExA", "args": [2147483650, "Software\\Borland\\Locales", 0, 983065, 2147416328], "addr_func": "5243160", "addr": 4219072, "ret": "<BV32 retval_RegOpenKeyExA_32768_32>"}, {"name": "GetModuleHandleA", "args": ["kernel32.dll"], "addr_func": "5242892", "addr": 4218573, "ret": 6295592}, {"name": "GetProcAddress", "args": [6295592, "GetLongPathNameA"], "addr_func": "5242972", "addr": 4218590, "ret": 6295596}, {"name": "GetLongPathNameA", "args": ["a0257c7bbb23d07c6990734df9153369", "", 261], "addr_func": "6295596", "addr": 4218617, "ret": "<BV32 retval_GetLongPathNameA_32772_32>"}, {"name": "lstrcpynA", "args": ["", "", 261], "addr_func": "5242956", "addr": 4218638, "ret": 2147416051}, {"name": "RegQueryValueExA", "args": [4218447, "", 0, 0, 2147416318, 2147416312], "addr_func": "5243156", "addr": 4219175, "ret": "<BV32 retval_RegQueryValueExA_32776_32>"}, {"name": "RegCloseKey", "args": [4218447], "addr_func": "5243164", "addr": 4219239, "ret": "<BV32 retval_RegCloseKey_32780_32>"}, {"name": "lstrcpynA", "args": ["PZM", "PZM", 261], "addr_func": "5242956", "addr": 4219268, "ret": 2147416051}, {"name": "GetThreadLocale", "args": [], "addr_func": "5242964", "addr": 4219281, "ret": 0}, {"name": "GetLocaleInfoA", "args": ["retval_GetThreadLocale_32789_32", 3, "", 5], "addr_func": "5242980", "addr": 4219287, "ret": "<BV32 retval_GetLocaleInfoA_32792_32>"}, {"name": "LoadStringA", "args": [4194304, 65494, "", 1024], "addr_func": "5243244", "addr": 4221193, "ret": "<BV32 retval_LoadStringA_32800_32>"}, {"name": "LoadStringA", "args": [4194304, 65493, "", 1024], "addr_func": "5243244", "addr": 4221193, "ret": "<BV32 retval_LoadStringA_32806_32>"}, {"name": "LoadStringA", "args": [4194304, 65491, "", 1024], "addr_func": "5243244", "addr": 4221193, "ret": "<BV32 retval_LoadStringA_32809_32>"}, {"name": "LoadStringA", "args": [4194304, 65492, "", 1024], "addr_func": "5243244", "addr": 4221193, "ret": "<BV32 retval_LoadStringA_32814_32>"}, {"name": "InitializeCriticalSection", "args": [4314560], "addr_func": "5242912", "addr": 4201010, "ret": "None"}, {"name": "LocalAlloc", "args": [0, 4088], "addr_func": "5242888", "addr": 4201071, "ret": 3221258256}, {"name": "VirtualAlloc", "args": [0, "retval_LoadStringA_32814_32", 8192, 1], "addr_func": "5242920", "addr": 4199779, "ret": 3221762048}, {"name": "LocalAlloc", "args": [0, 1604], "addr_func": "5242888", "addr": 4199331, "ret": 3221262352}]}, "3": {"status": "active", "trace": [{"name": "main", "args": ["a0257c7bbb23d07c6990734df9153369"], "addr": 4304852, "ret": "symbolic", "addr_func": 4304852}, {"name": "GetModuleHandleA", "args": [0], "addr_func": "5242892", "addr": 4221640, "ret": 4194304}, {"name": "GetKeyboardType", "args": [0], "addr_func": "5243256", "addr": 4208833, "ret": 4}, {"name": "GetCommandLineA", "args": [], "addr_func": "5242988", "addr": 4221400, "ret": 0}, {"name": "GetStartupInfoA", "args": [2147417628], "addr_func": "5242968", "addr": 4199222, "ret": "None"}, {"name": "GetCurrentThreadId", "args": [], "addr_func": "5242928", "addr": 4221420, "ret": 0}, {"name": "GetModuleFileNameA", "args": [4194304, "PZM", 261], "addr_func": "5242976", "addr": 4218442, "ret": 3}, {"name": "GetModuleFileNameA", "args": [0, "a0257c7bbb23d07c6990734df9153369", 261], "addr_func": "5242976", "addr": 4219012, "ret": 32}, {"name": "RegOpenKeyExA", "args": [2147483649, "Software\\Borland\\Locales", 0, 983065, 2147416328], "addr_func": "5243160", "addr": 4219042, "ret": "<BV32 retval_RegOpenKeyExA_32767_32>"}, {"name": "RegOpenKeyExA", "args": [2147483650, "Software\\Borland\\Locales", 0, 983065, 2147416328], "addr_func": "5243160", "addr": 4219072, "ret": "<BV32 retval_RegOpenKeyExA_32768_32>"}, {"name": "GetModuleHandleA", "args": ["kernel32.dll"], "addr_func": "5242892", "addr": 4218573, "ret": 6295592}, {"name": "GetProcAddress", "args": [6295592, "GetLongPathNameA"], "addr_func": "5242972", "addr": 4218590, "ret": 6295596}, {"name": "GetLongPathNameA", "args": ["a0257c7bbb23d07c6990734df9153369", "", 261], "addr_func": "6295596", "addr": 4218617, "ret": "<BV32 retval_GetLongPathNameA_32772_32>"}, {"name": "lstrcpynA", "args": ["", "", 261], "addr_func": "5242956", "addr": 4218638, "ret": 2147416051}, {"name": "RegQueryValueExA", "args": [4218447, "", 0, 0, 2147416318, 2147416312], "addr_func": "5243156", "addr": 4219175, "ret": "<BV32 retval_RegQueryValueExA_32776_32>"}, {"name": "RegCloseKey", "args": [4218447], "addr_func": "5243164", "addr": 4219239, "ret": "<BV32 retval_RegCloseKey_32780_32>"}, {"name": "lstrcpynA", "args": ["PZM", "PZM", 261], "addr_func": "5242956", "addr": 4219268, "ret": 2147416051}, {"name": "GetThreadLocale", "args": [], "addr_func": "5242964", "addr": 4219281, "ret": 0}, {"name": "GetLocaleInfoA", "args": ["retval_GetThreadLocale_32789_32", 3, "", 5], "addr_func": "5242980", "addr": 4219287, "ret": "<BV32 retval_GetLocaleInfoA_32792_32>"}, {"name": "LoadStringA", "args": [4194304, 65494, "", 1024], "addr_func": "5243244", "addr": 4221193, "ret": "<BV32 retval_LoadStringA_32800_32>"}, {"name": "LoadStringA", "args": [4194304, 65493, "", 1024], "addr_func": "5243244", "addr": 4221193, "ret": "<BV32 retval_LoadStringA_32806_32>"}, {"name": "LoadStringA", "args": [4194304, 65491, "", 1024], "addr_func": "5243244", "addr": 4221193, "ret": "<BV32 retval_LoadStringA_32809_32>"}, {"name": "LoadStringA", "args": [4194304, 65492, "", 1024], "addr_func": "5243244", "addr": 4221193, "ret": "<BV32 retval_LoadStringA_32814_32>"}, {"name": "InitializeCriticalSection", "args": [4314560], "addr_func": "5242912", "addr": 4201010, "ret": "None"}, {"name": "LocalAlloc", "args": [0, 4088], "addr_func": "5242888", "addr": 4201071, "ret": 3221258256}, {"name": "VirtualAlloc", "args": [0, "retval_LoadStringA_32814_32", 8192, 1], "addr_func": "5242920", "addr": 4199779, "ret": 3221762048}, {"name": "LocalAlloc", "args": [0, 1604], "addr_func": "5242888", "addr": 4199331, "ret": 3221262352}, {"name": "VirtualAlloc", "args": [3221762048, "retval_LoadStringA_32814_32", 4096, 4], "addr_func": "5242920", "addr": 4200245, "ret": 3221762048}]}, "4": {"status": "active", "trace": [{"name": "main", "args": ["a0257c7bbb23d07c6990734df9153369"], "addr": 4304852, "ret": "symbolic", "addr_func": 4304852}, {"name": "GetModuleHandleA", "args": [0], "addr_func": "5242892", "addr": 4221640, "ret": 4194304}, {"name": "GetKeyboardType", "args": [0], "addr_func": "5243256", "addr": 4208833, "ret": 4}, {"name": "GetCommandLineA", "args": [], "addr_func": "5242988", "addr": 4221400, "ret": 0}, {"name": "GetStartupInfoA", "args": [2147417628], "addr_func": "5242968", "addr": 4199222, "ret": "None"}, {"name": "GetCurrentThreadId", "args": [], "addr_func": "5242928", "addr": 4221420, "ret": 0}, {"name": "GetModuleFileNameA", "args": [4194304, "PZM", 261], "addr_func": "5242976", "addr": 4218442, "ret": 3}, {"name": "GetModuleFileNameA", "args": [0, "a0257c7bbb23d07c6990734df9153369", 261], "addr_func": "5242976", "addr": 4219012, "ret": 32}, {"name": "RegOpenKeyExA", "args": [2147483649, "Software\\Borland\\Locales", 0, 983065, 2147416328], "addr_func": "5243160", "addr": 4219042, "ret": "<BV32 retval_RegOpenKeyExA_32767_32>"}, {"name": "RegOpenKeyExA", "args": [2147483650, "Software\\Borland\\Locales", 0, 983065, 2147416328], "addr_func": "5243160", "addr": 4219072, "ret": "<BV32 retval_RegOpenKeyExA_32768_32>"}, {"name": "GetModuleHandleA", "args": ["kernel32.dll"], "addr_func": "5242892", "addr": 4218573, "ret": 6295592}, {"name": "GetProcAddress", "args": [6295592, "GetLongPathNameA"], "addr_func": "5242972", "addr": 4218590, "ret": 6295596}, {"name": "GetLongPathNameA", "args": ["a0257c7bbb23d07c6990734df9153369", "", 261], "addr_func": "6295596", "addr": 4218617, "ret": "<BV32 retval_GetLongPathNameA_32772_32>"}, {"name": "lstrcpynA", "args": ["", "", 261], "addr_func": "5242956", "addr": 4218638, "ret": 2147416051}, {"name": "RegQueryValueExA", "args": [4218447, "", 0, 0, 2147416318, 2147416312], "addr_func": "5243156", "addr": 4219175, "ret": "<BV32 retval_RegQueryValueExA_32776_32>"}, {"name": "RegCloseKey", "args": [4218447], "addr_func": "5243164", "addr": 4219239, "ret": "<BV32 retval_RegCloseKey_32780_32>"}, {"name": "lstrcpynA", "args": ["PZM", "PZM", 261], "addr_func": "5242956", "addr": 4219268, "ret": 2147416051}, {"name": "GetThreadLocale", "args": [], "addr_func": "5242964", "addr": 4219281, "ret": 0}, {"name": "GetLocaleInfoA", "args": ["retval_GetThreadLocale_32789_32", 3, "", 5], "addr_func": "5242980", "addr": 4219287, "ret": "<BV32 retval_GetLocaleInfoA_32792_32>"}, {"name": "LoadStringA", "args": [4194304, 65494, "", 1024], "addr_func": "5243244", "addr": 4221193, "ret": "<BV32 retval_LoadStringA_32800_32>"}, {"name": "LoadStringA", "args": [4194304, 65493, "", 1024], "addr_func": "5243244", "addr": 4221193, "ret": "<BV32 retval_LoadStringA_32806_32>"}, {"name": "LoadStringA", "args": [4194304, 65491, "", 1024], "addr_func": "5243244", "addr": 4221193, "ret": "<BV32 retval_LoadStringA_32809_32>"}, {"name": "LoadStringA", "args": [4194304, 65492, "", 1024], "addr_func": "5243244", "addr": 4221193, "ret": "<BV32 retval_LoadStringA_32813_32>"}, {"name": "InitializeCriticalSection", "args": [4314560], "addr_func": "5242912", "addr": 4201010, "ret": "None"}, {"name": "LocalAlloc", "args": [0, 4088], "addr_func": "5242888", "addr": 4201071, "ret": 3221258256}, {"name": "MessageBoxA", "args": [0, "Runtime error 203 at 004026E8", "Error", 0], "addr_func": "5243240", "addr": 4212392, "ret": 1}]}, "5": {"status": "ExcessLoop", "trace": [{"name": "main", "args": ["a0257c7bbb23d07c6990734df9153369"], "addr": 4304852, "ret": "symbolic", "addr_func": 4304852}, {"name": "GetModuleHandleA", "args": [0], "addr_func": "5242892", "addr": 4221640, "ret": 4194304}, {"name": "GetKeyboardType", "args": [0], "addr_func": "5243256", "addr": 4208833, "ret": 4}, {"name": "GetCommandLineA", "args": [], "addr_func": "5242988", "addr": 4221400, "ret": 0}, {"name": "GetStartupInfoA", "args": [2147417628], "addr_func": "5242968", "addr": 4199222, "ret": "None"}, {"name": "GetCurrentThreadId", "args": [], "addr_func": "5242928", "addr": 4221420, "ret": 0}, {"name": "GetModuleFileNameA", "args": [4194304, "PZM", 261], "addr_func": "5242976", "addr": 4218442, "ret": 3}, {"name": "GetModuleFileNameA", "args": [0, "a0257c7bbb23d07c6990734df9153369", 261], "addr_func": "5242976", "addr": 4219012, "ret": 32}, {"name": "RegOpenKeyExA", "args": [2147483649, "Software\\Borland\\Locales", 0, 983065, 2147416328], "addr_func": "5243160", "addr": 4219042, "ret": "<BV32 retval_RegOpenKeyExA_32767_32>"}, {"name": "RegOpenKeyExA", "args": [2147483650, "Software\\Borland\\Locales", 0, 983065, 2147416328], "addr_func": "5243160", "addr": 4219072, "ret": "<BV32 retval_RegOpenKeyExA_32768_32>"}, {"name": "GetModuleHandleA", "args": ["kernel32.dll"], "addr_func": "5242892", "addr": 4218573, "ret": 6295592}, {"name": "GetProcAddress", "args": [6295592, "GetLongPathNameA"], "addr_func": "5242972", "addr": 4218590, "ret": 6295596}, {"name": "GetLongPathNameA", "args": ["a0257c7bbb23d07c6990734df9153369", "", 261], "addr_func": "6295596", "addr": 4218617, "ret": "<BV32 retval_GetLongPathNameA_32772_32>"}, {"name": "lstrcpynA", "args": ["", "", 261], "addr_func": "5242956", "addr": 4218638, "ret": 2147416051}, {"name": "RegQueryValueExA", "args": [4218447, "", 0, 0, 2147416318, 2147416312], "addr_func": "5243156", "addr": 4219175, "ret": "<BV32 retval_RegQueryValueExA_32776_32>"}, {"name": "RegCloseKey", "args": [4218447], "addr_func": "5243164", "addr": 4219239, "ret": "<BV32 retval_RegCloseKey_32780_32>"}, {"name": "lstrcpynA", "args": ["PZM", "PZM", 261], "addr_func": "5242956", "addr": 4219268, "ret": 2147416051}, {"name": "GetThreadLocale", "args": [], "addr_func": "5242964", "addr": 4219281, "ret": 0}, {"name": "GetLocaleInfoA", "args": ["retval_GetThreadLocale_32789_32", 3, "", 5], "addr_func": "5242980", "addr": 4219287, "ret": "<BV32 retval_GetLocaleInfoA_32792_32>"}, {"name": "LoadStringA", "args": [4194304, 65494, "", 1024], "addr_func": "5243244", "addr": 4221193, "ret": "<BV32 retval_LoadStringA_32800_32>"}, {"name": "LoadStringA", "args": [4194304, 65493, "", 1024], "addr_func": "5243244", "addr": 4221193, "ret": "<BV32 retval_LoadStringA_32806_32>"}, {"name": "LoadStringA", "args": [4194304, 65491, "", 1024], "addr_func": "5243244", "addr": 4221193, "ret": "<BV32 retval_LoadStringA_32809_32>"}, {"name": "LoadStringA", "args": [4194304, 65492, "", 1024], "addr_func": "5243244", "addr": 4221193, "ret": "<BV32 retval_LoadStringA_32813_32>"}]}, "6": {"status": "ExcessLoop", "trace": [{"name": "main", "args": ["a0257c7bbb23d07c6990734df9153369"], "addr": 4304852, "ret": "symbolic", "addr_func": 4304852}, {"name": "GetModuleHandleA", "args": [0], "addr_func": "5242892", "addr": 4221640, "ret": 4194304}, {"name": "GetKeyboardType", "args": [0], "addr_func": "5243256", "addr": 4208833, "ret": 4}, {"name": "GetCommandLineA", "args": [], "addr_func": "5242988", "addr": 4221400, "ret": 0}, {"name": "GetStartupInfoA", "args": [2147417628], "addr_func": "5242968", "addr": 4199222, "ret": "None"}, {"name": "GetCurrentThreadId", "args": [], "addr_func": "5242928", "addr": 4221420, "ret": 0}, {"name": "GetModuleFileNameA", "args": [4194304, "PZM", 261], "addr_func": "5242976", "addr": 4218442, "ret": 3}, {"name": "GetModuleFileNameA", "args": [0, "a0257c7bbb23d07c6990734df9153369", 261], "addr_func": "5242976", "addr": 4219012, "ret": 32}, {"name": "RegOpenKeyExA", "args": [2147483649, "Software\\Borland\\Locales", 0, 983065, 2147416328], "addr_func": "5243160", "addr": 4219042, "ret": "<BV32 retval_RegOpenKeyExA_32767_32>"}, {"name": "RegOpenKeyExA", "args": [2147483650, "Software\\Borland\\Locales", 0, 983065, 2147416328], "addr_func": "5243160", "addr": 4219072, "ret": "<BV32 retval_RegOpenKeyExA_32768_32>"}, {"name": "GetModuleHandleA", "args": ["kernel32.dll"], "addr_func": "5242892", "addr": 4218573, "ret": 6295592}, {"name": "GetProcAddress", "args": [6295592, "GetLongPathNameA"], "addr_func": "5242972", "addr": 4218590, "ret": 6295596}, {"name": "GetLongPathNameA", "args": ["a0257c7bbb23d07c6990734df9153369", "", 261], "addr_func": "6295596", "addr": 4218617, "ret": "<BV32 retval_GetLongPathNameA_32772_32>"}, {"name": "lstrcpynA", "args": ["", "", 261], "addr_func": "5242956", "addr": 4218638, "ret": 2147416051}, {"name": "RegQueryValueExA", "args": [4218447, "", 0, 0, 2147416318, 2147416312], "addr_func": "5243156", "addr": 4219175, "ret": "<BV32 retval_RegQueryValueExA_32776_32>"}, {"name": "RegCloseKey", "args": [4218447], "addr_func": "5243164", "addr": 4219239, "ret": "<BV32 retval_RegCloseKey_32780_32>"}, {"name": "lstrcpynA", "args": ["PZM", "PZM", 261], "addr_func": "5242956", "addr": 4219268, "ret": 2147416051}, {"name": "GetThreadLocale", "args": [], "addr_func": "5242964", "addr": 4219281, "ret": 0}, {"name": "GetLocaleInfoA", "args": ["retval_GetThreadLocale_32789_32", 3, "", 5], "addr_func": "5242980", "addr": 4219287, "ret": "<BV32 retval_GetLocaleInfoA_32792_32>"}, {"name": "LoadStringA", "args": [4194304, 65494, "", 1024], "addr_func": "5243244", "addr": 4221193, "ret": "<BV32 retval_LoadStringA_32800_32>"}, {"name": "LoadStringA", "args": [4194304, 65493, "", 1024], "addr_func": "5243244", "addr": 4221193, "ret": "<BV32 retval_LoadStringA_32806_32>"}, {"name": "LoadStringA", "args": [4194304, 65491, "", 1024], "addr_func": "5243244", "addr": 4221193, "ret": "<BV32 retval_LoadStringA_32809_32>"}, {"name": "LoadStringA", "args": [4194304, 65492, "", 1024], "addr_func": "5243244", "addr": 4221193, "ret": "<BV32 retval_LoadStringA_32814_32>"}]}, "7": {"status": "ExcessLoop", "trace": [{"name": "main", "args": ["a0257c7bbb23d07c6990734df9153369"], "addr": 4304852, "ret": "symbolic", "addr_func": 4304852}, {"name": "GetModuleHandleA", "args": [0], "addr_func": "5242892", "addr": 4221640, "ret": 4194304}, {"name": "GetKeyboardType", "args": [0], "addr_func": "5243256", "addr": 4208833, "ret": 4}, {"name": "GetCommandLineA", "args": [], "addr_func": "5242988", "addr": 4221400, "ret": 0}, {"name": "GetStartupInfoA", "args": [2147417628], "addr_func": "5242968", "addr": 4199222, "ret": "None"}, {"name": "GetCurrentThreadId", "args": [], "addr_func": "5242928", "addr": 4221420, "ret": 0}, {"name": "GetModuleFileNameA", "args": [4194304, "PZM", 261], "addr_func": "5242976", "addr": 4218442, "ret": 3}, {"name": "GetModuleFileNameA", "args": [0, "a0257c7bbb23d07c6990734df9153369", 261], "addr_func": "5242976", "addr": 4219012, "ret": 32}, {"name": "RegOpenKeyExA", "args": [2147483649, "Software\\Borland\\Locales", 0, 983065, 2147416328], "addr_func": "5243160", "addr": 4219042, "ret": "<BV32 retval_RegOpenKeyExA_32767_32>"}, {"name": "RegOpenKeyExA", "args": [2147483650, "Software\\Borland\\Locales", 0, 983065, 2147416328], "addr_func": "5243160", "addr": 4219072, "ret": "<BV32 retval_RegOpenKeyExA_32768_32>"}, {"name": "GetModuleHandleA", "args": ["kernel32.dll"], "addr_func": "5242892", "addr": 4218573, "ret": 6295592}, {"name": "GetProcAddress", "args": [6295592, "GetLongPathNameA"], "addr_func": "5242972", "addr": 4218590, "ret": 6295596}, {"name": "GetLongPathNameA", "args": ["a0257c7bbb23d07c6990734df9153369", "", 261], "addr_func": "6295596", "addr": 4218617, "ret": "<BV32 retval_GetLongPathNameA_32772_32>"}, {"name": "lstrcpynA", "args": ["", "", 261], "addr_func": "5242956", "addr": 4218638, "ret": 2147416051}, {"name": "RegQueryValueExA", "args": [4218447, "", 0, 0, 2147416318, 2147416312], "addr_func": "5243156", "addr": 4219175, "ret": "<BV32 retval_RegQueryValueExA_32776_32>"}, {"name": "RegCloseKey", "args": [4218447], "addr_func": "5243164", "addr": 4219239, "ret": "<BV32 retval_RegCloseKey_32780_32>"}, {"name": "lstrcpynA", "args": ["PZM", "PZM", 261], "addr_func": "5242956", "addr": 4219268, "ret": 2147416051}, {"name": "GetThreadLocale", "args": [], "addr_func": "5242964", "addr": 4219281, "ret": 0}, {"name": "GetLocaleInfoA", "args": ["retval_GetThreadLocale_32789_32", 3, "", 5], "addr_func": "5242980", "addr": 4219287, "ret": "<BV32 retval_GetLocaleInfoA_32792_32>"}, {"name": "LoadStringA", "args": [4194304, 65494, "", 1024], "addr_func": "5243244", "addr": 4221193, "ret": "<BV32 retval_LoadStringA_32800_32>"}, {"name": "LoadStringA", "args": [4194304, 65493, "", 1024], "addr_func": "5243244", "addr": 4221193, "ret": "<BV32 retval_LoadStringA_32806_32>"}, {"name": "LoadStringA", "args": [4194304, 65491, "", 1024], "addr_func": "5243244", "addr": 4221193, "ret": "<BV32 retval_LoadStringA_32810_32>"}, {"name": "LoadStringA", "args": [4194304, 65492, "", 1024], "addr_func": "5243244", "addr": 4221193, "ret": "<BV32 retval_LoadStringA_32815_32>"}]}, "8": {"status": "ExcessLoop", "trace": [{"name": "main", "args": ["a0257c7bbb23d07c6990734df9153369"], "addr": 4304852, "ret": "symbolic", "addr_func": 4304852}, {"name": "GetModuleHandleA", "args": [0], "addr_func": "5242892", "addr": 4221640, "ret": 4194304}, {"name": "GetKeyboardType", "args": [0], "addr_func": "5243256", "addr": 4208833, "ret": 4}, {"name": "GetCommandLineA", "args": [], "addr_func": "5242988", "addr": 4221400, "ret": 0}, {"name": "GetStartupInfoA", "args": [2147417628], "addr_func": "5242968", "addr": 4199222, "ret": "None"}, {"name": "GetCurrentThreadId", "args": [], "addr_func": "5242928", "addr": 4221420, "ret": 0}, {"name": "GetModuleFileNameA", "args": [4194304, "PZM", 261], "addr_func": "5242976", "addr": 4218442, "ret": 3}, {"name": "GetModuleFileNameA", "args": [0, "a0257c7bbb23d07c6990734df9153369", 261], "addr_func": "5242976", "addr": 4219012, "ret": 32}, {"name": "RegOpenKeyExA", "args": [2147483649, "Software\\Borland\\Locales", 0, 983065, 2147416328], "addr_func": "5243160", "addr": 4219042, "ret": "<BV32 retval_RegOpenKeyExA_32767_32>"}, {"name": "RegOpenKeyExA", "args": [2147483650, "Software\\Borland\\Locales", 0, 983065, 2147416328], "addr_func": "5243160", "addr": 4219072, "ret": "<BV32 retval_RegOpenKeyExA_32768_32>"}, {"name": "GetModuleHandleA", "args": ["kernel32.dll"], "addr_func": "5242892", "addr": 4218573, "ret": 6295592}, {"name": "GetProcAddress", "args": [6295592, "GetLongPathNameA"], "addr_func": "5242972", "addr": 4218590, "ret": 6295596}, {"name": "GetLongPathNameA", "args": ["a0257c7bbb23d07c6990734df9153369", "", 261], "addr_func": "6295596", "addr": 4218617, "ret": "<BV32 retval_GetLongPathNameA_32772_32>"}, {"name": "lstrcpynA", "args": ["", "", 261], "addr_func": "5242956", "addr": 4218638, "ret": 2147416051}, {"name": "RegQueryValueExA", "args": [4218447, "", 0, 0, 2147416318, 2147416312], "addr_func": "5243156", "addr": 4219175, "ret": "<BV32 retval_RegQueryValueExA_32776_32>"}, {"name": "RegCloseKey", "args": [4218447], "addr_func": "5243164", "addr": 4219239, "ret": "<BV32 retval_RegCloseKey_32780_32>"}, {"name": "lstrcpynA", "args": ["PZM", "PZM", 261], "addr_func": "5242956", "addr": 4219268, "ret": 2147416051}, {"name": "GetThreadLocale", "args": [], "addr_func": "5242964", "addr": 4219281, "ret": 0}, {"name": "GetLocaleInfoA", "args": ["retval_GetThreadLocale_32789_32", 3, "", 5], "addr_func": "5242980", "addr": 4219287, "ret": "<BV32 retval_GetLocaleInfoA_32792_32>"}, {"name": "LoadStringA", "args": [4194304, 65494, "", 1024], "addr_func": "5243244", "addr": 4221193, "ret": "<BV32 retval_LoadStringA_32800_32>"}, {"name": "LoadStringA", "args": [4194304, 65493, "", 1024], "addr_func": "5243244", "addr": 4221193, "ret": "<BV32 retval_LoadStringA_32806_32>"}, {"name": "LoadStringA", "args": [4194304, 65491, "", 1024], "addr_func": "5243244", "addr": 4221193, "ret": "<BV32 retval_LoadStringA_32810_32>"}, {"name": "LoadStringA", "args": [4194304, 65492, "", 1024], "addr_func": "5243244", "addr": 4221193, "ret": "<BV32 retval_LoadStringA_32816_32>"}]}, "9": {"status": "ExcessLoop", "trace": [{"name": "main", "args": ["a0257c7bbb23d07c6990734df9153369"], "addr": 4304852, "ret": "symbolic", "addr_func": 4304852}, {"name": "GetModuleHandleA", "args": [0], "addr_func": "5242892", "addr": 4221640, "ret": 4194304}, {"name": "GetKeyboardType", "args": [0], "addr_func": "5243256", "addr": 4208833, "ret": 4}, {"name": "GetCommandLineA", "args": [], "addr_func": "5242988", "addr": 4221400, "ret": 0}, {"name": "GetStartupInfoA", "args": [2147417628], "addr_func": "5242968", "addr": 4199222, "ret": "None"}, {"name": "GetCurrentThreadId", "args": [], "addr_func": "5242928", "addr": 4221420, "ret": 0}, {"name": "GetModuleFileNameA", "args": [4194304, "PZM", 261], "addr_func": "5242976", "addr": 4218442, "ret": 3}, {"name": "GetModuleFileNameA", "args": [0, "a0257c7bbb23d07c6990734df9153369", 261], "addr_func": "5242976", "addr": 4219012, "ret": 32}, {"name": "RegOpenKeyExA", "args": [2147483649, "Software\\Borland\\Locales", 0, 983065, 2147416328], "addr_func": "5243160", "addr": 4219042, "ret": "<BV32 retval_RegOpenKeyExA_32767_32>"}, {"name": "RegOpenKeyExA", "args": [2147483650, "Software\\Borland\\Locales", 0, 983065, 2147416328], "addr_func": "5243160", "addr": 4219072, "ret": "<BV32 retval_RegOpenKeyExA_32768_32>"}, {"name": "GetModuleHandleA", "args": ["kernel32.dll"], "addr_func": "5242892", "addr": 4218573, "ret": 6295592}, {"name": "GetProcAddress", "args": [6295592, "GetLongPathNameA"], "addr_func": "5242972", "addr": 4218590, "ret": 6295596}, {"name": "GetLongPathNameA", "args": ["a0257c7bbb23d07c6990734df9153369", "", 261], "addr_func": "6295596", "addr": 4218617, "ret": "<BV32 retval_GetLongPathNameA_32772_32>"}, {"name": "lstrcpynA", "args": ["a0", "a0257c7bbb23d07c6990734df9153369", 3], "addr_func": "5242956", "addr": 4218738, "ret": 2147415429}, {"name": "CharNextA", "args": ["57c7bbb23d07c6990734df9153369"], "addr_func": "5243252", "addr": 4218527, "ret": 2147416055}, {"name": "CharNextA", "args": ["7c7bbb23d07c6990734df9153369"], "addr_func": "5243252", "addr": 4218527, "ret": 2147416056}, {"name": "CharNextA", "args": ["c7bbb23d07c6990734df9153369"], "addr_func": "5243252", "addr": 4218527, "ret": 2147416057}, {"name": "CharNextA", "args": ["7bbb23d07c6990734df9153369"], "addr_func": "5243252", "addr": 4218527, "ret": 2147416058}, {"name": "CharNextA", "args": ["bbb23d07c6990734df9153369"], "addr_func": "5243252", "addr": 4218527, "ret": 2147416059}, {"name": "CharNextA", "args": ["bb23d07c6990734df9153369"], "addr_func": "5243252", "addr": 4218527, "ret": 2147416060}, {"name": "CharNextA", "args": ["b23d07c6990734df9153369"], "addr_func": "5243252", "addr": 4218527, "ret": 2147416061}, {"name": "CharNextA", "args": ["23d07c6990734df9153369"], "addr_func": "5243252", "addr": 4218527, "ret": 2147416062}, {"name": "CharNextA", "args": ["3d07c6990734df9153369"], "addr_func": "5243252", "addr": 4218527, "ret": 2147416063}, {"name": "CharNextA", "args": ["d07c6990734df9153369"], "addr_func": "5243252", "addr": 4218527, "ret": 2147416064}, {"name": "CharNextA", "args": ["07c6990734df9153369"], "addr_func": "5243252", "addr": 4218527, "ret": 2147416065}, {"name": "CharNextA", "args": ["7c6990734df9153369"], "addr_func": "5243252", "addr": 4218527, "ret": 2147416066}, {"name": "CharNextA", "args": ["c6990734df9153369"], "addr_func": "5243252", "addr": 4218527, "ret": 2147416067}, {"name": "CharNextA", "args": ["6990734df9153369"], "addr_func": "5243252", "addr": 4218527, "ret": 2147416068}, {"name": "CharNextA", "args": ["990734df9153369"], "addr_func": "5243252", "addr": 4218527, "ret": 2147416069}, {"name": "CharNextA", "args": ["90734df9153369"], "addr_func": "5243252", "addr": 4218527, "ret": 2147416070}, {"name": "CharNextA", "args": ["0734df9153369"], "addr_func": "5243252", "addr": 4218527, "ret": 2147416071}, {"name": "CharNextA", "args": ["734df9153369"], "addr_func": "5243252", "addr": 4218527, "ret": 2147416072}, {"name": "CharNextA", "args": ["34df9153369"], "addr_func": "5243252", "addr": 4218527, "ret": 2147416073}, {"name": "CharNextA", "args": ["4df9153369"], "addr_func": "5243252", "addr": 4218527, "ret": 2147416074}, {"name": "CharNextA", "args": ["df9153369"], "addr_func": "5243252", "addr": 4218527, "ret": 2147416075}, {"name": "CharNextA", "args": ["f9153369"], "addr_func": "5243252", "addr": 4218527, "ret": 2147416076}, {"name": "CharNextA", "args": ["9153369"], "addr_func": "5243252", "addr": 4218527, "ret": 2147416077}, {"name": "CharNextA", "args": ["153369"], "addr_func": "5243252", "addr": 4218527, "ret": 2147416078}, {"name": "CharNextA", "args": ["53369"], "addr_func": "5243252", "addr": 4218527, "ret": 2147416079}, {"name": "CharNextA", "args": ["3369"], "addr_func": "5243252", "addr": 4218527, "ret": 2147416080}, {"name": "CharNextA", "args": ["369"], "addr_func": "5243252", "addr": 4218527, "ret": 2147416081}, {"name": "CharNextA", "args": ["69"], "addr_func": "5243252", "addr": 4218527, "ret": 2147416082}, {"name": "CharNextA", "args": ["9"], "addr_func": "5243252", "addr": 4218527, "ret": 2147416083}, {"name": "lstrcpynA", "args": ["257c7bbb23d07c6990734df9153369", "257c7bbb23d07c6990734df9153369", 31], "addr_func": "5242956", "addr": 4218791, "ret": 2147415431}, {"name": "FindFirstFileA", "args": ["a0257c7bbb23d07c6990734df9153369", 2147415690], "addr_func": "5242996", "addr": 4218810, "ret": "<BV32 retval_FindFirstFileA_32817_32>"}, {"name": "FindClose", "args": ["retval_FindFirstFileA_32817_32"], "addr_func": "5243000", "addr": 4218823, "ret": "<BV32 retval_FindClose_32818_32>"}, {"name": "lstrlenA", "args": [""], "addr_func": "5242952", "addr": 4218835, "ret": 0}, {"name": "lstrcpynA", "args": ["", "", 258], "addr_func": "5242956", "addr": 4218887, "ret": 2147415432}, {"name": "lstrlenA", "args": [""], "addr_func": "5242952", "addr": 4218899, "ret": 0}, {"name": "lstrcpynA", "args": ["a0\\", "a0\\", 261], "addr_func": "5242956", "addr": 4218933, "ret": 2147416051}, {"name": "RegQueryValueExA", "args": [4218447, "a0\\", 0, 0, 2147416318, 2147416312], "addr_func": "5243156", "addr": 4219175, "ret": "<BV32 retval_RegQueryValueExA_32823_32>"}, {"name": "RegCloseKey", "args": [4218447], "addr_func": "5243164", "addr": 4219239, "ret": "<BV32 retval_RegCloseKey_32824_32>"}, {"name": "lstrcpynA", "args": ["PZM", "PZM", 261], "addr_func": "5242956", "addr": 4219268, "ret": 2147416051}, {"name": "GetThreadLocale", "args": [], "addr_func": "5242964", "addr": 4219281, "ret": 0}, {"name": "GetLocaleInfoA", "args": ["retval_GetThreadLocale_32827_32", 3, "", 5], "addr_func": "5242980", "addr": 4219287, "ret": "<BV32 retval_GetLocaleInfoA_32828_32>"}, {"name": "LoadStringA", "args": [4194304, 65494, "", 1024], "addr_func": "5243244", "addr": 4221193, "ret": "<BV32 retval_LoadStringA_32831_32>"}, {"name": "LoadStringA", "args": [4194304, 65493, "", 1024], "addr_func": "5243244", "addr": 4221193, "ret": "<BV32 retval_LoadStringA_32832_32>"}, {"name": "LoadStringA", "args": [4194304, 65491, "", 1024], "addr_func": "5243244", "addr": 4221193, "ret": "<BV32 retval_LoadStringA_32834_32>"}, {"name": "LoadStringA", "args": [4194304, 65492, "", 1024], "addr_func": "5243244", "addr": 4221193, "ret": "<BV32 retval_LoadStringA_32836_32>"}]}, "10": {"status": "ExcessLoop", "trace": [{"name": "main", "args": ["a0257c7bbb23d07c6990734df9153369"], "addr": 4304852, "ret": "symbolic", "addr_func": 4304852}, {"name": "GetModuleHandleA", "args": [0], "addr_func": "5242892", "addr": 4221640, "ret": 4194304}, {"name": "GetKeyboardType", "args": [0], "addr_func": "5243256", "addr": 4208833, "ret": 4}, {"name": "GetCommandLineA", "args": [], "addr_func": "5242988", "addr": 4221400, "ret": 0}, {"name": "GetStartupInfoA", "args": [2147417628], "addr_func": "5242968", "addr": 4199222, "ret": "None"}, {"name": "GetCurrentThreadId", "args": [], "addr_func": "5242928", "addr": 4221420, "ret": 0}, {"name": "GetModuleFileNameA", "args": [4194304, "PZM", 261], "addr_func": "5242976", "addr": 4218442, "ret": 3}, {"name": "GetModuleFileNameA", "args": [0, "a0257c7bbb23d07c6990734df9153369", 261], "addr_func": "5242976", "addr": 4219012, "ret": 32}, {"name": "RegOpenKeyExA", "args": [2147483649, "Software\\Borland\\Locales", 0, 983065, 2147416328], "addr_func": "5243160", "addr": 4219042, "ret": "<BV32 retval_RegOpenKeyExA_32767_32>"}, {"name": "RegOpenKeyExA", "args": [2147483650, "Software\\Borland\\Locales", 0, 983065, 2147416328], "addr_func": "5243160", "addr": 4219072, "ret": "<BV32 retval_RegOpenKeyExA_32768_32>"}, {"name": "GetModuleHandleA", "args": ["kernel32.dll"], "addr_func": "5242892", "addr": 4218573, "ret": 6295592}, {"name": "GetProcAddress", "args": [6295592, "GetLongPathNameA"], "addr_func": "5242972", "addr": 4218590, "ret": 6295596}, {"name": "GetLongPathNameA", "args": ["a0257c7bbb23d07c6990734df9153369", "", 261], "addr_func": "6295596", "addr": 4218617, "ret": "<BV32 retval_GetLongPathNameA_32772_32>"}, {"name": "lstrcpynA", "args": ["a0", "a0257c7bbb23d07c6990734df9153369", 3], "addr_func": "5242956", "addr": 4218738, "ret": 2147415429}, {"name": "CharNextA", "args": ["57c7bbb23d07c6990734df9153369"], "addr_func": "5243252", "addr": 4218527, "ret": 2147416055}, {"name": "CharNextA", "args": ["7c7bbb23d07c6990734df9153369"], "addr_func": "5243252", "addr": 4218527, "ret": 2147416056}, {"name": "CharNextA", "args": ["c7bbb23d07c6990734df9153369"], "addr_func": "5243252", "addr": 4218527, "ret": 2147416057}, {"name": "CharNextA", "args": ["7bbb23d07c6990734df9153369"], "addr_func": "5243252", "addr": 4218527, "ret": 2147416058}, {"name": "CharNextA", "args": ["bbb23d07c6990734df9153369"], "addr_func": "5243252", "addr": 4218527, "ret": 2147416059}, {"name": "CharNextA", "args": ["bb23d07c6990734df9153369"], "addr_func": "5243252", "addr": 4218527, "ret": 2147416060}, {"name": "CharNextA", "args": ["b23d07c6990734df9153369"], "addr_func": "5243252", "addr": 4218527, "ret": 2147416061}, {"name": "CharNextA", "args": ["23d07c6990734df9153369"], "addr_func": "5243252", "addr": 4218527, "ret": 2147416062}, {"name": "CharNextA", "args": ["3d07c6990734df9153369"], "addr_func": "5243252", "addr": 4218527, "ret": 2147416063}, {"name": "CharNextA", "args": ["d07c6990734df9153369"], "addr_func": "5243252", "addr": 4218527, "ret": 2147416064}, {"name": "CharNextA", "args": ["07c6990734df9153369"], "addr_func": "5243252", "addr": 4218527, "ret": 2147416065}, {"name": "CharNextA", "args": ["7c6990734df9153369"], "addr_func": "5243252", "addr": 4218527, "ret": 2147416066}, {"name": "CharNextA", "args": ["c6990734df9153369"], "addr_func": "5243252", "addr": 4218527, "ret": 2147416067}, {"name": "CharNextA", "args": ["6990734df9153369"], "addr_func": "5243252", "addr": 4218527, "ret": 2147416068}, {"name": "CharNextA", "args": ["990734df9153369"], "addr_func": "5243252", "addr": 4218527, "ret": 2147416069}, {"name": "CharNextA", "args": ["90734df9153369"], "addr_func": "5243252", "addr": 4218527, "ret": 2147416070}, {"name": "CharNextA", "args": ["0734df9153369"], "addr_func": "5243252", "addr": 4218527, "ret": 2147416071}, {"name": "CharNextA", "args": ["734df9153369"], "addr_func": "5243252", "addr": 4218527, "ret": 2147416072}, {"name": "CharNextA", "args": ["34df9153369"], "addr_func": "5243252", "addr": 4218527, "ret": 2147416073}, {"name": "CharNextA", "args": ["4df9153369"], "addr_func": "5243252", "addr": 4218527, "ret": 2147416074}, {"name": "CharNextA", "args": ["df9153369"], "addr_func": "5243252", "addr": 4218527, "ret": 2147416075}, {"name": "CharNextA", "args": ["f9153369"], "addr_func": "5243252", "addr": 4218527, "ret": 2147416076}, {"name": "CharNextA", "args": ["9153369"], "addr_func": "5243252", "addr": 4218527, "ret": 2147416077}, {"name": "CharNextA", "args": ["153369"], "addr_func": "5243252", "addr": 4218527, "ret": 2147416078}, {"name": "CharNextA", "args": ["53369"], "addr_func": "5243252", "addr": 4218527, "ret": 2147416079}, {"name": "CharNextA", "args": ["3369"], "addr_func": "5243252", "addr": 4218527, "ret": 2147416080}, {"name": "CharNextA", "args": ["369"], "addr_func": "5243252", "addr": 4218527, "ret": 2147416081}, {"name": "CharNextA", "args": ["69"], "addr_func": "5243252", "addr": 4218527, "ret": 2147416082}, {"name": "CharNextA", "args": ["9"], "addr_func": "5243252", "addr": 4218527, "ret": 2147416083}, {"name": "lstrcpynA", "args": ["257c7bbb23d07c6990734df9153369", "257c7bbb23d07c6990734df9153369", 31], "addr_func": "5242956", "addr": 4218791, "ret": 2147415431}, {"name": "FindFirstFileA", "args": ["a0257c7bbb23d07c6990734df9153369", 2147415690], "addr_func": "5242996", "addr": 4218810, "ret": "<BV32 retval_FindFirstFileA_32817_32>"}, {"name": "FindClose", "args": ["retval_FindFirstFileA_32817_32"], "addr_func": "5243000", "addr": 4218823, "ret": "<BV32 retval_FindClose_32818_32>"}, {"name": "lstrlenA", "args": [""], "addr_func": "5242952", "addr": 4218835, "ret": 0}, {"name": "lstrcpynA", "args": ["", "", 258], "addr_func": "5242956", "addr": 4218887, "ret": 2147415432}, {"name": "lstrlenA", "args": [""], "addr_func": "5242952", "addr": 4218899, "ret": 0}, {"name": "lstrcpynA", "args": ["a0\\", "a0\\", 261], "addr_func": "5242956", "addr": 4218933, "ret": 2147416051}, {"name": "RegQueryValueExA", "args": [4218447, "a0\\", 0, 0, 2147416318, 2147416312], "addr_func": "5243156", "addr": 4219175, "ret": "<BV32 retval_RegQueryValueExA_32823_32>"}, {"name": "RegCloseKey", "args": [4218447], "addr_func": "5243164", "addr": 4219239, "ret": "<BV32 retval_RegCloseKey_32824_32>"}, {"name": "lstrcpynA", "args": ["PZM", "PZM", 261], "addr_func": "5242956", "addr": 4219268, "ret": 2147416051}, {"name": "GetThreadLocale", "args": [], "addr_func": "5242964", "addr": 4219281, "ret": 0}, {"name": "GetLocaleInfoA", "args": ["retval_GetThreadLocale_32827_32", 3, "", 5], "addr_func": "5242980", "addr": 4219287, "ret": "<BV32 retval_GetLocaleInfoA_32828_32>"}, {"name": "LoadStringA", "args": [4194304, 65494, "", 1024], "addr_func": "5243244", "addr": 4221193, "ret": "<BV32 retval_LoadStringA_32831_32>"}, {"name": "LoadStringA", "args": [4194304, 65493, "", 1024], "addr_func": "5243244", "addr": 4221193, "ret": "<BV32 retval_LoadStringA_32832_32>"}, {"name": "LoadStringA", "args": [4194304, 65491, "", 1024], "addr_func": "5243244", "addr": 4221193, "ret": "<BV32 retval_LoadStringA_32834_32>"}, {"name": "LoadStringA", "args": [4194304, 65492, "", 1024], "addr_func": "5243244", "addr": 4221193, "ret": "<BV32 retval_LoadStringA_32837_32>"}]}, "11": {"status": "ExcessLoop", "trace": [{"name": "main", "args": ["a0257c7bbb23d07c6990734df9153369"], "addr": 4304852, "ret": "symbolic", "addr_func": 4304852}, {"name": "GetModuleHandleA", "args": [0], "addr_func": "5242892", "addr": 4221640, "ret": 4194304}, {"name": "GetKeyboardType", "args": [0], "addr_func": "5243256", "addr": 4208833, "ret": 4}, {"name": "GetCommandLineA", "args": [], "addr_func": "5242988", "addr": 4221400, "ret": 0}, {"name": "GetStartupInfoA", "args": [2147417628], "addr_func": "5242968", "addr": 4199222, "ret": "None"}, {"name": "GetCurrentThreadId", "args": [], "addr_func": "5242928", "addr": 4221420, "ret": 0}, {"name": "GetModuleFileNameA", "args": [4194304, "PZM", 261], "addr_func": "5242976", "addr": 4218442, "ret": 3}, {"name": "GetModuleFileNameA", "args": [0, "a0257c7bbb23d07c6990734df9153369", 261], "addr_func": "5242976", "addr": 4219012, "ret": 32}, {"name": "RegOpenKeyExA", "args": [2147483649, "Software\\Borland\\Locales", 0, 983065, 2147416328], "addr_func": "5243160", "addr": 4219042, "ret": "<BV32 retval_RegOpenKeyExA_32767_32>"}, {"name": "RegOpenKeyExA", "args": [2147483650, "Software\\Borland\\Locales", 0, 983065, 2147416328], "addr_func": "5243160", "addr": 4219072, "ret": "<BV32 retval_RegOpenKeyExA_32768_32>"}, {"name": "GetModuleHandleA", "args": ["kernel32.dll"], "addr_func": "5242892", "addr": 4218573, "ret": 6295592}, {"name": "GetProcAddress", "args": [6295592, "GetLongPathNameA"], "addr_func": "5242972", "addr": 4218590, "ret": 6295596}, {"name": "GetLongPathNameA", "args": ["a0257c7bbb23d07c6990734df9153369", "", 261], "addr_func": "6295596", "addr": 4218617, "ret": "<BV32 retval_GetLongPathNameA_32772_32>"}, {"name": "lstrcpynA", "args": ["", "", 261], "addr_func": "5242956", "addr": 4218638, "ret": 2147416051}, {"name": "RegQueryValueExA", "args": [4218447, "", 0, 0, 2147416318, 2147416312], "addr_func": "5243156", "addr": 4219175, "ret": "<BV32 retval_RegQueryValueExA_32776_32>"}, {"name": "RegCloseKey", "args": [4218447], "addr_func": "5243164", "addr": 4219239, "ret": "<BV32 retval_RegCloseKey_32780_32>"}, {"name": "lstrcpynA", "args": ["PZM", "PZM", 261], "addr_func": "5242956", "addr": 4219268, "ret": 2147416051}, {"name": "GetThreadLocale", "args": [], "addr_func": "5242964", "addr": 4219281, "ret": 0}, {"name": "GetLocaleInfoA", "args": ["retval_GetThreadLocale_32789_32", 3, "", 5], "addr_func": "5242980", "addr": 4219287, "ret": "<BV32 retval_GetLocaleInfoA_32792_32>"}, {"name": "LoadStringA", "args": [4194304, 65494, "", 1024], "addr_func": "5243244", "addr": 4221193, "ret": "<BV32 retval_LoadStringA_32800_32>"}, {"name": "LoadStringA", "args": [4194304, 65493, "", 1024], "addr_func": "5243244", "addr": 4221193, "ret": "<BV32 retval_LoadStringA_32806_32>"}, {"name": "LoadStringA", "args": [4194304, 65491, "", 1024], "addr_func": "5243244", "addr": 4221193, "ret": "<BV32 retval_LoadStringA_32809_32>"}]}, "12": {"status": "ExcessLoop", "trace": [{"name": "main", "args": ["a0257c7bbb23d07c6990734df9153369"], "addr": 4304852, "ret": "symbolic", "addr_func": 4304852}, {"name": "GetModuleHandleA", "args": [0], "addr_func": "5242892", "addr": 4221640, "ret": 4194304}, {"name": "GetKeyboardType", "args": [0], "addr_func": "5243256", "addr": 4208833, "ret": 4}, {"name": "GetCommandLineA", "args": [], "addr_func": "5242988", "addr": 4221400, "ret": 0}, {"name": "GetStartupInfoA", "args": [2147417628], "addr_func": "5242968", "addr": 4199222, "ret": "None"}, {"name": "GetCurrentThreadId", "args": [], "addr_func": "5242928", "addr": 4221420, "ret": 0}, {"name": "GetModuleFileNameA", "args": [4194304, "PZM", 261], "addr_func": "5242976", "addr": 4218442, "ret": 3}, {"name": "GetModuleFileNameA", "args": [0, "a0257c7bbb23d07c6990734df9153369", 261], "addr_func": "5242976", "addr": 4219012, "ret": 32}, {"name": "RegOpenKeyExA", "args": [2147483649, "Software\\Borland\\Locales", 0, 983065, 2147416328], "addr_func": "5243160", "addr": 4219042, "ret": "<BV32 retval_RegOpenKeyExA_32767_32>"}, {"name": "RegOpenKeyExA", "args": [2147483650, "Software\\Borland\\Locales", 0, 983065, 2147416328], "addr_func": "5243160", "addr": 4219072, "ret": "<BV32 retval_RegOpenKeyExA_32768_32>"}, {"name": "GetModuleHandleA", "args": ["kernel32.dll"], "addr_func": "5242892", "addr": 4218573, "ret": 6295592}, {"name": "GetProcAddress", "args": [6295592, "GetLongPathNameA"], "addr_func": "5242972", "addr": 4218590, "ret": 6295596}, {"name": "GetLongPathNameA", "args": ["a0257c7bbb23d07c6990734df9153369", "", 261], "addr_func": "6295596", "addr": 4218617, "ret": "<BV32 retval_GetLongPathNameA_32772_32>"}, {"name": "lstrcpynA", "args": ["", "", 261], "addr_func": "5242956", "addr": 4218638, "ret": 2147416051}, {"name": "RegQueryValueExA", "args": [4218447, "", 0, 0, 2147416318, 2147416312], "addr_func": "5243156", "addr": 4219175, "ret": "<BV32 retval_RegQueryValueExA_32776_32>"}, {"name": "RegCloseKey", "args": [4218447], "addr_func": "5243164", "addr": 4219239, "ret": "<BV32 retval_RegCloseKey_32780_32>"}, {"name": "lstrcpynA", "args": ["PZM", "PZM", 261], "addr_func": "5242956", "addr": 4219268, "ret": 2147416051}, {"name": "GetThreadLocale", "args": [], "addr_func": "5242964", "addr": 4219281, "ret": 0}, {"name": "GetLocaleInfoA", "args": ["retval_GetThreadLocale_32789_32", 3, "", 5], "addr_func": "5242980", "addr": 4219287, "ret": "<BV32 retval_GetLocaleInfoA_32792_32>"}, {"name": "LoadStringA", "args": [4194304, 65494, "", 1024], "addr_func": "5243244", "addr": 4221193, "ret": "<BV32 retval_LoadStringA_32800_32>"}, {"name": "LoadStringA", "args": [4194304, 65493, "", 1024], "addr_func": "5243244", "addr": 4221193, "ret": "<BV32 retval_LoadStringA_32806_32>"}, {"name": "LoadStringA", "args": [4194304, 65491, "", 1024], "addr_func": "5243244", "addr": 4221193, "ret": "<BV32 retval_LoadStringA_32809_32>"}, {"name": "LoadStringA", "args": [4194304, 65492, "", 1024], "addr_func": "5243244", "addr": 4221193, "ret": "<BV32 retval_LoadStringA_32814_32>"}, {"name": "InitializeCriticalSection", "args": [4314560], "addr_func": "5242912", "addr": 4201010, "ret": "None"}, {"name": "LocalAlloc", "args": [0, 4088], "addr_func": "5242888", "addr": 4201071, "ret": 3221258256}, {"name": "VirtualAlloc", "args": [0, 1048576, 8192, 1], "addr_func": "5242920", "addr": 4199779, "ret": 3222798336}, {"name": "LocalAlloc", "args": [0, 1604], "addr_func": "5242888", "addr": 4199331, "ret": 3221262352}]}, "13": {"status": "ExcessLoop", "trace": [{"name": "main", "args": ["a0257c7bbb23d07c6990734df9153369"], "addr": 4304852, "ret": "symbolic", "addr_func": 4304852}, {"name": "GetModuleHandleA", "args": [0], "addr_func": "5242892", "addr": 4221640, "ret": 4194304}, {"name": "GetKeyboardType", "args": [0], "addr_func": "5243256", "addr": 4208833, "ret": 4}, {"name": "GetCommandLineA", "args": [], "addr_func": "5242988", "addr": 4221400, "ret": 0}, {"name": "GetStartupInfoA", "args": [2147417628], "addr_func": "5242968", "addr": 4199222, "ret": "None"}, {"name": "GetCurrentThreadId", "args": [], "addr_func": "5242928", "addr": 4221420, "ret": 0}, {"name": "GetModuleFileNameA", "args": [4194304, "PZM", 261], "addr_func": "5242976", "addr": 4218442, "ret": 3}, {"name": "GetModuleFileNameA", "args": [0, "a0257c7bbb23d07c6990734df9153369", 261], "addr_func": "5242976", "addr": 4219012, "ret": 32}, {"name": "RegOpenKeyExA", "args": [2147483649, "Software\\Borland\\Locales", 0, 983065, 2147416328], "addr_func": "5243160", "addr": 4219042, "ret": "<BV32 retval_RegOpenKeyExA_32767_32>"}, {"name": "RegOpenKeyExA", "args": [2147483650, "Software\\Borland\\Locales", 0, 983065, 2147416328], "addr_func": "5243160", "addr": 4219072, "ret": "<BV32 retval_RegOpenKeyExA_32768_32>"}, {"name": "GetModuleHandleA", "args": ["kernel32.dll"], "addr_func": "5242892", "addr": 4218573, "ret": 6295592}, {"name": "GetProcAddress", "args": [6295592, "GetLongPathNameA"], "addr_func": "5242972", "addr": 4218590, "ret": 6295596}, {"name": "GetLongPathNameA", "args": ["a0257c7bbb23d07c6990734df9153369", "", 261], "addr_func": "6295596", "addr": 4218617, "ret": "<BV32 retval_GetLongPathNameA_32772_32>"}, {"name": "lstrcpynA", "args": ["", "", 261], "addr_func": "5242956", "addr": 4218638, "ret": 2147416051}, {"name": "RegQueryValueExA", "args": [4218447, "", 0, 0, 2147416318, 2147416312], "addr_func": "5243156", "addr": 4219175, "ret": "<BV32 retval_RegQueryValueExA_32776_32>"}, {"name": "RegCloseKey", "args": [4218447], "addr_func": "5243164", "addr": 4219239, "ret": "<BV32 retval_RegCloseKey_32780_32>"}, {"name": "lstrcpynA", "args": ["PZM", "PZM", 261], "addr_func": "5242956", "addr": 4219268, "ret": 2147416051}, {"name": "GetThreadLocale", "args": [], "addr_func": "5242964", "addr": 4219281, "ret": 0}, {"name": "GetLocaleInfoA", "args": ["retval_GetThreadLocale_32789_32", 3, "", 5], "addr_func": "5242980", "addr": 4219287, "ret": "<BV32 retval_GetLocaleInfoA_32792_32>"}, {"name": "LoadStringA", "args": [4194304, 65494, "", 1024], "addr_func": "5243244", "addr": 4221193, "ret": "<BV32 retval_LoadStringA_32800_32>"}, {"name": "LoadStringA", "args": [4194304, 65493, "", 1024], "addr_func": "5243244", "addr": 4221193, "ret": "<BV32 retval_LoadStringA_32806_32>"}, {"name": "LoadStringA", "args": [4194304, 65491, "", 1024], "addr_func": "5243244", "addr": 4221193, "ret": "<BV32 retval_LoadStringA_32809_32>"}, {"name": "LoadStringA", "args": [4194304, 65492, "", 1024], "addr_func": "5243244", "addr": 4221193, "ret": "<BV32 retval_LoadStringA_32813_32>"}, {"name": "InitializeCriticalSection", "args": [4314560], "addr_func": "5242912", "addr": 4201010, "ret": "None"}, {"name": "LocalAlloc", "args": [0, 4088], "addr_func": "5242888", "addr": 4201071, "ret": 3221258256}, {"name": "VirtualAlloc", "args": [0, 1048576, 8192, 1], "addr_func": "5242920", "addr": 4199779, "ret": 3222798336}, {"name": "LocalAlloc", "args": [0, 1604], "addr_func": "5242888", "addr": 4199331, "ret": 3221262352}, {"name": "VirtualAlloc", "args": [3222798336, "retval_LoadStringA_32813_32", 4096, 4], "addr_func": "5242920", "addr": 4200245, "ret": 3222798336}]}, "sections": {"CODEU": {"vaddr": 4198400, "memsize": 106516, "is_readable": true, "is_writable": false, "is_executable": true}, "DATAFeb": {"vaddr": 4308992, "memsize": 1912, "is_readable": true, "is_writable": true, "is_executable": false}, "BSSoc": {"vaddr": 4313088, "memsize": 2597, "is_readable": true, "is_writable": true, "is_executable": false}, ".idatab": {"vaddr": 4317184, "memsize": 3066, "is_readable": true, "is_writable": true, "is_executable": false}, ".tlsa": {"vaddr": 4321280, "memsize": 12, "is_readable": true, "is_writable": true, "is_executable": false}, ".rdatab": {"vaddr": 4325376, "memsize": 24, "is_readable": true, "is_writable": false, "is_executable": false}, ".relocb": {"vaddr": 4329472, "memsize": 7284, "is_readable": true, "is_writable": false, "is_executable": false}, ".rsrc": {"vaddr": 4337664, "memsize": 5120, "is_readable": true, "is_writable": false, "is_executable": false}, ".kloc": {"vaddr": 4345856, "memsize": 1152, "is_readable": true, "is_writable": false, "is_executable": false}, ".VO:Feb": {"vaddr": 4349952, "memsize": 2060, "is_readable": true, "is_writable": false, "is_executable": false}, ".floEJN": {"vaddr": 4354048, "memsize": 3102, "is_readable": true, "is_writable": false, "is_executable": false}}}