{"0": {"status": "active", "trace": [{"name": "main", "args": ["a0347218f08fa486708b2d4cf45a3be4"], "addr": 4252276, "ret": "symbolic", "addr_func": 4252276}, {"name": "GetModuleHandleA", "args": [0], "addr_func": "5242956", "addr": 4217739, "ret": 4194304}, {"name": "GetModuleFileNameA", "args": [4194304, "PZM", 261], "addr_func": "5242960", "addr": 4217683, "ret": 3}, {"name": "GetModuleFileNameA", "args": [0, "a0347218f08fa486708b2d4cf45a3be4", 261], "addr_func": "5242960", "addr": 4212676, "ret": 32}, {"name": "RegOpenKeyExA", "args": [2147483649, "Software\\Borland\\Locales", 0, 983103, 2147417456], "addr_func": "5243108", "addr": 4212706, "ret": "<BV32 retval_RegOpenKeyExA_32767_32>"}, {"name": "GetModuleHandleA", "args": ["kernel32.dll"], "addr_func": "5242956", "addr": 4212250, "ret": 6295592}, {"name": "GetProcAddress", "args": [6295592, "GetLongPathNameA"], "addr_func": "5242952", "addr": 4212267, "ret": 6295596}, {"name": "GetLongPathNameA", "args": ["a0347218f08fa486708b2d4cf45a3be4", "", 261], "addr_func": "6295596", "addr": 4212297, "ret": "<BV32 retval_GetLongPathNameA_32770_32>"}, {"name": "lstrcpyA", "args": ["", ""], "addr_func": "5242936", "addr": 4212315, "ret": 2147417179}, {"name": "RegQueryValueExA", "args": [4217688, "", 0, 0, 2147417446, 2147417440], "addr_func": "5243104", "addr": 4212794, "ret": "<BV32 retval_RegQueryValueExA_32773_32>"}, {"name": "RegQueryValueExA", "args": [4217688, "", 0, 0, 2147417446, 2147417440], "addr_func": "5243104", "addr": 4212824, "ret": "<BV32 retval_RegQueryValueExA_32774_32>"}, {"name": "RegCloseKey", "args": [4217688], "addr_func": "5243112", "addr": 4212846, "ret": "<BV32 retval_RegCloseKey_32777_32>"}, {"name": "lstrcpyA", "args": ["PZM", "PZM"], "addr_func": "5242936", "addr": 4212870, "ret": 2147417179}, {"name": "GetThreadLocale", "args": [], "addr_func": "5242944", "addr": 4212883, "ret": 0}, {"name": "GetLocaleInfoA", "args": ["retval_GetThreadLocale_32782_32", 3, "", 5], "addr_func": "5242964", "addr": 4212889, "ret": "<BV32 retval_GetLocaleInfoA_32785_32>"}, {"name": "GetKeyboardType", "args": [0], "addr_func": "5243156", "addr": 4204949, "ret": 4}, {"name": "GetCommandLineA", "args": [], "addr_func": "5242972", "addr": 4217412, "ret": 0}, {"name": "GetStartupInfoA", "args": [2147417620], "addr_func": "5242948", "addr": 4198942, "ret": "None"}, {"name": "GetCurrentThreadId", "args": [], "addr_func": "5242880", "addr": 4217432, "ret": 0}, {"name": "LoadStringA", "args": [4194304, 65493, "", 1024], "addr_func": "5243160", "addr": 4213569, "ret": "<BV32 retval_LoadStringA_32791_32>"}, {"name": "LoadStringA", "args": [4194304, 65492, "", 1024], "addr_func": "5243160", "addr": 4213569, "ret": "<BV32 retval_LoadStringA_32797_32>"}, {"name": "LoadStringA", "args": [4194304, 65490, "", 1024], "addr_func": "5243160", "addr": 4213569, "ret": "<BV32 retval_LoadStringA_32802_32>"}, {"name": "LoadStringA", "args": [4194304, 65491, "", 1024], "addr_func": "5243160", "addr": 4213569, "ret": "<BV32 retval_LoadStringA_32808_32>"}, {"name": "InitializeCriticalSection", "args": [4260912], "addr_func": "5242896", "addr": 4200730, "ret": "None"}, {"name": "LocalAlloc", "args": [0, 4088], "addr_func": "5242912", "addr": 4200791, "ret": 3221258256}, {"name": "VirtualAlloc", "args": [0, 1048576, 8192, 1], "addr_func": "5242904", "addr": 4199499, "ret": 3222798336}, {"name": "LocalAlloc", "args": [0, 1604], "addr_func": "5242912", "addr": 4199051, "ret": 3221262352}, {"name": "VirtualAlloc", "args": [3222798336, 16384, 4096, 4], "addr_func": "5242904", "addr": 4199965, "ret": 3222798336}]}, "1": {"status": "active", "trace": [{"name": "main", "args": ["a0347218f08fa486708b2d4cf45a3be4"], "addr": 4252276, "ret": "symbolic", "addr_func": 4252276}, {"name": "GetModuleHandleA", "args": [0], "addr_func": "5242956", "addr": 4217739, "ret": 4194304}, {"name": "GetModuleFileNameA", "args": [4194304, "PZM", 261], "addr_func": "5242960", "addr": 4217683, "ret": 3}, {"name": "GetModuleFileNameA", "args": [0, "a0347218f08fa486708b2d4cf45a3be4", 261], "addr_func": "5242960", "addr": 4212676, "ret": 32}, {"name": "RegOpenKeyExA", "args": [2147483649, "Software\\Borland\\Locales", 0, 983103, 2147417456], "addr_func": "5243108", "addr": 4212706, "ret": "<BV32 retval_RegOpenKeyExA_32767_32>"}, {"name": "GetModuleHandleA", "args": ["kernel32.dll"], "addr_func": "5242956", "addr": 4212250, "ret": 6295592}, {"name": "GetProcAddress", "args": [6295592, "GetLongPathNameA"], "addr_func": "5242952", "addr": 4212267, "ret": 6295596}, {"name": "GetLongPathNameA", "args": ["a0347218f08fa486708b2d4cf45a3be4", "", 261], "addr_func": "6295596", "addr": 4212297, "ret": "<BV32 retval_GetLongPathNameA_32770_32>"}, {"name": "lstrcpyA", "args": ["", ""], "addr_func": "5242936", "addr": 4212315, "ret": 2147417179}, {"name": "RegQueryValueExA", "args": [4217688, "", 0, 0, 2147417446, 2147417440], "addr_func": "5243104", "addr": 4212794, "ret": "<BV32 retval_RegQueryValueExA_32773_32>"}, {"name": "RegQueryValueExA", "args": [4217688, "", 0, 0, 2147417446, 2147417440], "addr_func": "5243104", "addr": 4212824, "ret": "<BV32 retval_RegQueryValueExA_32774_32>"}, {"name": "RegCloseKey", "args": [4217688], "addr_func": "5243112", "addr": 4212846, "ret": "<BV32 retval_RegCloseKey_32777_32>"}, {"name": "lstrcpyA", "args": ["PZM", "PZM"], "addr_func": "5242936", "addr": 4212870, "ret": 2147417179}, {"name": "GetThreadLocale", "args": [], "addr_func": "5242944", "addr": 4212883, "ret": 0}, {"name": "GetLocaleInfoA", "args": ["retval_GetThreadLocale_32782_32", 3, "", 5], "addr_func": "5242964", "addr": 4212889, "ret": "<BV32 retval_GetLocaleInfoA_32785_32>"}, {"name": "GetKeyboardType", "args": [0], "addr_func": "5243156", "addr": 4204949, "ret": 4}, {"name": "GetCommandLineA", "args": [], "addr_func": "5242972", "addr": 4217412, "ret": 0}, {"name": "GetStartupInfoA", "args": [2147417620], "addr_func": "5242948", "addr": 4198942, "ret": "None"}, {"name": "GetCurrentThreadId", "args": [], "addr_func": "5242880", "addr": 4217432, "ret": 0}, {"name": "LoadStringA", "args": [4194304, 65493, "", 1024], "addr_func": "5243160", "addr": 4213569, "ret": "<BV32 retval_LoadStringA_32791_32>"}, {"name": "LoadStringA", "args": [4194304, 65492, "", 1024], "addr_func": "5243160", "addr": 4213569, "ret": "<BV32 retval_LoadStringA_32797_32>"}, {"name": "LoadStringA", "args": [4194304, 65490, "", 1024], "addr_func": "5243160", "addr": 4213569, "ret": "<BV32 retval_LoadStringA_32802_32>"}, {"name": "LoadStringA", "args": [4194304, 65491, "", 1024], "addr_func": "5243160", "addr": 4213569, "ret": "<BV32 retval_LoadStringA_32809_32>"}, {"name": "InitializeCriticalSection", "args": [4260912], "addr_func": "5242896", "addr": 4200730, "ret": "None"}, {"name": "LocalAlloc", "args": [0, 4088], "addr_func": "5242912", "addr": 4200791, "ret": 3221258256}, {"name": "VirtualAlloc", "args": [0, 1048576, 8192, 1], "addr_func": "5242904", "addr": 4199499, "ret": 3222798336}, {"name": "LocalAlloc", "args": [0, 1604], "addr_func": "5242912", "addr": 4199051, "ret": 3221262352}, {"name": "VirtualAlloc", "args": [3222798336, 16384, 4096, 4], "addr_func": "5242904", "addr": 4199965, "ret": 3222798336}]}, "2": {"status": "active", "trace": [{"name": "main", "args": ["a0347218f08fa486708b2d4cf45a3be4"], "addr": 4252276, "ret": "symbolic", "addr_func": 4252276}, {"name": "GetModuleHandleA", "args": [0], "addr_func": "5242956", "addr": 4217739, "ret": 4194304}, {"name": "GetModuleFileNameA", "args": [4194304, "PZM", 261], "addr_func": "5242960", "addr": 4217683, "ret": 3}, {"name": "GetModuleFileNameA", "args": [0, "a0347218f08fa486708b2d4cf45a3be4", 261], "addr_func": "5242960", "addr": 4212676, "ret": 32}, {"name": "RegOpenKeyExA", "args": [2147483649, "Software\\Borland\\Locales", 0, 983103, 2147417456], "addr_func": "5243108", "addr": 4212706, "ret": "<BV32 retval_RegOpenKeyExA_32767_32>"}, {"name": "GetModuleHandleA", "args": ["kernel32.dll"], "addr_func": "5242956", "addr": 4212250, "ret": 6295592}, {"name": "GetProcAddress", "args": [6295592, "GetLongPathNameA"], "addr_func": "5242952", "addr": 4212267, "ret": 6295596}, {"name": "GetLongPathNameA", "args": ["a0347218f08fa486708b2d4cf45a3be4", "", 261], "addr_func": "6295596", "addr": 4212297, "ret": "<BV32 retval_GetLongPathNameA_32770_32>"}, {"name": "lstrcpyA", "args": ["", ""], "addr_func": "5242936", "addr": 4212315, "ret": 2147417179}, {"name": "RegQueryValueExA", "args": [4217688, "", 0, 0, 2147417446, 2147417440], "addr_func": "5243104", "addr": 4212794, "ret": "<BV32 retval_RegQueryValueExA_32773_32>"}, {"name": "RegQueryValueExA", "args": [4217688, "", 0, 0, 2147417446, 2147417440], "addr_func": "5243104", "addr": 4212824, "ret": "<BV32 retval_RegQueryValueExA_32774_32>"}, {"name": "RegCloseKey", "args": [4217688], "addr_func": "5243112", "addr": 4212846, "ret": "<BV32 retval_RegCloseKey_32777_32>"}, {"name": "lstrcpyA", "args": ["PZM", "PZM"], "addr_func": "5242936", "addr": 4212870, "ret": 2147417179}, {"name": "GetThreadLocale", "args": [], "addr_func": "5242944", "addr": 4212883, "ret": 0}, {"name": "GetLocaleInfoA", "args": ["retval_GetThreadLocale_32782_32", 3, "", 5], "addr_func": "5242964", "addr": 4212889, "ret": "<BV32 retval_GetLocaleInfoA_32785_32>"}, {"name": "GetKeyboardType", "args": [0], "addr_func": "5243156", "addr": 4204949, "ret": 4}, {"name": "GetCommandLineA", "args": [], "addr_func": "5242972", "addr": 4217412, "ret": 0}, {"name": "GetStartupInfoA", "args": [2147417620], "addr_func": "5242948", "addr": 4198942, "ret": "None"}, {"name": "GetCurrentThreadId", "args": [], "addr_func": "5242880", "addr": 4217432, "ret": 0}, {"name": "LoadStringA", "args": [4194304, 65493, "", 1024], "addr_func": "5243160", "addr": 4213569, "ret": "<BV32 retval_LoadStringA_32791_32>"}, {"name": "LoadStringA", "args": [4194304, 65492, "", 1024], "addr_func": "5243160", "addr": 4213569, "ret": "<BV32 retval_LoadStringA_32797_32>"}, {"name": "LoadStringA", "args": [4194304, 65490, "", 1024], "addr_func": "5243160", "addr": 4213569, "ret": "<BV32 retval_LoadStringA_32802_32>"}, {"name": "LoadStringA", "args": [4194304, 65491, "", 1024], "addr_func": "5243160", "addr": 4213569, "ret": "<BV32 retval_LoadStringA_32809_32>"}, {"name": "InitializeCriticalSection", "args": [4260912], "addr_func": "5242896", "addr": 4200730, "ret": "None"}, {"name": "LocalAlloc", "args": [0, 4088], "addr_func": "5242912", "addr": 4200791, "ret": 3221258256}, {"name": "VirtualAlloc", "args": [0, "retval_LoadStringA_32809_32", 8192, 1], "addr_func": "5242904", "addr": 4199499, "ret": 3221762048}, {"name": "LocalAlloc", "args": [0, 1604], "addr_func": "5242912", "addr": 4199051, "ret": 3221262352}]}, "3": {"status": "active", "trace": [{"name": "main", "args": ["a0347218f08fa486708b2d4cf45a3be4"], "addr": 4252276, "ret": "symbolic", "addr_func": 4252276}, {"name": "GetModuleHandleA", "args": [0], "addr_func": "5242956", "addr": 4217739, "ret": 4194304}, {"name": "GetModuleFileNameA", "args": [4194304, "PZM", 261], "addr_func": "5242960", "addr": 4217683, "ret": 3}, {"name": "GetModuleFileNameA", "args": [0, "a0347218f08fa486708b2d4cf45a3be4", 261], "addr_func": "5242960", "addr": 4212676, "ret": 32}, {"name": "RegOpenKeyExA", "args": [2147483649, "Software\\Borland\\Locales", 0, 983103, 2147417456], "addr_func": "5243108", "addr": 4212706, "ret": "<BV32 retval_RegOpenKeyExA_32767_32>"}, {"name": "GetModuleHandleA", "args": ["kernel32.dll"], "addr_func": "5242956", "addr": 4212250, "ret": 6295592}, {"name": "GetProcAddress", "args": [6295592, "GetLongPathNameA"], "addr_func": "5242952", "addr": 4212267, "ret": 6295596}, {"name": "GetLongPathNameA", "args": ["a0347218f08fa486708b2d4cf45a3be4", "", 261], "addr_func": "6295596", "addr": 4212297, "ret": "<BV32 retval_GetLongPathNameA_32770_32>"}, {"name": "lstrcpyA", "args": ["", ""], "addr_func": "5242936", "addr": 4212315, "ret": 2147417179}, {"name": "RegQueryValueExA", "args": [4217688, "", 0, 0, 2147417446, 2147417440], "addr_func": "5243104", "addr": 4212794, "ret": "<BV32 retval_RegQueryValueExA_32773_32>"}, {"name": "RegQueryValueExA", "args": [4217688, "", 0, 0, 2147417446, 2147417440], "addr_func": "5243104", "addr": 4212824, "ret": "<BV32 retval_RegQueryValueExA_32774_32>"}, {"name": "RegCloseKey", "args": [4217688], "addr_func": "5243112", "addr": 4212846, "ret": "<BV32 retval_RegCloseKey_32777_32>"}, {"name": "lstrcpyA", "args": ["PZM", "PZM"], "addr_func": "5242936", "addr": 4212870, "ret": 2147417179}, {"name": "GetThreadLocale", "args": [], "addr_func": "5242944", "addr": 4212883, "ret": 0}, {"name": "GetLocaleInfoA", "args": ["retval_GetThreadLocale_32782_32", 3, "", 5], "addr_func": "5242964", "addr": 4212889, "ret": "<BV32 retval_GetLocaleInfoA_32785_32>"}, {"name": "GetKeyboardType", "args": [0], "addr_func": "5243156", "addr": 4204949, "ret": 4}, {"name": "GetCommandLineA", "args": [], "addr_func": "5242972", "addr": 4217412, "ret": 0}, {"name": "GetStartupInfoA", "args": [2147417620], "addr_func": "5242948", "addr": 4198942, "ret": "None"}, {"name": "GetCurrentThreadId", "args": [], "addr_func": "5242880", "addr": 4217432, "ret": 0}, {"name": "LoadStringA", "args": [4194304, 65493, "", 1024], "addr_func": "5243160", "addr": 4213569, "ret": "<BV32 retval_LoadStringA_32791_32>"}, {"name": "LoadStringA", "args": [4194304, 65492, "", 1024], "addr_func": "5243160", "addr": 4213569, "ret": "<BV32 retval_LoadStringA_32797_32>"}, {"name": "LoadStringA", "args": [4194304, 65490, "", 1024], "addr_func": "5243160", "addr": 4213569, "ret": "<BV32 retval_LoadStringA_32802_32>"}, {"name": "LoadStringA", "args": [4194304, 65491, "", 1024], "addr_func": "5243160", "addr": 4213569, "ret": "<BV32 retval_LoadStringA_32808_32>"}, {"name": "InitializeCriticalSection", "args": [4260912], "addr_func": "5242896", "addr": 4200730, "ret": "None"}, {"name": "LocalAlloc", "args": [0, 4088], "addr_func": "5242912", "addr": 4200791, "ret": 3221258256}, {"name": "VirtualAlloc", "args": [0, "retval_LoadStringA_32808_32", 8192, 1], "addr_func": "5242904", "addr": 4199499, "ret": 3221762048}, {"name": "LocalAlloc", "args": [0, 1604], "addr_func": "5242912", "addr": 4199051, "ret": 3221262352}]}, "4": {"status": "active", "trace": [{"name": "main", "args": ["a0347218f08fa486708b2d4cf45a3be4"], "addr": 4252276, "ret": "symbolic", "addr_func": 4252276}, {"name": "GetModuleHandleA", "args": [0], "addr_func": "5242956", "addr": 4217739, "ret": 4194304}, {"name": "GetModuleFileNameA", "args": [4194304, "PZM", 261], "addr_func": "5242960", "addr": 4217683, "ret": 3}, {"name": "GetModuleFileNameA", "args": [0, "a0347218f08fa486708b2d4cf45a3be4", 261], "addr_func": "5242960", "addr": 4212676, "ret": 32}, {"name": "RegOpenKeyExA", "args": [2147483649, "Software\\Borland\\Locales", 0, 983103, 2147417456], "addr_func": "5243108", "addr": 4212706, "ret": "<BV32 retval_RegOpenKeyExA_32767_32>"}, {"name": "GetModuleHandleA", "args": ["kernel32.dll"], "addr_func": "5242956", "addr": 4212250, "ret": 6295592}, {"name": "GetProcAddress", "args": [6295592, "GetLongPathNameA"], "addr_func": "5242952", "addr": 4212267, "ret": 6295596}, {"name": "GetLongPathNameA", "args": ["a0347218f08fa486708b2d4cf45a3be4", "", 261], "addr_func": "6295596", "addr": 4212297, "ret": "<BV32 retval_GetLongPathNameA_32770_32>"}, {"name": "lstrcpyA", "args": ["", ""], "addr_func": "5242936", "addr": 4212315, "ret": 2147417179}, {"name": "RegQueryValueExA", "args": [4217688, "", 0, 0, 2147417446, 2147417440], "addr_func": "5243104", "addr": 4212794, "ret": "<BV32 retval_RegQueryValueExA_32773_32>"}, {"name": "RegQueryValueExA", "args": [4217688, "", 0, 0, 2147417446, 2147417440], "addr_func": "5243104", "addr": 4212824, "ret": "<BV32 retval_RegQueryValueExA_32774_32>"}, {"name": "RegCloseKey", "args": [4217688], "addr_func": "5243112", "addr": 4212846, "ret": "<BV32 retval_RegCloseKey_32777_32>"}, {"name": "lstrcpyA", "args": ["PZM", "PZM"], "addr_func": "5242936", "addr": 4212870, "ret": 2147417179}, {"name": "GetThreadLocale", "args": [], "addr_func": "5242944", "addr": 4212883, "ret": 0}, {"name": "GetLocaleInfoA", "args": ["retval_GetThreadLocale_32782_32", 3, "", 5], "addr_func": "5242964", "addr": 4212889, "ret": "<BV32 retval_GetLocaleInfoA_32785_32>"}, {"name": "GetKeyboardType", "args": [0], "addr_func": "5243156", "addr": 4204949, "ret": 4}, {"name": "GetCommandLineA", "args": [], "addr_func": "5242972", "addr": 4217412, "ret": 0}, {"name": "GetStartupInfoA", "args": [2147417620], "addr_func": "5242948", "addr": 4198942, "ret": "None"}, {"name": "GetCurrentThreadId", "args": [], "addr_func": "5242880", "addr": 4217432, "ret": 0}, {"name": "LoadStringA", "args": [4194304, 65493, "", 1024], "addr_func": "5243160", "addr": 4213569, "ret": "<BV32 retval_LoadStringA_32791_32>"}, {"name": "LoadStringA", "args": [4194304, 65492, "", 1024], "addr_func": "5243160", "addr": 4213569, "ret": "<BV32 retval_LoadStringA_32797_32>"}, {"name": "LoadStringA", "args": [4194304, 65490, "", 1024], "addr_func": "5243160", "addr": 4213569, "ret": "<BV32 retval_LoadStringA_32802_32>"}, {"name": "LoadStringA", "args": [4194304, 65491, "", 1024], "addr_func": "5243160", "addr": 4213569, "ret": "<BV32 retval_LoadStringA_32809_32>"}, {"name": "InitializeCriticalSection", "args": [4260912], "addr_func": "5242896", "addr": 4200730, "ret": "None"}, {"name": "LocalAlloc", "args": [0, 4088], "addr_func": "5242912", "addr": 4200791, "ret": 3221258256}, {"name": "VirtualAlloc", "args": [0, "retval_LoadStringA_32809_32", 8192, 1], "addr_func": "5242904", "addr": 4199499, "ret": 3221762048}, {"name": "LocalAlloc", "args": [0, 1604], "addr_func": "5242912", "addr": 4199051, "ret": 3221262352}, {"name": "VirtualAlloc", "args": [3221762048, "retval_LoadStringA_32809_32", 4096, 4], "addr_func": "5242904", "addr": 4199965, "ret": 3221762048}]}, "5": {"status": "active", "trace": [{"name": "main", "args": ["a0347218f08fa486708b2d4cf45a3be4"], "addr": 4252276, "ret": "symbolic", "addr_func": 4252276}, {"name": "GetModuleHandleA", "args": [0], "addr_func": "5242956", "addr": 4217739, "ret": 4194304}, {"name": "GetModuleFileNameA", "args": [4194304, "PZM", 261], "addr_func": "5242960", "addr": 4217683, "ret": 3}, {"name": "GetModuleFileNameA", "args": [0, "a0347218f08fa486708b2d4cf45a3be4", 261], "addr_func": "5242960", "addr": 4212676, "ret": 32}, {"name": "RegOpenKeyExA", "args": [2147483649, "Software\\Borland\\Locales", 0, 983103, 2147417456], "addr_func": "5243108", "addr": 4212706, "ret": "<BV32 retval_RegOpenKeyExA_32767_32>"}, {"name": "GetModuleHandleA", "args": ["kernel32.dll"], "addr_func": "5242956", "addr": 4212250, "ret": 6295592}, {"name": "GetProcAddress", "args": [6295592, "GetLongPathNameA"], "addr_func": "5242952", "addr": 4212267, "ret": 6295596}, {"name": "GetLongPathNameA", "args": ["a0347218f08fa486708b2d4cf45a3be4", "", 261], "addr_func": "6295596", "addr": 4212297, "ret": "<BV32 retval_GetLongPathNameA_32770_32>"}, {"name": "lstrcpyA", "args": ["", ""], "addr_func": "5242936", "addr": 4212315, "ret": 2147417179}, {"name": "RegQueryValueExA", "args": [4217688, "", 0, 0, 2147417446, 2147417440], "addr_func": "5243104", "addr": 4212794, "ret": "<BV32 retval_RegQueryValueExA_32773_32>"}, {"name": "RegQueryValueExA", "args": [4217688, "", 0, 0, 2147417446, 2147417440], "addr_func": "5243104", "addr": 4212824, "ret": "<BV32 retval_RegQueryValueExA_32774_32>"}, {"name": "RegCloseKey", "args": [4217688], "addr_func": "5243112", "addr": 4212846, "ret": "<BV32 retval_RegCloseKey_32777_32>"}, {"name": "lstrcpyA", "args": ["PZM", "PZM"], "addr_func": "5242936", "addr": 4212870, "ret": 2147417179}, {"name": "GetThreadLocale", "args": [], "addr_func": "5242944", "addr": 4212883, "ret": 0}, {"name": "GetLocaleInfoA", "args": ["retval_GetThreadLocale_32782_32", 3, "", 5], "addr_func": "5242964", "addr": 4212889, "ret": "<BV32 retval_GetLocaleInfoA_32785_32>"}, {"name": "GetKeyboardType", "args": [0], "addr_func": "5243156", "addr": 4204949, "ret": 4}, {"name": "GetCommandLineA", "args": [], "addr_func": "5242972", "addr": 4217412, "ret": 0}, {"name": "GetStartupInfoA", "args": [2147417620], "addr_func": "5242948", "addr": 4198942, "ret": "None"}, {"name": "GetCurrentThreadId", "args": [], "addr_func": "5242880", "addr": 4217432, "ret": 0}, {"name": "LoadStringA", "args": [4194304, 65493, "", 1024], "addr_func": "5243160", "addr": 4213569, "ret": "<BV32 retval_LoadStringA_32791_32>"}, {"name": "LoadStringA", "args": [4194304, 65492, "", 1024], "addr_func": "5243160", "addr": 4213569, "ret": "<BV32 retval_LoadStringA_32797_32>"}, {"name": "LoadStringA", "args": [4194304, 65490, "", 1024], "addr_func": "5243160", "addr": 4213569, "ret": "<BV32 retval_LoadStringA_32802_32>"}, {"name": "LoadStringA", "args": [4194304, 65491, "", 1024], "addr_func": "5243160", "addr": 4213569, "ret": "<BV32 retval_LoadStringA_32808_32>"}, {"name": "InitializeCriticalSection", "args": [4260912], "addr_func": "5242896", "addr": 4200730, "ret": "None"}, {"name": "LocalAlloc", "args": [0, 4088], "addr_func": "5242912", "addr": 4200791, "ret": 3221258256}, {"name": "VirtualAlloc", "args": [0, 1048576, 8192, 1], "addr_func": "5242904", "addr": 4199499, "ret": 3222798336}, {"name": "LocalAlloc", "args": [0, 1604], "addr_func": "5242912", "addr": 4199051, "ret": 3221262352}, {"name": "VirtualAlloc", "args": [3222798336, "retval_LoadStringA_32808_32", 4096, 4], "addr_func": "5242904", "addr": 4199965, "ret": 3222798336}]}, "6": {"status": "ExcessLoop", "trace": [{"name": "main", "args": ["a0347218f08fa486708b2d4cf45a3be4"], "addr": 4252276, "ret": "symbolic", "addr_func": 4252276}, {"name": "GetModuleHandleA", "args": [0], "addr_func": "5242956", "addr": 4217739, "ret": 4194304}, {"name": "GetModuleFileNameA", "args": [4194304, "PZM", 261], "addr_func": "5242960", "addr": 4217683, "ret": 3}, {"name": "GetModuleFileNameA", "args": [0, "a0347218f08fa486708b2d4cf45a3be4", 261], "addr_func": "5242960", "addr": 4212676, "ret": 32}, {"name": "RegOpenKeyExA", "args": [2147483649, "Software\\Borland\\Locales", 0, 983103, 2147417456], "addr_func": "5243108", "addr": 4212706, "ret": "<BV32 retval_RegOpenKeyExA_32767_32>"}, {"name": "GetModuleHandleA", "args": ["kernel32.dll"], "addr_func": "5242956", "addr": 4212250, "ret": 6295592}, {"name": "GetProcAddress", "args": [6295592, "GetLongPathNameA"], "addr_func": "5242952", "addr": 4212267, "ret": 6295596}, {"name": "GetLongPathNameA", "args": ["a0347218f08fa486708b2d4cf45a3be4", "", 261], "addr_func": "6295596", "addr": 4212297, "ret": "<BV32 retval_GetLongPathNameA_32770_32>"}, {"name": "lstrcpyA", "args": ["", ""], "addr_func": "5242936", "addr": 4212315, "ret": 2147417179}, {"name": "RegQueryValueExA", "args": [4217688, "", 0, 0, 2147417446, 2147417440], "addr_func": "5243104", "addr": 4212794, "ret": "<BV32 retval_RegQueryValueExA_32773_32>"}, {"name": "RegQueryValueExA", "args": [4217688, "", 0, 0, 2147417446, 2147417440], "addr_func": "5243104", "addr": 4212824, "ret": "<BV32 retval_RegQueryValueExA_32774_32>"}, {"name": "RegCloseKey", "args": [4217688], "addr_func": "5243112", "addr": 4212846, "ret": "<BV32 retval_RegCloseKey_32777_32>"}, {"name": "lstrcpyA", "args": ["PZM", "PZM"], "addr_func": "5242936", "addr": 4212870, "ret": 2147417179}, {"name": "GetThreadLocale", "args": [], "addr_func": "5242944", "addr": 4212883, "ret": 0}, {"name": "GetLocaleInfoA", "args": ["retval_GetThreadLocale_32782_32", 3, "", 5], "addr_func": "5242964", "addr": 4212889, "ret": "<BV32 retval_GetLocaleInfoA_32785_32>"}, {"name": "GetKeyboardType", "args": [0], "addr_func": "5243156", "addr": 4204949, "ret": 4}, {"name": "GetCommandLineA", "args": [], "addr_func": "5242972", "addr": 4217412, "ret": 0}, {"name": "GetStartupInfoA", "args": [2147417620], "addr_func": "5242948", "addr": 4198942, "ret": "None"}, {"name": "GetCurrentThreadId", "args": [], "addr_func": "5242880", "addr": 4217432, "ret": 0}, {"name": "LoadStringA", "args": [4194304, 65493, "", 1024], "addr_func": "5243160", "addr": 4213569, "ret": "<BV32 retval_LoadStringA_32791_32>"}, {"name": "LoadStringA", "args": [4194304, 65492, "", 1024], "addr_func": "5243160", "addr": 4213569, "ret": "<BV32 retval_LoadStringA_32797_32>"}, {"name": "LoadStringA", "args": [4194304, 65490, "", 1024], "addr_func": "5243160", "addr": 4213569, "ret": "<BV32 retval_LoadStringA_32802_32>"}, {"name": "LoadStringA", "args": [4194304, 65491, "", 1024], "addr_func": "5243160", "addr": 4213569, "ret": "<BV32 retval_LoadStringA_32808_32>"}]}, "7": {"status": "ExcessLoop", "trace": [{"name": "main", "args": ["a0347218f08fa486708b2d4cf45a3be4"], "addr": 4252276, "ret": "symbolic", "addr_func": 4252276}, {"name": "GetModuleHandleA", "args": [0], "addr_func": "5242956", "addr": 4217739, "ret": 4194304}, {"name": "GetModuleFileNameA", "args": [4194304, "PZM", 261], "addr_func": "5242960", "addr": 4217683, "ret": 3}, {"name": "GetModuleFileNameA", "args": [0, "a0347218f08fa486708b2d4cf45a3be4", 261], "addr_func": "5242960", "addr": 4212676, "ret": 32}, {"name": "RegOpenKeyExA", "args": [2147483649, "Software\\Borland\\Locales", 0, 983103, 2147417456], "addr_func": "5243108", "addr": 4212706, "ret": "<BV32 retval_RegOpenKeyExA_32767_32>"}, {"name": "GetModuleHandleA", "args": ["kernel32.dll"], "addr_func": "5242956", "addr": 4212250, "ret": 6295592}, {"name": "GetProcAddress", "args": [6295592, "GetLongPathNameA"], "addr_func": "5242952", "addr": 4212267, "ret": 6295596}, {"name": "GetLongPathNameA", "args": ["a0347218f08fa486708b2d4cf45a3be4", "", 261], "addr_func": "6295596", "addr": 4212297, "ret": "<BV32 retval_GetLongPathNameA_32770_32>"}, {"name": "lstrcpyA", "args": ["", ""], "addr_func": "5242936", "addr": 4212315, "ret": 2147417179}, {"name": "RegQueryValueExA", "args": [4217688, "", 0, 0, 2147417446, 2147417440], "addr_func": "5243104", "addr": 4212794, "ret": "<BV32 retval_RegQueryValueExA_32773_32>"}, {"name": "RegQueryValueExA", "args": [4217688, "", 0, 0, 2147417446, 2147417440], "addr_func": "5243104", "addr": 4212824, "ret": "<BV32 retval_RegQueryValueExA_32774_32>"}, {"name": "RegCloseKey", "args": [4217688], "addr_func": "5243112", "addr": 4212846, "ret": "<BV32 retval_RegCloseKey_32777_32>"}, {"name": "lstrcpyA", "args": ["PZM", "PZM"], "addr_func": "5242936", "addr": 4212870, "ret": 2147417179}, {"name": "GetThreadLocale", "args": [], "addr_func": "5242944", "addr": 4212883, "ret": 0}, {"name": "GetLocaleInfoA", "args": ["retval_GetThreadLocale_32782_32", 3, "", 5], "addr_func": "5242964", "addr": 4212889, "ret": "<BV32 retval_GetLocaleInfoA_32785_32>"}, {"name": "GetKeyboardType", "args": [0], "addr_func": "5243156", "addr": 4204949, "ret": 4}, {"name": "GetCommandLineA", "args": [], "addr_func": "5242972", "addr": 4217412, "ret": 0}, {"name": "GetStartupInfoA", "args": [2147417620], "addr_func": "5242948", "addr": 4198942, "ret": "None"}, {"name": "GetCurrentThreadId", "args": [], "addr_func": "5242880", "addr": 4217432, "ret": 0}, {"name": "LoadStringA", "args": [4194304, 65493, "", 1024], "addr_func": "5243160", "addr": 4213569, "ret": "<BV32 retval_LoadStringA_32791_32>"}, {"name": "LoadStringA", "args": [4194304, 65492, "", 1024], "addr_func": "5243160", "addr": 4213569, "ret": "<BV32 retval_LoadStringA_32797_32>"}, {"name": "LoadStringA", "args": [4194304, 65490, "", 1024], "addr_func": "5243160", "addr": 4213569, "ret": "<BV32 retval_LoadStringA_32802_32>"}, {"name": "LoadStringA", "args": [4194304, 65491, "", 1024], "addr_func": "5243160", "addr": 4213569, "ret": "<BV32 retval_LoadStringA_32809_32>"}]}, "8": {"status": "ExcessLoop", "trace": [{"name": "main", "args": ["a0347218f08fa486708b2d4cf45a3be4"], "addr": 4252276, "ret": "symbolic", "addr_func": 4252276}, {"name": "GetModuleHandleA", "args": [0], "addr_func": "5242956", "addr": 4217739, "ret": 4194304}, {"name": "GetModuleFileNameA", "args": [4194304, "PZM", 261], "addr_func": "5242960", "addr": 4217683, "ret": 3}, {"name": "GetModuleFileNameA", "args": [0, "a0347218f08fa486708b2d4cf45a3be4", 261], "addr_func": "5242960", "addr": 4212676, "ret": 32}, {"name": "RegOpenKeyExA", "args": [2147483649, "Software\\Borland\\Locales", 0, 983103, 2147417456], "addr_func": "5243108", "addr": 4212706, "ret": "<BV32 retval_RegOpenKeyExA_32767_32>"}, {"name": "GetModuleHandleA", "args": ["kernel32.dll"], "addr_func": "5242956", "addr": 4212250, "ret": 6295592}, {"name": "GetProcAddress", "args": [6295592, "GetLongPathNameA"], "addr_func": "5242952", "addr": 4212267, "ret": 6295596}, {"name": "GetLongPathNameA", "args": ["a0347218f08fa486708b2d4cf45a3be4", "", 261], "addr_func": "6295596", "addr": 4212297, "ret": "<BV32 retval_GetLongPathNameA_32770_32>"}, {"name": "lstrcpyA", "args": ["", ""], "addr_func": "5242936", "addr": 4212315, "ret": 2147417179}, {"name": "RegQueryValueExA", "args": [4217688, "", 0, 0, 2147417446, 2147417440], "addr_func": "5243104", "addr": 4212794, "ret": "<BV32 retval_RegQueryValueExA_32773_32>"}, {"name": "RegQueryValueExA", "args": [4217688, "", 0, 0, 2147417446, 2147417440], "addr_func": "5243104", "addr": 4212824, "ret": "<BV32 retval_RegQueryValueExA_32774_32>"}, {"name": "RegCloseKey", "args": [4217688], "addr_func": "5243112", "addr": 4212846, "ret": "<BV32 retval_RegCloseKey_32777_32>"}, {"name": "lstrcpyA", "args": ["PZM", "PZM"], "addr_func": "5242936", "addr": 4212870, "ret": 2147417179}, {"name": "GetThreadLocale", "args": [], "addr_func": "5242944", "addr": 4212883, "ret": 0}, {"name": "GetLocaleInfoA", "args": ["retval_GetThreadLocale_32782_32", 3, "", 5], "addr_func": "5242964", "addr": 4212889, "ret": "<BV32 retval_GetLocaleInfoA_32785_32>"}, {"name": "GetKeyboardType", "args": [0], "addr_func": "5243156", "addr": 4204949, "ret": 4}, {"name": "GetCommandLineA", "args": [], "addr_func": "5242972", "addr": 4217412, "ret": 0}, {"name": "GetStartupInfoA", "args": [2147417620], "addr_func": "5242948", "addr": 4198942, "ret": "None"}, {"name": "GetCurrentThreadId", "args": [], "addr_func": "5242880", "addr": 4217432, "ret": 0}, {"name": "LoadStringA", "args": [4194304, 65493, "", 1024], "addr_func": "5243160", "addr": 4213569, "ret": "<BV32 retval_LoadStringA_32791_32>"}, {"name": "LoadStringA", "args": [4194304, 65492, "", 1024], "addr_func": "5243160", "addr": 4213569, "ret": "<BV32 retval_LoadStringA_32797_32>"}, {"name": "LoadStringA", "args": [4194304, 65490, "", 1024], "addr_func": "5243160", "addr": 4213569, "ret": "<BV32 retval_LoadStringA_32803_32>"}, {"name": "LoadStringA", "args": [4194304, 65491, "", 1024], "addr_func": "5243160", "addr": 4213569, "ret": "<BV32 retval_LoadStringA_32810_32>"}]}, "9": {"status": "ExcessLoop", "trace": [{"name": "main", "args": ["a0347218f08fa486708b2d4cf45a3be4"], "addr": 4252276, "ret": "symbolic", "addr_func": 4252276}, {"name": "GetModuleHandleA", "args": [0], "addr_func": "5242956", "addr": 4217739, "ret": 4194304}, {"name": "GetModuleFileNameA", "args": [4194304, "PZM", 261], "addr_func": "5242960", "addr": 4217683, "ret": 3}, {"name": "GetModuleFileNameA", "args": [0, "a0347218f08fa486708b2d4cf45a3be4", 261], "addr_func": "5242960", "addr": 4212676, "ret": 32}, {"name": "RegOpenKeyExA", "args": [2147483649, "Software\\Borland\\Locales", 0, 983103, 2147417456], "addr_func": "5243108", "addr": 4212706, "ret": "<BV32 retval_RegOpenKeyExA_32767_32>"}, {"name": "GetModuleHandleA", "args": ["kernel32.dll"], "addr_func": "5242956", "addr": 4212250, "ret": 6295592}, {"name": "GetProcAddress", "args": [6295592, "GetLongPathNameA"], "addr_func": "5242952", "addr": 4212267, "ret": 6295596}, {"name": "GetLongPathNameA", "args": ["a0347218f08fa486708b2d4cf45a3be4", "", 261], "addr_func": "6295596", "addr": 4212297, "ret": "<BV32 retval_GetLongPathNameA_32770_32>"}, {"name": "lstrcpyA", "args": ["", ""], "addr_func": "5242936", "addr": 4212315, "ret": 2147417179}, {"name": "RegQueryValueExA", "args": [4217688, "", 0, 0, 2147417446, 2147417440], "addr_func": "5243104", "addr": 4212794, "ret": "<BV32 retval_RegQueryValueExA_32773_32>"}, {"name": "RegQueryValueExA", "args": [4217688, "", 0, 0, 2147417446, 2147417440], "addr_func": "5243104", "addr": 4212824, "ret": "<BV32 retval_RegQueryValueExA_32774_32>"}, {"name": "RegCloseKey", "args": [4217688], "addr_func": "5243112", "addr": 4212846, "ret": "<BV32 retval_RegCloseKey_32777_32>"}, {"name": "lstrcpyA", "args": ["PZM", "PZM"], "addr_func": "5242936", "addr": 4212870, "ret": 2147417179}, {"name": "GetThreadLocale", "args": [], "addr_func": "5242944", "addr": 4212883, "ret": 0}, {"name": "GetLocaleInfoA", "args": ["retval_GetThreadLocale_32782_32", 3, "", 5], "addr_func": "5242964", "addr": 4212889, "ret": "<BV32 retval_GetLocaleInfoA_32785_32>"}, {"name": "GetKeyboardType", "args": [0], "addr_func": "5243156", "addr": 4204949, "ret": 4}, {"name": "GetCommandLineA", "args": [], "addr_func": "5242972", "addr": 4217412, "ret": 0}, {"name": "GetStartupInfoA", "args": [2147417620], "addr_func": "5242948", "addr": 4198942, "ret": "None"}, {"name": "GetCurrentThreadId", "args": [], "addr_func": "5242880", "addr": 4217432, "ret": 0}, {"name": "LoadStringA", "args": [4194304, 65493, "", 1024], "addr_func": "5243160", "addr": 4213569, "ret": "<BV32 retval_LoadStringA_32791_32>"}, {"name": "LoadStringA", "args": [4194304, 65492, "", 1024], "addr_func": "5243160", "addr": 4213569, "ret": "<BV32 retval_LoadStringA_32799_32>"}, {"name": "LoadStringA", "args": [4194304, 65490, "", 1024], "addr_func": "5243160", "addr": 4213569, "ret": "<BV32 retval_LoadStringA_32804_32>"}, {"name": "LoadStringA", "args": [4194304, 65491, "", 1024], "addr_func": "5243160", "addr": 4213569, "ret": "<BV32 retval_LoadStringA_32811_32>"}]}, "10": {"status": "ExcessLoop", "trace": [{"name": "main", "args": ["a0347218f08fa486708b2d4cf45a3be4"], "addr": 4252276, "ret": "symbolic", "addr_func": 4252276}, {"name": "GetModuleHandleA", "args": [0], "addr_func": "5242956", "addr": 4217739, "ret": 4194304}, {"name": "GetModuleFileNameA", "args": [4194304, "PZM", 261], "addr_func": "5242960", "addr": 4217683, "ret": 3}, {"name": "GetModuleFileNameA", "args": [0, "a0347218f08fa486708b2d4cf45a3be4", 261], "addr_func": "5242960", "addr": 4212676, "ret": 32}, {"name": "RegOpenKeyExA", "args": [2147483649, "Software\\Borland\\Locales", 0, 983103, 2147417456], "addr_func": "5243108", "addr": 4212706, "ret": "<BV32 retval_RegOpenKeyExA_32767_32>"}, {"name": "GetModuleHandleA", "args": ["kernel32.dll"], "addr_func": "5242956", "addr": 4212250, "ret": 6295592}, {"name": "GetProcAddress", "args": [6295592, "GetLongPathNameA"], "addr_func": "5242952", "addr": 4212267, "ret": 6295596}, {"name": "GetLongPathNameA", "args": ["a0347218f08fa486708b2d4cf45a3be4", "", 261], "addr_func": "6295596", "addr": 4212297, "ret": "<BV32 retval_GetLongPathNameA_32770_32>"}, {"name": "lstrcpyA", "args": ["", ""], "addr_func": "5242936", "addr": 4212315, "ret": 2147417179}, {"name": "RegQueryValueExA", "args": [4217688, "", 0, 0, 2147417446, 2147417440], "addr_func": "5243104", "addr": 4212794, "ret": "<BV32 retval_RegQueryValueExA_32773_32>"}, {"name": "RegQueryValueExA", "args": [4217688, "", 0, 0, 2147417446, 2147417440], "addr_func": "5243104", "addr": 4212824, "ret": "<BV32 retval_RegQueryValueExA_32774_32>"}, {"name": "RegCloseKey", "args": [4217688], "addr_func": "5243112", "addr": 4212846, "ret": "<BV32 retval_RegCloseKey_32777_32>"}, {"name": "lstrcpyA", "args": ["PZM", "PZM"], "addr_func": "5242936", "addr": 4212870, "ret": 2147417179}, {"name": "GetThreadLocale", "args": [], "addr_func": "5242944", "addr": 4212883, "ret": 0}, {"name": "GetLocaleInfoA", "args": ["retval_GetThreadLocale_32782_32", 3, "", 5], "addr_func": "5242964", "addr": 4212889, "ret": "<BV32 retval_GetLocaleInfoA_32785_32>"}, {"name": "GetKeyboardType", "args": [0], "addr_func": "5243156", "addr": 4204949, "ret": 4}, {"name": "GetCommandLineA", "args": [], "addr_func": "5242972", "addr": 4217412, "ret": 0}, {"name": "GetStartupInfoA", "args": [2147417620], "addr_func": "5242948", "addr": 4198942, "ret": "None"}, {"name": "GetCurrentThreadId", "args": [], "addr_func": "5242880", "addr": 4217432, "ret": 0}, {"name": "LoadStringA", "args": [4194304, 65493, "", 1024], "addr_func": "5243160", "addr": 4213569, "ret": "<BV32 retval_LoadStringA_32791_32>"}, {"name": "LoadStringA", "args": [4194304, 65492, "", 1024], "addr_func": "5243160", "addr": 4213569, "ret": "<BV32 retval_LoadStringA_32797_32>"}, {"name": "LoadStringA", "args": [4194304, 65490, "", 1024], "addr_func": "5243160", "addr": 4213569, "ret": "<BV32 retval_LoadStringA_32803_32>"}, {"name": "LoadStringA", "args": [4194304, 65491, "", 1024], "addr_func": "5243160", "addr": 4213569, "ret": "<BV32 retval_LoadStringA_32813_32>"}]}, "11": {"status": "ExcessLoop", "trace": [{"name": "main", "args": ["a0347218f08fa486708b2d4cf45a3be4"], "addr": 4252276, "ret": "symbolic", "addr_func": 4252276}, {"name": "GetModuleHandleA", "args": [0], "addr_func": "5242956", "addr": 4217739, "ret": 4194304}, {"name": "GetModuleFileNameA", "args": [4194304, "PZM", 261], "addr_func": "5242960", "addr": 4217683, "ret": 3}, {"name": "GetModuleFileNameA", "args": [0, "a0347218f08fa486708b2d4cf45a3be4", 261], "addr_func": "5242960", "addr": 4212676, "ret": 32}, {"name": "RegOpenKeyExA", "args": [2147483649, "Software\\Borland\\Locales", 0, 983103, 2147417456], "addr_func": "5243108", "addr": 4212706, "ret": "<BV32 retval_RegOpenKeyExA_32767_32>"}, {"name": "GetModuleHandleA", "args": ["kernel32.dll"], "addr_func": "5242956", "addr": 4212250, "ret": 6295592}, {"name": "GetProcAddress", "args": [6295592, "GetLongPathNameA"], "addr_func": "5242952", "addr": 4212267, "ret": 6295596}, {"name": "GetLongPathNameA", "args": ["a0347218f08fa486708b2d4cf45a3be4", "", 261], "addr_func": "6295596", "addr": 4212297, "ret": "<BV32 retval_GetLongPathNameA_32770_32>"}, {"name": "lstrcpynA", "args": ["a0", "a0347218f08fa486708b2d4cf45a3be4", 3], "addr_func": "5242932", "addr": 4212415, "ret": 2147416541}, {"name": "CharNextA", "args": ["47218f08fa486708b2d4cf45a3be4"], "addr_func": "5243168", "addr": 4212207, "ret": 2147417183}, {"name": "CharNextA", "args": ["7218f08fa486708b2d4cf45a3be4"], "addr_func": "5243168", "addr": 4212207, "ret": 2147417184}, {"name": "CharNextA", "args": ["218f08fa486708b2d4cf45a3be4"], "addr_func": "5243168", "addr": 4212207, "ret": 2147417185}, {"name": "CharNextA", "args": ["18f08fa486708b2d4cf45a3be4"], "addr_func": "5243168", "addr": 4212207, "ret": 2147417186}, {"name": "CharNextA", "args": ["8f08fa486708b2d4cf45a3be4"], "addr_func": "5243168", "addr": 4212207, "ret": 2147417187}, {"name": "CharNextA", "args": ["f08fa486708b2d4cf45a3be4"], "addr_func": "5243168", "addr": 4212207, "ret": 2147417188}, {"name": "CharNextA", "args": ["08fa486708b2d4cf45a3be4"], "addr_func": "5243168", "addr": 4212207, "ret": 2147417189}, {"name": "CharNextA", "args": ["8fa486708b2d4cf45a3be4"], "addr_func": "5243168", "addr": 4212207, "ret": 2147417190}, {"name": "CharNextA", "args": ["fa486708b2d4cf45a3be4"], "addr_func": "5243168", "addr": 4212207, "ret": 2147417191}, {"name": "CharNextA", "args": ["a486708b2d4cf45a3be4"], "addr_func": "5243168", "addr": 4212207, "ret": 2147417192}, {"name": "CharNextA", "args": ["486708b2d4cf45a3be4"], "addr_func": "5243168", "addr": 4212207, "ret": 2147417193}, {"name": "CharNextA", "args": ["86708b2d4cf45a3be4"], "addr_func": "5243168", "addr": 4212207, "ret": 2147417194}, {"name": "CharNextA", "args": ["6708b2d4cf45a3be4"], "addr_func": "5243168", "addr": 4212207, "ret": 2147417195}, {"name": "CharNextA", "args": ["708b2d4cf45a3be4"], "addr_func": "5243168", "addr": 4212207, "ret": 2147417196}, {"name": "CharNextA", "args": ["08b2d4cf45a3be4"], "addr_func": "5243168", "addr": 4212207, "ret": 2147417197}, {"name": "CharNextA", "args": ["8b2d4cf45a3be4"], "addr_func": "5243168", "addr": 4212207, "ret": 2147417198}, {"name": "CharNextA", "args": ["b2d4cf45a3be4"], "addr_func": "5243168", "addr": 4212207, "ret": 2147417199}, {"name": "CharNextA", "args": ["2d4cf45a3be4"], "addr_func": "5243168", "addr": 4212207, "ret": 2147417200}, {"name": "CharNextA", "args": ["d4cf45a3be4"], "addr_func": "5243168", "addr": 4212207, "ret": 2147417201}, {"name": "CharNextA", "args": ["4cf45a3be4"], "addr_func": "5243168", "addr": 4212207, "ret": 2147417202}, {"name": "CharNextA", "args": ["cf45a3be4"], "addr_func": "5243168", "addr": 4212207, "ret": 2147417203}, {"name": "CharNextA", "args": ["f45a3be4"], "addr_func": "5243168", "addr": 4212207, "ret": 2147417204}, {"name": "CharNextA", "args": ["45a3be4"], "addr_func": "5243168", "addr": 4212207, "ret": 2147417205}, {"name": "CharNextA", "args": ["5a3be4"], "addr_func": "5243168", "addr": 4212207, "ret": 2147417206}, {"name": "CharNextA", "args": ["a3be4"], "addr_func": "5243168", "addr": 4212207, "ret": 2147417207}, {"name": "CharNextA", "args": ["3be4"], "addr_func": "5243168", "addr": 4212207, "ret": 2147417208}, {"name": "CharNextA", "args": ["be4"], "addr_func": "5243168", "addr": 4212207, "ret": 2147417209}, {"name": "CharNextA", "args": ["e4"], "addr_func": "5243168", "addr": 4212207, "ret": 2147417210}, {"name": "CharNextA", "args": ["4"], "addr_func": "5243168", "addr": 4212207, "ret": 2147417211}, {"name": "lstrcpynA", "args": ["347218f08fa486708b2d4cf45a3be4", "347218f08fa486708b2d4cf45a3be4", 31], "addr_func": "5242932", "addr": 4212468, "ret": 2147416543}, {"name": "FindFirstFileA", "args": ["a0347218f08fa486708b2d4cf45a3be4", 2147416802], "addr_func": "5242980", "addr": 4212487, "ret": "<BV32 retval_FindFirstFileA_32806_32>"}, {"name": "FindClose", "args": ["retval_FindFirstFileA_32806_32"], "addr_func": "5242984", "addr": 4212500, "ret": "<BV32 retval_FindClose_32807_32>"}, {"name": "lstrlenA", "args": [""], "addr_func": "5242928", "addr": 4212512, "ret": 0}, {"name": "lstrcpyA", "args": ["", ""], "addr_func": "5242936", "addr": 4212555, "ret": 2147416544}, {"name": "lstrlenA", "args": [""], "addr_func": "5242928", "addr": 4212567, "ret": 0}, {"name": "lstrcpyA", "args": ["a0\\", "a0\\"], "addr_func": "5242936", "addr": 4212597, "ret": 2147417179}, {"name": "RegQueryValueExA", "args": [4217688, "a0\\", 0, 0, 2147417446, 2147417440], "addr_func": "5243104", "addr": 4212794, "ret": "<BV32 retval_RegQueryValueExA_32812_32>"}, {"name": "RegCloseKey", "args": [4217688], "addr_func": "5243112", "addr": 4212846, "ret": "<BV32 retval_RegCloseKey_32815_32>"}, {"name": "lstrcpyA", "args": ["PZM", "PZM"], "addr_func": "5242936", "addr": 4212870, "ret": 2147417179}, {"name": "GetThreadLocale", "args": [], "addr_func": "5242944", "addr": 4212883, "ret": 0}, {"name": "GetLocaleInfoA", "args": ["retval_GetThreadLocale_32818_32", 3, "", 5], "addr_func": "5242964", "addr": 4212889, "ret": "<BV32 retval_GetLocaleInfoA_32819_32>"}, {"name": "GetKeyboardType", "args": [0], "addr_func": "5243156", "addr": 4204949, "ret": 4}, {"name": "GetCommandLineA", "args": [], "addr_func": "5242972", "addr": 4217412, "ret": 0}, {"name": "GetStartupInfoA", "args": [2147417620], "addr_func": "5242948", "addr": 4198942, "ret": "None"}, {"name": "GetCurrentThreadId", "args": [], "addr_func": "5242880", "addr": 4217432, "ret": 0}, {"name": "LoadStringA", "args": [4194304, 65493, "", 1024], "addr_func": "5243160", "addr": 4213569, "ret": "<BV32 retval_LoadStringA_32822_32>"}, {"name": "LoadStringA", "args": [4194304, 65492, "", 1024], "addr_func": "5243160", "addr": 4213569, "ret": "<BV32 retval_LoadStringA_32824_32>"}, {"name": "LoadStringA", "args": [4194304, 65490, "", 1024], "addr_func": "5243160", "addr": 4213569, "ret": "<BV32 retval_LoadStringA_32826_32>"}, {"name": "LoadStringA", "args": [4194304, 65491, "", 1024], "addr_func": "5243160", "addr": 4213569, "ret": "<BV32 retval_LoadStringA_32828_32>"}]}, "12": {"status": "ExcessLoop", "trace": [{"name": "main", "args": ["a0347218f08fa486708b2d4cf45a3be4"], "addr": 4252276, "ret": "symbolic", "addr_func": 4252276}, {"name": "GetModuleHandleA", "args": [0], "addr_func": "5242956", "addr": 4217739, "ret": 4194304}, {"name": "GetModuleFileNameA", "args": [4194304, "PZM", 261], "addr_func": "5242960", "addr": 4217683, "ret": 3}, {"name": "GetModuleFileNameA", "args": [0, "a0347218f08fa486708b2d4cf45a3be4", 261], "addr_func": "5242960", "addr": 4212676, "ret": 32}, {"name": "RegOpenKeyExA", "args": [2147483649, "Software\\Borland\\Locales", 0, 983103, 2147417456], "addr_func": "5243108", "addr": 4212706, "ret": "<BV32 retval_RegOpenKeyExA_32767_32>"}, {"name": "GetModuleHandleA", "args": ["kernel32.dll"], "addr_func": "5242956", "addr": 4212250, "ret": 6295592}, {"name": "GetProcAddress", "args": [6295592, "GetLongPathNameA"], "addr_func": "5242952", "addr": 4212267, "ret": 6295596}, {"name": "GetLongPathNameA", "args": ["a0347218f08fa486708b2d4cf45a3be4", "", 261], "addr_func": "6295596", "addr": 4212297, "ret": "<BV32 retval_GetLongPathNameA_32770_32>"}, {"name": "lstrcpynA", "args": ["a0", "a0347218f08fa486708b2d4cf45a3be4", 3], "addr_func": "5242932", "addr": 4212415, "ret": 2147416541}, {"name": "CharNextA", "args": ["47218f08fa486708b2d4cf45a3be4"], "addr_func": "5243168", "addr": 4212207, "ret": 2147417183}, {"name": "CharNextA", "args": ["7218f08fa486708b2d4cf45a3be4"], "addr_func": "5243168", "addr": 4212207, "ret": 2147417184}, {"name": "CharNextA", "args": ["218f08fa486708b2d4cf45a3be4"], "addr_func": "5243168", "addr": 4212207, "ret": 2147417185}, {"name": "CharNextA", "args": ["18f08fa486708b2d4cf45a3be4"], "addr_func": "5243168", "addr": 4212207, "ret": 2147417186}, {"name": "CharNextA", "args": ["8f08fa486708b2d4cf45a3be4"], "addr_func": "5243168", "addr": 4212207, "ret": 2147417187}, {"name": "CharNextA", "args": ["f08fa486708b2d4cf45a3be4"], "addr_func": "5243168", "addr": 4212207, "ret": 2147417188}, {"name": "CharNextA", "args": ["08fa486708b2d4cf45a3be4"], "addr_func": "5243168", "addr": 4212207, "ret": 2147417189}, {"name": "CharNextA", "args": ["8fa486708b2d4cf45a3be4"], "addr_func": "5243168", "addr": 4212207, "ret": 2147417190}, {"name": "CharNextA", "args": ["fa486708b2d4cf45a3be4"], "addr_func": "5243168", "addr": 4212207, "ret": 2147417191}, {"name": "CharNextA", "args": ["a486708b2d4cf45a3be4"], "addr_func": "5243168", "addr": 4212207, "ret": 2147417192}, {"name": "CharNextA", "args": ["486708b2d4cf45a3be4"], "addr_func": "5243168", "addr": 4212207, "ret": 2147417193}, {"name": "CharNextA", "args": ["86708b2d4cf45a3be4"], "addr_func": "5243168", "addr": 4212207, "ret": 2147417194}, {"name": "CharNextA", "args": ["6708b2d4cf45a3be4"], "addr_func": "5243168", "addr": 4212207, "ret": 2147417195}, {"name": "CharNextA", "args": ["708b2d4cf45a3be4"], "addr_func": "5243168", "addr": 4212207, "ret": 2147417196}, {"name": "CharNextA", "args": ["08b2d4cf45a3be4"], "addr_func": "5243168", "addr": 4212207, "ret": 2147417197}, {"name": "CharNextA", "args": ["8b2d4cf45a3be4"], "addr_func": "5243168", "addr": 4212207, "ret": 2147417198}, {"name": "CharNextA", "args": ["b2d4cf45a3be4"], "addr_func": "5243168", "addr": 4212207, "ret": 2147417199}, {"name": "CharNextA", "args": ["2d4cf45a3be4"], "addr_func": "5243168", "addr": 4212207, "ret": 2147417200}, {"name": "CharNextA", "args": ["d4cf45a3be4"], "addr_func": "5243168", "addr": 4212207, "ret": 2147417201}, {"name": "CharNextA", "args": ["4cf45a3be4"], "addr_func": "5243168", "addr": 4212207, "ret": 2147417202}, {"name": "CharNextA", "args": ["cf45a3be4"], "addr_func": "5243168", "addr": 4212207, "ret": 2147417203}, {"name": "CharNextA", "args": ["f45a3be4"], "addr_func": "5243168", "addr": 4212207, "ret": 2147417204}, {"name": "CharNextA", "args": ["45a3be4"], "addr_func": "5243168", "addr": 4212207, "ret": 2147417205}, {"name": "CharNextA", "args": ["5a3be4"], "addr_func": "5243168", "addr": 4212207, "ret": 2147417206}, {"name": "CharNextA", "args": ["a3be4"], "addr_func": "5243168", "addr": 4212207, "ret": 2147417207}, {"name": "CharNextA", "args": ["3be4"], "addr_func": "5243168", "addr": 4212207, "ret": 2147417208}, {"name": "CharNextA", "args": ["be4"], "addr_func": "5243168", "addr": 4212207, "ret": 2147417209}, {"name": "CharNextA", "args": ["e4"], "addr_func": "5243168", "addr": 4212207, "ret": 2147417210}, {"name": "CharNextA", "args": ["4"], "addr_func": "5243168", "addr": 4212207, "ret": 2147417211}, {"name": "lstrcpynA", "args": ["347218f08fa486708b2d4cf45a3be4", "347218f08fa486708b2d4cf45a3be4", 31], "addr_func": "5242932", "addr": 4212468, "ret": 2147416543}, {"name": "FindFirstFileA", "args": ["a0347218f08fa486708b2d4cf45a3be4", 2147416802], "addr_func": "5242980", "addr": 4212487, "ret": "<BV32 retval_FindFirstFileA_32806_32>"}, {"name": "FindClose", "args": ["retval_FindFirstFileA_32806_32"], "addr_func": "5242984", "addr": 4212500, "ret": "<BV32 retval_FindClose_32807_32>"}, {"name": "lstrlenA", "args": [""], "addr_func": "5242928", "addr": 4212512, "ret": 0}, {"name": "lstrcpyA", "args": ["", ""], "addr_func": "5242936", "addr": 4212555, "ret": 2147416544}, {"name": "lstrlenA", "args": [""], "addr_func": "5242928", "addr": 4212567, "ret": 0}, {"name": "lstrcpyA", "args": ["a0\\", "a0\\"], "addr_func": "5242936", "addr": 4212597, "ret": 2147417179}, {"name": "RegQueryValueExA", "args": [4217688, "a0\\", 0, 0, 2147417446, 2147417440], "addr_func": "5243104", "addr": 4212794, "ret": "<BV32 retval_RegQueryValueExA_32812_32>"}, {"name": "RegCloseKey", "args": [4217688], "addr_func": "5243112", "addr": 4212846, "ret": "<BV32 retval_RegCloseKey_32815_32>"}, {"name": "lstrcpyA", "args": ["PZM", "PZM"], "addr_func": "5242936", "addr": 4212870, "ret": 2147417179}, {"name": "GetThreadLocale", "args": [], "addr_func": "5242944", "addr": 4212883, "ret": 0}, {"name": "GetLocaleInfoA", "args": ["retval_GetThreadLocale_32818_32", 3, "", 5], "addr_func": "5242964", "addr": 4212889, "ret": "<BV32 retval_GetLocaleInfoA_32819_32>"}, {"name": "GetKeyboardType", "args": [0], "addr_func": "5243156", "addr": 4204949, "ret": 4}, {"name": "GetCommandLineA", "args": [], "addr_func": "5242972", "addr": 4217412, "ret": 0}, {"name": "GetStartupInfoA", "args": [2147417620], "addr_func": "5242948", "addr": 4198942, "ret": "None"}, {"name": "GetCurrentThreadId", "args": [], "addr_func": "5242880", "addr": 4217432, "ret": 0}, {"name": "LoadStringA", "args": [4194304, 65493, "", 1024], "addr_func": "5243160", "addr": 4213569, "ret": "<BV32 retval_LoadStringA_32822_32>"}, {"name": "LoadStringA", "args": [4194304, 65492, "", 1024], "addr_func": "5243160", "addr": 4213569, "ret": "<BV32 retval_LoadStringA_32824_32>"}, {"name": "LoadStringA", "args": [4194304, 65490, "", 1024], "addr_func": "5243160", "addr": 4213569, "ret": "<BV32 retval_LoadStringA_32826_32>"}, {"name": "LoadStringA", "args": [4194304, 65491, "", 1024], "addr_func": "5243160", "addr": 4213569, "ret": "<BV32 retval_LoadStringA_32829_32>"}]}, "13": {"status": "ExcessLoop", "trace": [{"name": "main", "args": ["a0347218f08fa486708b2d4cf45a3be4"], "addr": 4252276, "ret": "symbolic", "addr_func": 4252276}, {"name": "GetModuleHandleA", "args": [0], "addr_func": "5242956", "addr": 4217739, "ret": 4194304}, {"name": "GetModuleFileNameA", "args": [4194304, "PZM", 261], "addr_func": "5242960", "addr": 4217683, "ret": 3}, {"name": "GetModuleFileNameA", "args": [0, "a0347218f08fa486708b2d4cf45a3be4", 261], "addr_func": "5242960", "addr": 4212676, "ret": 32}, {"name": "RegOpenKeyExA", "args": [2147483649, "Software\\Borland\\Locales", 0, 983103, 2147417456], "addr_func": "5243108", "addr": 4212706, "ret": "<BV32 retval_RegOpenKeyExA_32767_32>"}, {"name": "GetModuleHandleA", "args": ["kernel32.dll"], "addr_func": "5242956", "addr": 4212250, "ret": 6295592}, {"name": "GetProcAddress", "args": [6295592, "GetLongPathNameA"], "addr_func": "5242952", "addr": 4212267, "ret": 6295596}, {"name": "GetLongPathNameA", "args": ["a0347218f08fa486708b2d4cf45a3be4", "", 261], "addr_func": "6295596", "addr": 4212297, "ret": "<BV32 retval_GetLongPathNameA_32770_32>"}, {"name": "lstrcpyA", "args": ["", ""], "addr_func": "5242936", "addr": 4212315, "ret": 2147417179}, {"name": "RegQueryValueExA", "args": [4217688, "", 0, 0, 2147417446, 2147417440], "addr_func": "5243104", "addr": 4212794, "ret": "<BV32 retval_RegQueryValueExA_32773_32>"}, {"name": "RegQueryValueExA", "args": [4217688, "", 0, 0, 2147417446, 2147417440], "addr_func": "5243104", "addr": 4212824, "ret": "<BV32 retval_RegQueryValueExA_32774_32>"}, {"name": "RegCloseKey", "args": [4217688], "addr_func": "5243112", "addr": 4212846, "ret": "<BV32 retval_RegCloseKey_32777_32>"}, {"name": "lstrcpyA", "args": ["PZM", "PZM"], "addr_func": "5242936", "addr": 4212870, "ret": 2147417179}, {"name": "GetThreadLocale", "args": [], "addr_func": "5242944", "addr": 4212883, "ret": 0}, {"name": "GetLocaleInfoA", "args": ["retval_GetThreadLocale_32782_32", 3, "", 5], "addr_func": "5242964", "addr": 4212889, "ret": "<BV32 retval_GetLocaleInfoA_32785_32>"}, {"name": "GetKeyboardType", "args": [0], "addr_func": "5243156", "addr": 4204949, "ret": 4}, {"name": "GetCommandLineA", "args": [], "addr_func": "5242972", "addr": 4217412, "ret": 0}, {"name": "GetStartupInfoA", "args": [2147417620], "addr_func": "5242948", "addr": 4198942, "ret": "None"}, {"name": "GetCurrentThreadId", "args": [], "addr_func": "5242880", "addr": 4217432, "ret": 0}, {"name": "LoadStringA", "args": [4194304, 65493, "", 1024], "addr_func": "5243160", "addr": 4213569, "ret": "<BV32 retval_LoadStringA_32791_32>"}, {"name": "LoadStringA", "args": [4194304, 65492, "", 1024], "addr_func": "5243160", "addr": 4213569, "ret": "<BV32 retval_LoadStringA_32797_32>"}, {"name": "LoadStringA", "args": [4194304, 65490, "", 1024], "addr_func": "5243160", "addr": 4213569, "ret": "<BV32 retval_LoadStringA_32802_32>"}, {"name": "LoadStringA", "args": [4194304, 65491, "", 1024], "addr_func": "5243160", "addr": 4213569, "ret": "<BV32 retval_LoadStringA_32808_32>"}, {"name": "InitializeCriticalSection", "args": [4260912], "addr_func": "5242896", "addr": 4200730, "ret": "None"}, {"name": "LocalAlloc", "args": [0, 4088], "addr_func": "5242912", "addr": 4200791, "ret": 3221258256}, {"name": "VirtualAlloc", "args": [0, 1048576, 8192, 1], "addr_func": "5242904", "addr": 4199499, "ret": 3222798336}, {"name": "LocalAlloc", "args": [0, 1604], "addr_func": "5242912", "addr": 4199051, "ret": 3221262352}]}, "14": {"status": "ExcessLoop", "trace": [{"name": "main", "args": ["a0347218f08fa486708b2d4cf45a3be4"], "addr": 4252276, "ret": "symbolic", "addr_func": 4252276}, {"name": "GetModuleHandleA", "args": [0], "addr_func": "5242956", "addr": 4217739, "ret": 4194304}, {"name": "GetModuleFileNameA", "args": [4194304, "PZM", 261], "addr_func": "5242960", "addr": 4217683, "ret": 3}, {"name": "GetModuleFileNameA", "args": [0, "a0347218f08fa486708b2d4cf45a3be4", 261], "addr_func": "5242960", "addr": 4212676, "ret": 32}, {"name": "RegOpenKeyExA", "args": [2147483649, "Software\\Borland\\Locales", 0, 983103, 2147417456], "addr_func": "5243108", "addr": 4212706, "ret": "<BV32 retval_RegOpenKeyExA_32767_32>"}, {"name": "GetModuleHandleA", "args": ["kernel32.dll"], "addr_func": "5242956", "addr": 4212250, "ret": 6295592}, {"name": "GetProcAddress", "args": [6295592, "GetLongPathNameA"], "addr_func": "5242952", "addr": 4212267, "ret": 6295596}, {"name": "GetLongPathNameA", "args": ["a0347218f08fa486708b2d4cf45a3be4", "", 261], "addr_func": "6295596", "addr": 4212297, "ret": "<BV32 retval_GetLongPathNameA_32770_32>"}, {"name": "lstrcpyA", "args": ["", ""], "addr_func": "5242936", "addr": 4212315, "ret": 2147417179}, {"name": "RegQueryValueExA", "args": [4217688, "", 0, 0, 2147417446, 2147417440], "addr_func": "5243104", "addr": 4212794, "ret": "<BV32 retval_RegQueryValueExA_32773_32>"}, {"name": "RegQueryValueExA", "args": [4217688, "", 0, 0, 2147417446, 2147417440], "addr_func": "5243104", "addr": 4212824, "ret": "<BV32 retval_RegQueryValueExA_32774_32>"}, {"name": "RegCloseKey", "args": [4217688], "addr_func": "5243112", "addr": 4212846, "ret": "<BV32 retval_RegCloseKey_32777_32>"}, {"name": "lstrcpyA", "args": ["PZM", "PZM"], "addr_func": "5242936", "addr": 4212870, "ret": 2147417179}, {"name": "GetThreadLocale", "args": [], "addr_func": "5242944", "addr": 4212883, "ret": 0}, {"name": "GetLocaleInfoA", "args": ["retval_GetThreadLocale_32782_32", 3, "", 5], "addr_func": "5242964", "addr": 4212889, "ret": "<BV32 retval_GetLocaleInfoA_32785_32>"}, {"name": "GetKeyboardType", "args": [0], "addr_func": "5243156", "addr": 4204949, "ret": 4}, {"name": "GetCommandLineA", "args": [], "addr_func": "5242972", "addr": 4217412, "ret": 0}, {"name": "GetStartupInfoA", "args": [2147417620], "addr_func": "5242948", "addr": 4198942, "ret": "None"}, {"name": "GetCurrentThreadId", "args": [], "addr_func": "5242880", "addr": 4217432, "ret": 0}, {"name": "LoadStringA", "args": [4194304, 65493, "", 1024], "addr_func": "5243160", "addr": 4213569, "ret": "<BV32 retval_LoadStringA_32791_32>"}, {"name": "LoadStringA", "args": [4194304, 65492, "", 1024], "addr_func": "5243160", "addr": 4213569, "ret": "<BV32 retval_LoadStringA_32797_32>"}, {"name": "LoadStringA", "args": [4194304, 65490, "", 1024], "addr_func": "5243160", "addr": 4213569, "ret": "<BV32 retval_LoadStringA_32802_32>"}, {"name": "LoadStringA", "args": [4194304, 65491, "", 1024], "addr_func": "5243160", "addr": 4213569, "ret": "<BV32 retval_LoadStringA_32809_32>"}, {"name": "InitializeCriticalSection", "args": [4260912], "addr_func": "5242896", "addr": 4200730, "ret": "None"}, {"name": "LocalAlloc", "args": [0, 4088], "addr_func": "5242912", "addr": 4200791, "ret": 3221258256}, {"name": "VirtualAlloc", "args": [0, 1048576, 8192, 1], "addr_func": "5242904", "addr": 4199499, "ret": 3222798336}, {"name": "LocalAlloc", "args": [0, 1604], "addr_func": "5242912", "addr": 4199051, "ret": 3221262352}]}, "15": {"status": "ExcessLoop", "trace": [{"name": "main", "args": ["a0347218f08fa486708b2d4cf45a3be4"], "addr": 4252276, "ret": "symbolic", "addr_func": 4252276}, {"name": "GetModuleHandleA", "args": [0], "addr_func": "5242956", "addr": 4217739, "ret": 4194304}, {"name": "GetModuleFileNameA", "args": [4194304, "PZM", 261], "addr_func": "5242960", "addr": 4217683, "ret": 3}, {"name": "GetModuleFileNameA", "args": [0, "a0347218f08fa486708b2d4cf45a3be4", 261], "addr_func": "5242960", "addr": 4212676, "ret": 32}, {"name": "RegOpenKeyExA", "args": [2147483649, "Software\\Borland\\Locales", 0, 983103, 2147417456], "addr_func": "5243108", "addr": 4212706, "ret": "<BV32 retval_RegOpenKeyExA_32767_32>"}, {"name": "GetModuleHandleA", "args": ["kernel32.dll"], "addr_func": "5242956", "addr": 4212250, "ret": 6295592}, {"name": "GetProcAddress", "args": [6295592, "GetLongPathNameA"], "addr_func": "5242952", "addr": 4212267, "ret": 6295596}, {"name": "GetLongPathNameA", "args": ["a0347218f08fa486708b2d4cf45a3be4", "", 261], "addr_func": "6295596", "addr": 4212297, "ret": "<BV32 retval_GetLongPathNameA_32770_32>"}, {"name": "lstrcpyA", "args": ["", ""], "addr_func": "5242936", "addr": 4212315, "ret": 2147417179}, {"name": "RegQueryValueExA", "args": [4217688, "", 0, 0, 2147417446, 2147417440], "addr_func": "5243104", "addr": 4212794, "ret": "<BV32 retval_RegQueryValueExA_32773_32>"}, {"name": "RegQueryValueExA", "args": [4217688, "", 0, 0, 2147417446, 2147417440], "addr_func": "5243104", "addr": 4212824, "ret": "<BV32 retval_RegQueryValueExA_32774_32>"}, {"name": "RegCloseKey", "args": [4217688], "addr_func": "5243112", "addr": 4212846, "ret": "<BV32 retval_RegCloseKey_32777_32>"}, {"name": "lstrcpyA", "args": ["PZM", "PZM"], "addr_func": "5242936", "addr": 4212870, "ret": 2147417179}, {"name": "GetThreadLocale", "args": [], "addr_func": "5242944", "addr": 4212883, "ret": 0}, {"name": "GetLocaleInfoA", "args": ["retval_GetThreadLocale_32782_32", 3, "", 5], "addr_func": "5242964", "addr": 4212889, "ret": "<BV32 retval_GetLocaleInfoA_32785_32>"}, {"name": "GetKeyboardType", "args": [0], "addr_func": "5243156", "addr": 4204949, "ret": 4}, {"name": "GetCommandLineA", "args": [], "addr_func": "5242972", "addr": 4217412, "ret": 0}, {"name": "GetStartupInfoA", "args": [2147417620], "addr_func": "5242948", "addr": 4198942, "ret": "None"}, {"name": "GetCurrentThreadId", "args": [], "addr_func": "5242880", "addr": 4217432, "ret": 0}, {"name": "LoadStringA", "args": [4194304, 65493, "", 1024], "addr_func": "5243160", "addr": 4213569, "ret": "<BV32 retval_LoadStringA_32791_32>"}, {"name": "LoadStringA", "args": [4194304, 65492, "", 1024], "addr_func": "5243160", "addr": 4213569, "ret": "<BV32 retval_LoadStringA_32797_32>"}, {"name": "LoadStringA", "args": [4194304, 65490, "", 1024], "addr_func": "5243160", "addr": 4213569, "ret": "<BV32 retval_LoadStringA_32802_32>"}, {"name": "LoadStringA", "args": [4194304, 65491, "", 1024], "addr_func": "5243160", "addr": 4213569, "ret": "<BV32 retval_LoadStringA_32809_32>"}, {"name": "InitializeCriticalSection", "args": [4260912], "addr_func": "5242896", "addr": 4200730, "ret": "None"}, {"name": "LocalAlloc", "args": [0, 4088], "addr_func": "5242912", "addr": 4200791, "ret": 3221258256}, {"name": "VirtualAlloc", "args": [0, 1048576, 8192, 1], "addr_func": "5242904", "addr": 4199499, "ret": 3222798336}, {"name": "LocalAlloc", "args": [0, 1604], "addr_func": "5242912", "addr": 4199051, "ret": 3221262352}, {"name": "VirtualAlloc", "args": [3222798336, "retval_LoadStringA_32809_32", 4096, 4], "addr_func": "5242904", "addr": 4199965, "ret": 3222798336}]}, "sections": {"UPX0": {"vaddr": 4198400, "memsize": 69632, "is_readable": true, "is_writable": true, "is_executable": true}, "UPX1": {"vaddr": 4268032, "memsize": 32768, "is_readable": true, "is_writable": true, "is_executable": true}, ".rsrc": {"vaddr": 4300800, "memsize": 4096, "is_readable": true, "is_writable": true, "is_executable": false}, ".imports": {"vaddr": 4304896, "memsize": 4096, "is_readable": true, "is_writable": true, "is_executable": false}}}