{"0": {"status": "active", "trace": [{"name": "main", "args": ["a0217c63b7c732ddefc7ae0368b87d5d"], "addr": 4782064, "ret": "symbolic", "addr_func": 4782064}, {"name": "GetModuleHandleA", "args": [0], "addr_func": "6291564", "addr": 4221920, "ret": 4194304}, {"name": "GetKeyboardType", "args": [0], "addr_func": "6291480", "addr": 4209973, "ret": 4}, {"name": "GetCommandLineA", "args": [], "addr_func": "6291580", "addr": 4780140, "ret": 0}, {"name": "GetStartupInfoA", "args": [2147417624], "addr_func": "6291556", "addr": 4199278, "ret": "None"}, {"name": "GetACP", "args": [], "addr_func": "6291500", "addr": 4780160, "ret": 0}, {"name": "GetCurrentThreadId", "args": [], "addr_func": "6291516", "addr": 4780170, "ret": 0}, {"name": "GetModuleFileNameA", "args": [4194304, "PZM", 261], "addr_func": "6291568", "addr": 4218646, "ret": 3}, {"name": "GetModuleFileNameA", "args": [0, "a0217c63b7c732ddefc7ae0368b87d5d", 261], "addr_func": "6291568", "addr": 4219256, "ret": 32}, {"name": "RegOpenKeyExA", "args": [2147483649, "Software\\Borland\\Locales", 0, 983065, 2147413240], "addr_func": "6291472", "addr": 4219286, "ret": "<BV32 retval_RegOpenKeyExA_32768_32>"}, {"name": "RegOpenKeyExA", "args": [2147483650, "Software\\Borland\\Locales", 0, 983065, 2147413240], "addr_func": "6291472", "addr": 4219316, "ret": "<BV32 retval_RegOpenKeyExA_32769_32>"}, {"name": "GetModuleHandleA", "args": ["kernel32.dll"], "addr_func": "6291564", "addr": 4218805, "ret": 7344168}, {"name": "GetProcAddress", "args": [7344168, "GetLongPathNameA"], "addr_func": "6291560", "addr": 4218828, "ret": 7344172}, {"name": "GetLongPathNameA", "args": ["a0217c63b7c732ddefc7ae0368b87d5d", "", 261], "addr_func": "7344172", "addr": 4218855, "ret": "<BV32 retval_GetLongPathNameA_32773_32>"}, {"name": "lstrcpynA", "args": ["", "", 261], "addr_func": "6291544", "addr": 4218876, "ret": 2147412963}, {"name": "RegQueryValueExA", "args": [4218651, "", 0, 0, 2147413230, 2147413224], "addr_func": "6291468", "addr": 4219419, "ret": "<BV32 retval_RegQueryValueExA_32777_32>"}, {"name": "RegCloseKey", "args": [4218651], "addr_func": "6291476", "addr": 4219483, "ret": "<BV32 retval_RegCloseKey_32780_32>"}, {"name": "lstrcpynA", "args": ["PZM", "PZM", 261], "addr_func": "6291544", "addr": 4219512, "ret": 2147412963}, {"name": "GetThreadLocale", "args": [], "addr_func": "6291552", "addr": 4219525, "ret": 0}, {"name": "GetLocaleInfoA", "args": ["retval_GetThreadLocale_32790_32", 3, "", 5], "addr_func": "6291572", "addr": 4219531, "ret": "<BV32 retval_GetLocaleInfoA_32793_32>"}, {"name": "LoadStringA", "args": [4194304, 65503, 2147413560, 4096], "addr_func": "6291488", "addr": 4221570, "ret": "<BV32 retval_LoadStringA_32800_32>"}, {"name": "LoadStringA", "args": [4194304, 65502, 2147413560, 4096], "addr_func": "6291488", "addr": 4221570, "ret": "<BV32 retval_LoadStringA_32805_32>"}, {"name": "LoadStringA", "args": [4194304, 65500, 2147413560, 4096], "addr_func": "6291488", "addr": 4221570, "ret": "<BV32 retval_LoadStringA_32809_32>"}, {"name": "LoadStringA", "args": [4194304, 65501, 2147413560, 4096], "addr_func": "6291488", "addr": 4221570, "ret": "<BV32 retval_LoadStringA_32813_32>"}]}, "1": {"status": "active", "trace": [{"name": "main", "args": ["a0217c63b7c732ddefc7ae0368b87d5d"], "addr": 4782064, "ret": "symbolic", "addr_func": 4782064}, {"name": "GetModuleHandleA", "args": [0], "addr_func": "6291564", "addr": 4221920, "ret": 4194304}, {"name": "GetKeyboardType", "args": [0], "addr_func": "6291480", "addr": 4209973, "ret": 4}, {"name": "GetCommandLineA", "args": [], "addr_func": "6291580", "addr": 4780140, "ret": 0}, {"name": "GetStartupInfoA", "args": [2147417624], "addr_func": "6291556", "addr": 4199278, "ret": "None"}, {"name": "GetACP", "args": [], "addr_func": "6291500", "addr": 4780160, "ret": 0}, {"name": "GetCurrentThreadId", "args": [], "addr_func": "6291516", "addr": 4780170, "ret": 0}, {"name": "GetModuleFileNameA", "args": [4194304, "PZM", 261], "addr_func": "6291568", "addr": 4218646, "ret": 3}, {"name": "GetModuleFileNameA", "args": [0, "a0217c63b7c732ddefc7ae0368b87d5d", 261], "addr_func": "6291568", "addr": 4219256, "ret": 32}, {"name": "RegOpenKeyExA", "args": [2147483649, "Software\\Borland\\Locales", 0, 983065, 2147413240], "addr_func": "6291472", "addr": 4219286, "ret": "<BV32 retval_RegOpenKeyExA_32768_32>"}, {"name": "RegOpenKeyExA", "args": [2147483650, "Software\\Borland\\Locales", 0, 983065, 2147413240], "addr_func": "6291472", "addr": 4219316, "ret": "<BV32 retval_RegOpenKeyExA_32769_32>"}, {"name": "GetModuleHandleA", "args": ["kernel32.dll"], "addr_func": "6291564", "addr": 4218805, "ret": 7344168}, {"name": "GetProcAddress", "args": [7344168, "GetLongPathNameA"], "addr_func": "6291560", "addr": 4218828, "ret": 7344172}, {"name": "GetLongPathNameA", "args": ["a0217c63b7c732ddefc7ae0368b87d5d", "", 261], "addr_func": "7344172", "addr": 4218855, "ret": "<BV32 retval_GetLongPathNameA_32773_32>"}, {"name": "lstrcpynA", "args": ["", "", 261], "addr_func": "6291544", "addr": 4218876, "ret": 2147412963}, {"name": "RegQueryValueExA", "args": [4218651, "", 0, 0, 2147413230, 2147413224], "addr_func": "6291468", "addr": 4219419, "ret": "<BV32 retval_RegQueryValueExA_32777_32>"}, {"name": "RegCloseKey", "args": [4218651], "addr_func": "6291476", "addr": 4219483, "ret": "<BV32 retval_RegCloseKey_32780_32>"}, {"name": "lstrcpynA", "args": ["PZM", "PZM", 261], "addr_func": "6291544", "addr": 4219512, "ret": 2147412963}, {"name": "GetThreadLocale", "args": [], "addr_func": "6291552", "addr": 4219525, "ret": 0}, {"name": "GetLocaleInfoA", "args": ["retval_GetThreadLocale_32790_32", 3, "", 5], "addr_func": "6291572", "addr": 4219531, "ret": "<BV32 retval_GetLocaleInfoA_32793_32>"}, {"name": "LoadStringA", "args": [4194304, 65503, 2147413560, 4096], "addr_func": "6291488", "addr": 4221570, "ret": "<BV32 retval_LoadStringA_32800_32>"}, {"name": "LoadStringA", "args": [4194304, 65502, 2147413560, 4096], "addr_func": "6291488", "addr": 4221570, "ret": "<BV32 retval_LoadStringA_32805_32>"}, {"name": "LoadStringA", "args": [4194304, 65500, 2147413560, 4096], "addr_func": "6291488", "addr": 4221570, "ret": "<BV32 retval_LoadStringA_32809_32>"}, {"name": "LoadStringA", "args": [4194304, 65501, 2147413560, 4096], "addr_func": "6291488", "addr": 4221570, "ret": "<BV32 retval_LoadStringA_32813_32>"}, {"name": "VirtualAlloc", "args": [0, 1310720, 4096, 4], "addr_func": "6291512", "addr": 4200118, "ret": 3223060480}, {"name": "LoadStringA", "args": [4194304, 65488, "Hz@", 4096], "addr_func": "6291488", "addr": 4221570, "ret": "<BV32 retval_LoadStringA_32827_32>"}]}, "2": {"status": "active", "trace": [{"name": "main", "args": ["a0217c63b7c732ddefc7ae0368b87d5d"], "addr": 4782064, "ret": "symbolic", "addr_func": 4782064}, {"name": "GetModuleHandleA", "args": [0], "addr_func": "6291564", "addr": 4221920, "ret": 4194304}, {"name": "GetKeyboardType", "args": [0], "addr_func": "6291480", "addr": 4209973, "ret": 4}, {"name": "GetCommandLineA", "args": [], "addr_func": "6291580", "addr": 4780140, "ret": 0}, {"name": "GetStartupInfoA", "args": [2147417624], "addr_func": "6291556", "addr": 4199278, "ret": "None"}, {"name": "GetACP", "args": [], "addr_func": "6291500", "addr": 4780160, "ret": 0}, {"name": "GetCurrentThreadId", "args": [], "addr_func": "6291516", "addr": 4780170, "ret": 0}, {"name": "GetModuleFileNameA", "args": [4194304, "PZM", 261], "addr_func": "6291568", "addr": 4218646, "ret": 3}, {"name": "GetModuleFileNameA", "args": [0, "a0217c63b7c732ddefc7ae0368b87d5d", 261], "addr_func": "6291568", "addr": 4219256, "ret": 32}, {"name": "RegOpenKeyExA", "args": [2147483649, "Software\\Borland\\Locales", 0, 983065, 2147413240], "addr_func": "6291472", "addr": 4219286, "ret": "<BV32 retval_RegOpenKeyExA_32768_32>"}, {"name": "RegOpenKeyExA", "args": [2147483650, "Software\\Borland\\Locales", 0, 983065, 2147413240], "addr_func": "6291472", "addr": 4219316, "ret": "<BV32 retval_RegOpenKeyExA_32769_32>"}, {"name": "GetModuleHandleA", "args": ["kernel32.dll"], "addr_func": "6291564", "addr": 4218805, "ret": 7344168}, {"name": "GetProcAddress", "args": [7344168, "GetLongPathNameA"], "addr_func": "6291560", "addr": 4218828, "ret": 7344172}, {"name": "GetLongPathNameA", "args": ["a0217c63b7c732ddefc7ae0368b87d5d", "", 261], "addr_func": "7344172", "addr": 4218855, "ret": "<BV32 retval_GetLongPathNameA_32773_32>"}, {"name": "lstrcpynA", "args": ["", "", 261], "addr_func": "6291544", "addr": 4218876, "ret": 2147412963}, {"name": "RegQueryValueExA", "args": [4218651, "", 0, 0, 2147413230, 2147413224], "addr_func": "6291468", "addr": 4219419, "ret": "<BV32 retval_RegQueryValueExA_32777_32>"}, {"name": "RegCloseKey", "args": [4218651], "addr_func": "6291476", "addr": 4219483, "ret": "<BV32 retval_RegCloseKey_32780_32>"}, {"name": "lstrcpynA", "args": ["PZM", "PZM", 261], "addr_func": "6291544", "addr": 4219512, "ret": 2147412963}, {"name": "GetThreadLocale", "args": [], "addr_func": "6291552", "addr": 4219525, "ret": 0}, {"name": "GetLocaleInfoA", "args": ["retval_GetThreadLocale_32790_32", 3, "", 5], "addr_func": "6291572", "addr": 4219531, "ret": "<BV32 retval_GetLocaleInfoA_32793_32>"}, {"name": "LoadStringA", "args": [4194304, 65503, 2147413560, 4096], "addr_func": "6291488", "addr": 4221570, "ret": "<BV32 retval_LoadStringA_32800_32>"}, {"name": "LoadStringA", "args": [4194304, 65502, 2147413560, 4096], "addr_func": "6291488", "addr": 4221570, "ret": "<BV32 retval_LoadStringA_32805_32>"}, {"name": "LoadStringA", "args": [4194304, 65500, 2147413560, 4096], "addr_func": "6291488", "addr": 4221570, "ret": "<BV32 retval_LoadStringA_32809_32>"}, {"name": "LoadStringA", "args": [4194304, 65501, 2147413560, 4096], "addr_func": "6291488", "addr": 4221570, "ret": "<BV32 retval_LoadStringA_32813_32>"}, {"name": "VirtualAlloc", "args": [0, 1310720, 4096, 4], "addr_func": "6291512", "addr": 4200118, "ret": 3223060480}, {"name": "LoadStringA", "args": [4194304, 65488, "Hz@", 4096], "addr_func": "6291488", "addr": 4221570, "ret": "<BV32 retval_LoadStringA_32827_32>"}, {"name": "LoadStringA", "args": [4194304, 65496, 2147413560, 4096], "addr_func": "6291488", "addr": 4221570, "ret": "<BV32 retval_LoadStringA_32828_32>"}]}, "3": {"status": "active", "trace": [{"name": "main", "args": ["a0217c63b7c732ddefc7ae0368b87d5d"], "addr": 4782064, "ret": "symbolic", "addr_func": 4782064}, {"name": "GetModuleHandleA", "args": [0], "addr_func": "6291564", "addr": 4221920, "ret": 4194304}, {"name": "GetKeyboardType", "args": [0], "addr_func": "6291480", "addr": 4209973, "ret": 4}, {"name": "GetCommandLineA", "args": [], "addr_func": "6291580", "addr": 4780140, "ret": 0}, {"name": "GetStartupInfoA", "args": [2147417624], "addr_func": "6291556", "addr": 4199278, "ret": "None"}, {"name": "GetACP", "args": [], "addr_func": "6291500", "addr": 4780160, "ret": 0}, {"name": "GetCurrentThreadId", "args": [], "addr_func": "6291516", "addr": 4780170, "ret": 0}, {"name": "GetModuleFileNameA", "args": [4194304, "PZM", 261], "addr_func": "6291568", "addr": 4218646, "ret": 3}, {"name": "GetModuleFileNameA", "args": [0, "a0217c63b7c732ddefc7ae0368b87d5d", 261], "addr_func": "6291568", "addr": 4219256, "ret": 32}, {"name": "RegOpenKeyExA", "args": [2147483649, "Software\\Borland\\Locales", 0, 983065, 2147413240], "addr_func": "6291472", "addr": 4219286, "ret": "<BV32 retval_RegOpenKeyExA_32768_32>"}, {"name": "RegOpenKeyExA", "args": [2147483650, "Software\\Borland\\Locales", 0, 983065, 2147413240], "addr_func": "6291472", "addr": 4219316, "ret": "<BV32 retval_RegOpenKeyExA_32769_32>"}, {"name": "GetModuleHandleA", "args": ["kernel32.dll"], "addr_func": "6291564", "addr": 4218805, "ret": 7344168}, {"name": "GetProcAddress", "args": [7344168, "GetLongPathNameA"], "addr_func": "6291560", "addr": 4218828, "ret": 7344172}, {"name": "GetLongPathNameA", "args": ["a0217c63b7c732ddefc7ae0368b87d5d", "", 261], "addr_func": "7344172", "addr": 4218855, "ret": "<BV32 retval_GetLongPathNameA_32773_32>"}, {"name": "lstrcpynA", "args": ["", "", 261], "addr_func": "6291544", "addr": 4218876, "ret": 2147412963}, {"name": "RegQueryValueExA", "args": [4218651, "", 0, 0, 2147413230, 2147413224], "addr_func": "6291468", "addr": 4219419, "ret": "<BV32 retval_RegQueryValueExA_32777_32>"}, {"name": "RegCloseKey", "args": [4218651], "addr_func": "6291476", "addr": 4219483, "ret": "<BV32 retval_RegCloseKey_32780_32>"}, {"name": "lstrcpynA", "args": ["PZM", "PZM", 261], "addr_func": "6291544", "addr": 4219512, "ret": 2147412963}, {"name": "GetThreadLocale", "args": [], "addr_func": "6291552", "addr": 4219525, "ret": 0}, {"name": "GetLocaleInfoA", "args": ["retval_GetThreadLocale_32790_32", 3, "", 5], "addr_func": "6291572", "addr": 4219531, "ret": "<BV32 retval_GetLocaleInfoA_32793_32>"}, {"name": "LoadStringA", "args": [4194304, 65503, 2147413560, 4096], "addr_func": "6291488", "addr": 4221570, "ret": "<BV32 retval_LoadStringA_32800_32>"}, {"name": "LoadStringA", "args": [4194304, 65502, 2147413560, 4096], "addr_func": "6291488", "addr": 4221570, "ret": "<BV32 retval_LoadStringA_32805_32>"}, {"name": "LoadStringA", "args": [4194304, 65500, 2147413560, 4096], "addr_func": "6291488", "addr": 4221570, "ret": "<BV32 retval_LoadStringA_32809_32>"}, {"name": "LoadStringA", "args": [4194304, 65501, 2147413560, 4096], "addr_func": "6291488", "addr": 4221570, "ret": "<BV32 retval_LoadStringA_32813_32>"}, {"name": "VirtualAlloc", "args": [0, 1310720, 4096, 4], "addr_func": "6291512", "addr": 4200118, "ret": 3223060480}, {"name": "LoadStringA", "args": [4194304, 65488, "Hz@", 4096], "addr_func": "6291488", "addr": 4221570, "ret": "<BV32 retval_LoadStringA_32827_32>"}, {"name": "LoadStringA", "args": [4194304, 65496, 2147413560, 4096], "addr_func": "6291488", "addr": 4221570, "ret": "<BV32 retval_LoadStringA_32828_32>"}, {"name": "LoadStringA", "args": [4194304, 65519, "@z@", 4096], "addr_func": "6291488", "addr": 4221570, "ret": "<BV32 retval_LoadStringA_32829_32>"}]}, "4": {"status": "active", "trace": [{"name": "main", "args": ["a0217c63b7c732ddefc7ae0368b87d5d"], "addr": 4782064, "ret": "symbolic", "addr_func": 4782064}, {"name": "GetModuleHandleA", "args": [0], "addr_func": "6291564", "addr": 4221920, "ret": 4194304}, {"name": "GetKeyboardType", "args": [0], "addr_func": "6291480", "addr": 4209973, "ret": 4}, {"name": "GetCommandLineA", "args": [], "addr_func": "6291580", "addr": 4780140, "ret": 0}, {"name": "GetStartupInfoA", "args": [2147417624], "addr_func": "6291556", "addr": 4199278, "ret": "None"}, {"name": "GetACP", "args": [], "addr_func": "6291500", "addr": 4780160, "ret": 0}, {"name": "GetCurrentThreadId", "args": [], "addr_func": "6291516", "addr": 4780170, "ret": 0}, {"name": "GetModuleFileNameA", "args": [4194304, "PZM", 261], "addr_func": "6291568", "addr": 4218646, "ret": 3}, {"name": "GetModuleFileNameA", "args": [0, "a0217c63b7c732ddefc7ae0368b87d5d", 261], "addr_func": "6291568", "addr": 4219256, "ret": 32}, {"name": "RegOpenKeyExA", "args": [2147483649, "Software\\Borland\\Locales", 0, 983065, 2147413240], "addr_func": "6291472", "addr": 4219286, "ret": "<BV32 retval_RegOpenKeyExA_32768_32>"}, {"name": "RegOpenKeyExA", "args": [2147483650, "Software\\Borland\\Locales", 0, 983065, 2147413240], "addr_func": "6291472", "addr": 4219316, "ret": "<BV32 retval_RegOpenKeyExA_32769_32>"}, {"name": "GetModuleHandleA", "args": ["kernel32.dll"], "addr_func": "6291564", "addr": 4218805, "ret": 7344168}, {"name": "GetProcAddress", "args": [7344168, "GetLongPathNameA"], "addr_func": "6291560", "addr": 4218828, "ret": 7344172}, {"name": "GetLongPathNameA", "args": ["a0217c63b7c732ddefc7ae0368b87d5d", "", 261], "addr_func": "7344172", "addr": 4218855, "ret": "<BV32 retval_GetLongPathNameA_32773_32>"}, {"name": "lstrcpynA", "args": ["", "", 261], "addr_func": "6291544", "addr": 4218876, "ret": 2147412963}, {"name": "RegQueryValueExA", "args": [4218651, "", 0, 0, 2147413230, 2147413224], "addr_func": "6291468", "addr": 4219419, "ret": "<BV32 retval_RegQueryValueExA_32777_32>"}, {"name": "RegCloseKey", "args": [4218651], "addr_func": "6291476", "addr": 4219483, "ret": "<BV32 retval_RegCloseKey_32780_32>"}, {"name": "lstrcpynA", "args": ["PZM", "PZM", 261], "addr_func": "6291544", "addr": 4219512, "ret": 2147412963}, {"name": "GetThreadLocale", "args": [], "addr_func": "6291552", "addr": 4219525, "ret": 0}, {"name": "GetLocaleInfoA", "args": ["retval_GetThreadLocale_32790_32", 3, "", 5], "addr_func": "6291572", "addr": 4219531, "ret": "<BV32 retval_GetLocaleInfoA_32793_32>"}, {"name": "LoadStringA", "args": [4194304, 65503, 2147413560, 4096], "addr_func": "6291488", "addr": 4221570, "ret": "<BV32 retval_LoadStringA_32800_32>"}, {"name": "LoadStringA", "args": [4194304, 65502, 2147413560, 4096], "addr_func": "6291488", "addr": 4221570, "ret": "<BV32 retval_LoadStringA_32805_32>"}, {"name": "LoadStringA", "args": [4194304, 65500, 2147413560, 4096], "addr_func": "6291488", "addr": 4221570, "ret": "<BV32 retval_LoadStringA_32809_32>"}, {"name": "LoadStringA", "args": [4194304, 65501, 2147413560, 4096], "addr_func": "6291488", "addr": 4221570, "ret": "<BV32 retval_LoadStringA_32813_32>"}, {"name": "VirtualAlloc", "args": [0, 1310720, 4096, 4], "addr_func": "6291512", "addr": 4200118, "ret": 3223060480}, {"name": "LoadStringA", "args": [4194304, 65488, "Hz@", 4096], "addr_func": "6291488", "addr": 4221570, "ret": "<BV32 retval_LoadStringA_32827_32>"}, {"name": "LoadStringA", "args": [4194304, 65496, 2147413560, 4096], "addr_func": "6291488", "addr": 4221570, "ret": "<BV32 retval_LoadStringA_32828_32>"}, {"name": "VirtualAlloc", "args": [0, "retval_LoadStringA_32828_32", 1052672, 4], "addr_func": "6291512", "addr": 4200312, "ret": 3224371200}]}, "5": {"status": "ExcessLoop", "trace": [{"name": "main", "args": ["a0217c63b7c732ddefc7ae0368b87d5d"], "addr": 4782064, "ret": "symbolic", "addr_func": 4782064}, {"name": "GetModuleHandleA", "args": [0], "addr_func": "6291564", "addr": 4221920, "ret": 4194304}, {"name": "GetKeyboardType", "args": [0], "addr_func": "6291480", "addr": 4209973, "ret": 4}, {"name": "GetCommandLineA", "args": [], "addr_func": "6291580", "addr": 4780140, "ret": 0}, {"name": "GetStartupInfoA", "args": [2147417624], "addr_func": "6291556", "addr": 4199278, "ret": "None"}, {"name": "GetACP", "args": [], "addr_func": "6291500", "addr": 4780160, "ret": 0}, {"name": "GetCurrentThreadId", "args": [], "addr_func": "6291516", "addr": 4780170, "ret": 0}, {"name": "GetModuleFileNameA", "args": [4194304, "PZM", 261], "addr_func": "6291568", "addr": 4218646, "ret": 3}, {"name": "GetModuleFileNameA", "args": [0, "a0217c63b7c732ddefc7ae0368b87d5d", 261], "addr_func": "6291568", "addr": 4219256, "ret": 32}, {"name": "RegOpenKeyExA", "args": [2147483649, "Software\\Borland\\Locales", 0, 983065, 2147413240], "addr_func": "6291472", "addr": 4219286, "ret": "<BV32 retval_RegOpenKeyExA_32768_32>"}, {"name": "RegOpenKeyExA", "args": [2147483650, "Software\\Borland\\Locales", 0, 983065, 2147413240], "addr_func": "6291472", "addr": 4219316, "ret": "<BV32 retval_RegOpenKeyExA_32769_32>"}, {"name": "GetModuleHandleA", "args": ["kernel32.dll"], "addr_func": "6291564", "addr": 4218805, "ret": 7344168}, {"name": "GetProcAddress", "args": [7344168, "GetLongPathNameA"], "addr_func": "6291560", "addr": 4218828, "ret": 7344172}, {"name": "GetLongPathNameA", "args": ["a0217c63b7c732ddefc7ae0368b87d5d", "", 261], "addr_func": "7344172", "addr": 4218855, "ret": "<BV32 retval_GetLongPathNameA_32773_32>"}, {"name": "lstrcpynA", "args": ["", "", 261], "addr_func": "6291544", "addr": 4218876, "ret": 2147412963}, {"name": "RegQueryValueExA", "args": [4218651, "", 0, 0, 2147413230, 2147413224], "addr_func": "6291468", "addr": 4219419, "ret": "<BV32 retval_RegQueryValueExA_32777_32>"}, {"name": "RegCloseKey", "args": [4218651], "addr_func": "6291476", "addr": 4219483, "ret": "<BV32 retval_RegCloseKey_32780_32>"}, {"name": "lstrcpynA", "args": ["PZM", "PZM", 261], "addr_func": "6291544", "addr": 4219512, "ret": 2147412963}, {"name": "GetThreadLocale", "args": [], "addr_func": "6291552", "addr": 4219525, "ret": 0}, {"name": "GetLocaleInfoA", "args": ["retval_GetThreadLocale_32790_32", 3, "", 5], "addr_func": "6291572", "addr": 4219531, "ret": "<BV32 retval_GetLocaleInfoA_32793_32>"}, {"name": "LoadStringA", "args": [4194304, 65503, 2147413560, 4096], "addr_func": "6291488", "addr": 4221570, "ret": "<BV32 retval_LoadStringA_32800_32>"}, {"name": "LoadStringA", "args": [4194304, 65502, 2147413560, 4096], "addr_func": "6291488", "addr": 4221570, "ret": "<BV32 retval_LoadStringA_32805_32>"}, {"name": "LoadStringA", "args": [4194304, 65500, 2147413560, 4096], "addr_func": "6291488", "addr": 4221570, "ret": "<BV32 retval_LoadStringA_32808_32>"}, {"name": "LoadStringA", "args": [4194304, 65501, 2147413560, 4096], "addr_func": "6291488", "addr": 4221570, "ret": "<BV32 retval_LoadStringA_32810_32>"}]}, "6": {"status": "ExcessLoop", "trace": [{"name": "main", "args": ["a0217c63b7c732ddefc7ae0368b87d5d"], "addr": 4782064, "ret": "symbolic", "addr_func": 4782064}, {"name": "GetModuleHandleA", "args": [0], "addr_func": "6291564", "addr": 4221920, "ret": 4194304}, {"name": "GetKeyboardType", "args": [0], "addr_func": "6291480", "addr": 4209973, "ret": 4}, {"name": "GetCommandLineA", "args": [], "addr_func": "6291580", "addr": 4780140, "ret": 0}, {"name": "GetStartupInfoA", "args": [2147417624], "addr_func": "6291556", "addr": 4199278, "ret": "None"}, {"name": "GetACP", "args": [], "addr_func": "6291500", "addr": 4780160, "ret": 0}, {"name": "GetCurrentThreadId", "args": [], "addr_func": "6291516", "addr": 4780170, "ret": 0}, {"name": "GetModuleFileNameA", "args": [4194304, "PZM", 261], "addr_func": "6291568", "addr": 4218646, "ret": 3}, {"name": "GetModuleFileNameA", "args": [0, "a0217c63b7c732ddefc7ae0368b87d5d", 261], "addr_func": "6291568", "addr": 4219256, "ret": 32}, {"name": "RegOpenKeyExA", "args": [2147483649, "Software\\Borland\\Locales", 0, 983065, 2147413240], "addr_func": "6291472", "addr": 4219286, "ret": "<BV32 retval_RegOpenKeyExA_32768_32>"}, {"name": "RegOpenKeyExA", "args": [2147483650, "Software\\Borland\\Locales", 0, 983065, 2147413240], "addr_func": "6291472", "addr": 4219316, "ret": "<BV32 retval_RegOpenKeyExA_32769_32>"}, {"name": "GetModuleHandleA", "args": ["kernel32.dll"], "addr_func": "6291564", "addr": 4218805, "ret": 7344168}, {"name": "GetProcAddress", "args": [7344168, "GetLongPathNameA"], "addr_func": "6291560", "addr": 4218828, "ret": 7344172}, {"name": "GetLongPathNameA", "args": ["a0217c63b7c732ddefc7ae0368b87d5d", "", 261], "addr_func": "7344172", "addr": 4218855, "ret": "<BV32 retval_GetLongPathNameA_32773_32>"}, {"name": "lstrcpynA", "args": ["", "", 261], "addr_func": "6291544", "addr": 4218876, "ret": 2147412963}, {"name": "RegQueryValueExA", "args": [4218651, "", 0, 0, 2147413230, 2147413224], "addr_func": "6291468", "addr": 4219419, "ret": "<BV32 retval_RegQueryValueExA_32777_32>"}, {"name": "RegCloseKey", "args": [4218651], "addr_func": "6291476", "addr": 4219483, "ret": "<BV32 retval_RegCloseKey_32780_32>"}, {"name": "lstrcpynA", "args": ["PZM", "PZM", 261], "addr_func": "6291544", "addr": 4219512, "ret": 2147412963}, {"name": "GetThreadLocale", "args": [], "addr_func": "6291552", "addr": 4219525, "ret": 0}, {"name": "GetLocaleInfoA", "args": ["retval_GetThreadLocale_32790_32", 3, "", 5], "addr_func": "6291572", "addr": 4219531, "ret": "<BV32 retval_GetLocaleInfoA_32793_32>"}, {"name": "LoadStringA", "args": [4194304, 65503, 2147413560, 4096], "addr_func": "6291488", "addr": 4221570, "ret": "<BV32 retval_LoadStringA_32800_32>"}, {"name": "LoadStringA", "args": [4194304, 65502, 2147413560, 4096], "addr_func": "6291488", "addr": 4221570, "ret": "<BV32 retval_LoadStringA_32805_32>"}, {"name": "LoadStringA", "args": [4194304, 65500, 2147413560, 4096], "addr_func": "6291488", "addr": 4221570, "ret": "<BV32 retval_LoadStringA_32809_32>"}, {"name": "LoadStringA", "args": [4194304, 65501, 2147413560, 4096], "addr_func": "6291488", "addr": 4221570, "ret": "<BV32 retval_LoadStringA_32811_32>"}]}, "7": {"status": "ExcessLoop", "trace": [{"name": "main", "args": ["a0217c63b7c732ddefc7ae0368b87d5d"], "addr": 4782064, "ret": "symbolic", "addr_func": 4782064}, {"name": "GetModuleHandleA", "args": [0], "addr_func": "6291564", "addr": 4221920, "ret": 4194304}, {"name": "GetKeyboardType", "args": [0], "addr_func": "6291480", "addr": 4209973, "ret": 4}, {"name": "GetCommandLineA", "args": [], "addr_func": "6291580", "addr": 4780140, "ret": 0}, {"name": "GetStartupInfoA", "args": [2147417624], "addr_func": "6291556", "addr": 4199278, "ret": "None"}, {"name": "GetACP", "args": [], "addr_func": "6291500", "addr": 4780160, "ret": 0}, {"name": "GetCurrentThreadId", "args": [], "addr_func": "6291516", "addr": 4780170, "ret": 0}, {"name": "GetModuleFileNameA", "args": [4194304, "PZM", 261], "addr_func": "6291568", "addr": 4218646, "ret": 3}, {"name": "GetModuleFileNameA", "args": [0, "a0217c63b7c732ddefc7ae0368b87d5d", 261], "addr_func": "6291568", "addr": 4219256, "ret": 32}, {"name": "RegOpenKeyExA", "args": [2147483649, "Software\\Borland\\Locales", 0, 983065, 2147413240], "addr_func": "6291472", "addr": 4219286, "ret": "<BV32 retval_RegOpenKeyExA_32768_32>"}, {"name": "RegOpenKeyExA", "args": [2147483650, "Software\\Borland\\Locales", 0, 983065, 2147413240], "addr_func": "6291472", "addr": 4219316, "ret": "<BV32 retval_RegOpenKeyExA_32769_32>"}, {"name": "GetModuleHandleA", "args": ["kernel32.dll"], "addr_func": "6291564", "addr": 4218805, "ret": 7344168}, {"name": "GetProcAddress", "args": [7344168, "GetLongPathNameA"], "addr_func": "6291560", "addr": 4218828, "ret": 7344172}, {"name": "GetLongPathNameA", "args": ["a0217c63b7c732ddefc7ae0368b87d5d", "", 261], "addr_func": "7344172", "addr": 4218855, "ret": "<BV32 retval_GetLongPathNameA_32773_32>"}, {"name": "lstrcpynA", "args": ["", "", 261], "addr_func": "6291544", "addr": 4218876, "ret": 2147412963}, {"name": "RegQueryValueExA", "args": [4218651, "", 0, 0, 2147413230, 2147413224], "addr_func": "6291468", "addr": 4219419, "ret": "<BV32 retval_RegQueryValueExA_32777_32>"}, {"name": "RegCloseKey", "args": [4218651], "addr_func": "6291476", "addr": 4219483, "ret": "<BV32 retval_RegCloseKey_32780_32>"}, {"name": "lstrcpynA", "args": ["PZM", "PZM", 261], "addr_func": "6291544", "addr": 4219512, "ret": 2147412963}, {"name": "GetThreadLocale", "args": [], "addr_func": "6291552", "addr": 4219525, "ret": 0}, {"name": "GetLocaleInfoA", "args": ["retval_GetThreadLocale_32790_32", 3, "", 5], "addr_func": "6291572", "addr": 4219531, "ret": "<BV32 retval_GetLocaleInfoA_32793_32>"}, {"name": "LoadStringA", "args": [4194304, 65503, 2147413560, 4096], "addr_func": "6291488", "addr": 4221570, "ret": "<BV32 retval_LoadStringA_32800_32>"}, {"name": "LoadStringA", "args": [4194304, 65502, 2147413560, 4096], "addr_func": "6291488", "addr": 4221570, "ret": "<BV32 retval_LoadStringA_32805_32>"}, {"name": "LoadStringA", "args": [4194304, 65500, 2147413560, 4096], "addr_func": "6291488", "addr": 4221570, "ret": "<BV32 retval_LoadStringA_32808_32>"}, {"name": "LoadStringA", "args": [4194304, 65501, 2147413560, 4096], "addr_func": "6291488", "addr": 4221570, "ret": "<BV32 retval_LoadStringA_32812_32>"}]}, "8": {"status": "ExcessLoop", "trace": [{"name": "main", "args": ["a0217c63b7c732ddefc7ae0368b87d5d"], "addr": 4782064, "ret": "symbolic", "addr_func": 4782064}, {"name": "GetModuleHandleA", "args": [0], "addr_func": "6291564", "addr": 4221920, "ret": 4194304}, {"name": "GetKeyboardType", "args": [0], "addr_func": "6291480", "addr": 4209973, "ret": 4}, {"name": "GetCommandLineA", "args": [], "addr_func": "6291580", "addr": 4780140, "ret": 0}, {"name": "GetStartupInfoA", "args": [2147417624], "addr_func": "6291556", "addr": 4199278, "ret": "None"}, {"name": "GetACP", "args": [], "addr_func": "6291500", "addr": 4780160, "ret": 0}, {"name": "GetCurrentThreadId", "args": [], "addr_func": "6291516", "addr": 4780170, "ret": 0}, {"name": "GetModuleFileNameA", "args": [4194304, "PZM", 261], "addr_func": "6291568", "addr": 4218646, "ret": 3}, {"name": "GetModuleFileNameA", "args": [0, "a0217c63b7c732ddefc7ae0368b87d5d", 261], "addr_func": "6291568", "addr": 4219256, "ret": 32}, {"name": "RegOpenKeyExA", "args": [2147483649, "Software\\Borland\\Locales", 0, 983065, 2147413240], "addr_func": "6291472", "addr": 4219286, "ret": "<BV32 retval_RegOpenKeyExA_32768_32>"}, {"name": "RegOpenKeyExA", "args": [2147483650, "Software\\Borland\\Locales", 0, 983065, 2147413240], "addr_func": "6291472", "addr": 4219316, "ret": "<BV32 retval_RegOpenKeyExA_32769_32>"}, {"name": "GetModuleHandleA", "args": ["kernel32.dll"], "addr_func": "6291564", "addr": 4218805, "ret": 7344168}, {"name": "GetProcAddress", "args": [7344168, "GetLongPathNameA"], "addr_func": "6291560", "addr": 4218828, "ret": 7344172}, {"name": "GetLongPathNameA", "args": ["a0217c63b7c732ddefc7ae0368b87d5d", "", 261], "addr_func": "7344172", "addr": 4218855, "ret": "<BV32 retval_GetLongPathNameA_32773_32>"}, {"name": "lstrcpynA", "args": ["", "", 261], "addr_func": "6291544", "addr": 4218876, "ret": 2147412963}, {"name": "RegQueryValueExA", "args": [4218651, "", 0, 0, 2147413230, 2147413224], "addr_func": "6291468", "addr": 4219419, "ret": "<BV32 retval_RegQueryValueExA_32777_32>"}, {"name": "RegCloseKey", "args": [4218651], "addr_func": "6291476", "addr": 4219483, "ret": "<BV32 retval_RegCloseKey_32780_32>"}, {"name": "lstrcpynA", "args": ["PZM", "PZM", 261], "addr_func": "6291544", "addr": 4219512, "ret": 2147412963}, {"name": "GetThreadLocale", "args": [], "addr_func": "6291552", "addr": 4219525, "ret": 0}, {"name": "GetLocaleInfoA", "args": ["retval_GetThreadLocale_32790_32", 3, "", 5], "addr_func": "6291572", "addr": 4219531, "ret": "<BV32 retval_GetLocaleInfoA_32793_32>"}, {"name": "LoadStringA", "args": [4194304, 65503, 2147413560, 4096], "addr_func": "6291488", "addr": 4221570, "ret": "<BV32 retval_LoadStringA_32800_32>"}, {"name": "LoadStringA", "args": [4194304, 65502, 2147413560, 4096], "addr_func": "6291488", "addr": 4221570, "ret": "<BV32 retval_LoadStringA_32805_32>"}, {"name": "LoadStringA", "args": [4194304, 65500, 2147413560, 4096], "addr_func": "6291488", "addr": 4221570, "ret": "<BV32 retval_LoadStringA_32809_32>"}, {"name": "LoadStringA", "args": [4194304, 65501, 2147413560, 4096], "addr_func": "6291488", "addr": 4221570, "ret": "<BV32 retval_LoadStringA_32813_32>"}, {"name": "VirtualAlloc", "args": [0, 1310720, 4096, 4], "addr_func": "6291512", "addr": 4200118, "ret": 3223060480}, {"name": "LoadStringA", "args": [4194304, 65488, "Hz@", 4096], "addr_func": "6291488", "addr": 4221570, "ret": "<BV32 retval_LoadStringA_32821_32>"}]}, "9": {"status": "ExcessLoop", "trace": [{"name": "main", "args": ["a0217c63b7c732ddefc7ae0368b87d5d"], "addr": 4782064, "ret": "symbolic", "addr_func": 4782064}, {"name": "GetModuleHandleA", "args": [0], "addr_func": "6291564", "addr": 4221920, "ret": 4194304}, {"name": "GetKeyboardType", "args": [0], "addr_func": "6291480", "addr": 4209973, "ret": 4}, {"name": "GetCommandLineA", "args": [], "addr_func": "6291580", "addr": 4780140, "ret": 0}, {"name": "GetStartupInfoA", "args": [2147417624], "addr_func": "6291556", "addr": 4199278, "ret": "None"}, {"name": "GetACP", "args": [], "addr_func": "6291500", "addr": 4780160, "ret": 0}, {"name": "GetCurrentThreadId", "args": [], "addr_func": "6291516", "addr": 4780170, "ret": 0}, {"name": "GetModuleFileNameA", "args": [4194304, "PZM", 261], "addr_func": "6291568", "addr": 4218646, "ret": 3}, {"name": "GetModuleFileNameA", "args": [0, "a0217c63b7c732ddefc7ae0368b87d5d", 261], "addr_func": "6291568", "addr": 4219256, "ret": 32}, {"name": "RegOpenKeyExA", "args": [2147483649, "Software\\Borland\\Locales", 0, 983065, 2147413240], "addr_func": "6291472", "addr": 4219286, "ret": "<BV32 retval_RegOpenKeyExA_32768_32>"}, {"name": "RegOpenKeyExA", "args": [2147483650, "Software\\Borland\\Locales", 0, 983065, 2147413240], "addr_func": "6291472", "addr": 4219316, "ret": "<BV32 retval_RegOpenKeyExA_32769_32>"}, {"name": "GetModuleHandleA", "args": ["kernel32.dll"], "addr_func": "6291564", "addr": 4218805, "ret": 7344168}, {"name": "GetProcAddress", "args": [7344168, "GetLongPathNameA"], "addr_func": "6291560", "addr": 4218828, "ret": 7344172}, {"name": "GetLongPathNameA", "args": ["a0217c63b7c732ddefc7ae0368b87d5d", "", 261], "addr_func": "7344172", "addr": 4218855, "ret": "<BV32 retval_GetLongPathNameA_32773_32>"}, {"name": "lstrcpynA", "args": ["", "", 261], "addr_func": "6291544", "addr": 4218876, "ret": 2147412963}, {"name": "RegQueryValueExA", "args": [4218651, "", 0, 0, 2147413230, 2147413224], "addr_func": "6291468", "addr": 4219419, "ret": "<BV32 retval_RegQueryValueExA_32777_32>"}, {"name": "RegCloseKey", "args": [4218651], "addr_func": "6291476", "addr": 4219483, "ret": "<BV32 retval_RegCloseKey_32780_32>"}, {"name": "lstrcpynA", "args": ["PZM", "PZM", 261], "addr_func": "6291544", "addr": 4219512, "ret": 2147412963}, {"name": "GetThreadLocale", "args": [], "addr_func": "6291552", "addr": 4219525, "ret": 0}, {"name": "GetLocaleInfoA", "args": ["retval_GetThreadLocale_32790_32", 3, "", 5], "addr_func": "6291572", "addr": 4219531, "ret": "<BV32 retval_GetLocaleInfoA_32793_32>"}, {"name": "LoadStringA", "args": [4194304, 65503, 2147413560, 4096], "addr_func": "6291488", "addr": 4221570, "ret": "<BV32 retval_LoadStringA_32800_32>"}, {"name": "LoadStringA", "args": [4194304, 65502, 2147413560, 4096], "addr_func": "6291488", "addr": 4221570, "ret": "<BV32 retval_LoadStringA_32805_32>"}, {"name": "LoadStringA", "args": [4194304, 65500, 2147413560, 4096], "addr_func": "6291488", "addr": 4221570, "ret": "<BV32 retval_LoadStringA_32809_32>"}, {"name": "LoadStringA", "args": [4194304, 65501, 2147413560, 4096], "addr_func": "6291488", "addr": 4221570, "ret": "<BV32 retval_LoadStringA_32813_32>"}, {"name": "VirtualAlloc", "args": [0, 1310720, 4096, 4], "addr_func": "6291512", "addr": 4200118, "ret": 3223060480}, {"name": "LoadStringA", "args": [4194304, 65488, "Hz@", 4096], "addr_func": "6291488", "addr": 4221570, "ret": "<BV32 retval_LoadStringA_32821_32>"}, {"name": "LoadStringA", "args": [4194304, 65496, 2147413560, 4096], "addr_func": "6291488", "addr": 4221570, "ret": "<BV32 retval_LoadStringA_32824_32>"}]}, "10": {"status": "ExcessLoop", "trace": [{"name": "main", "args": ["a0217c63b7c732ddefc7ae0368b87d5d"], "addr": 4782064, "ret": "symbolic", "addr_func": 4782064}, {"name": "GetModuleHandleA", "args": [0], "addr_func": "6291564", "addr": 4221920, "ret": 4194304}, {"name": "GetKeyboardType", "args": [0], "addr_func": "6291480", "addr": 4209973, "ret": 4}, {"name": "GetCommandLineA", "args": [], "addr_func": "6291580", "addr": 4780140, "ret": 0}, {"name": "GetStartupInfoA", "args": [2147417624], "addr_func": "6291556", "addr": 4199278, "ret": "None"}, {"name": "GetACP", "args": [], "addr_func": "6291500", "addr": 4780160, "ret": 0}, {"name": "GetCurrentThreadId", "args": [], "addr_func": "6291516", "addr": 4780170, "ret": 0}, {"name": "GetModuleFileNameA", "args": [4194304, "PZM", 261], "addr_func": "6291568", "addr": 4218646, "ret": 3}, {"name": "GetModuleFileNameA", "args": [0, "a0217c63b7c732ddefc7ae0368b87d5d", 261], "addr_func": "6291568", "addr": 4219256, "ret": 32}, {"name": "RegOpenKeyExA", "args": [2147483649, "Software\\Borland\\Locales", 0, 983065, 2147413240], "addr_func": "6291472", "addr": 4219286, "ret": "<BV32 retval_RegOpenKeyExA_32768_32>"}, {"name": "RegOpenKeyExA", "args": [2147483650, "Software\\Borland\\Locales", 0, 983065, 2147413240], "addr_func": "6291472", "addr": 4219316, "ret": "<BV32 retval_RegOpenKeyExA_32769_32>"}, {"name": "GetModuleHandleA", "args": ["kernel32.dll"], "addr_func": "6291564", "addr": 4218805, "ret": 7344168}, {"name": "GetProcAddress", "args": [7344168, "GetLongPathNameA"], "addr_func": "6291560", "addr": 4218828, "ret": 7344172}, {"name": "GetLongPathNameA", "args": ["a0217c63b7c732ddefc7ae0368b87d5d", "", 261], "addr_func": "7344172", "addr": 4218855, "ret": "<BV32 retval_GetLongPathNameA_32773_32>"}, {"name": "lstrcpynA", "args": ["", "", 261], "addr_func": "6291544", "addr": 4218876, "ret": 2147412963}, {"name": "RegQueryValueExA", "args": [4218651, "", 0, 0, 2147413230, 2147413224], "addr_func": "6291468", "addr": 4219419, "ret": "<BV32 retval_RegQueryValueExA_32777_32>"}, {"name": "RegCloseKey", "args": [4218651], "addr_func": "6291476", "addr": 4219483, "ret": "<BV32 retval_RegCloseKey_32780_32>"}, {"name": "lstrcpynA", "args": ["PZM", "PZM", 261], "addr_func": "6291544", "addr": 4219512, "ret": 2147412963}, {"name": "GetThreadLocale", "args": [], "addr_func": "6291552", "addr": 4219525, "ret": 0}, {"name": "GetLocaleInfoA", "args": ["retval_GetThreadLocale_32790_32", 3, "", 5], "addr_func": "6291572", "addr": 4219531, "ret": "<BV32 retval_GetLocaleInfoA_32793_32>"}, {"name": "LoadStringA", "args": [4194304, 65503, 2147413560, 4096], "addr_func": "6291488", "addr": 4221570, "ret": "<BV32 retval_LoadStringA_32800_32>"}, {"name": "LoadStringA", "args": [4194304, 65502, 2147413560, 4096], "addr_func": "6291488", "addr": 4221570, "ret": "<BV32 retval_LoadStringA_32805_32>"}, {"name": "LoadStringA", "args": [4194304, 65500, 2147413560, 4096], "addr_func": "6291488", "addr": 4221570, "ret": "<BV32 retval_LoadStringA_32809_32>"}, {"name": "LoadStringA", "args": [4194304, 65501, 2147413560, 4096], "addr_func": "6291488", "addr": 4221570, "ret": "<BV32 retval_LoadStringA_32811_32>"}, {"name": "VirtualAlloc", "args": [0, 1310720, 4096, 4], "addr_func": "6291512", "addr": 4200118, "ret": 3223060480}, {"name": "LoadStringA", "args": [4194304, 65488, "Hz@", 4096], "addr_func": "6291488", "addr": 4221570, "ret": "<BV32 retval_LoadStringA_32825_32>"}]}, "11": {"status": "ExcessLoop", "trace": [{"name": "main", "args": ["a0217c63b7c732ddefc7ae0368b87d5d"], "addr": 4782064, "ret": "symbolic", "addr_func": 4782064}, {"name": "GetModuleHandleA", "args": [0], "addr_func": "6291564", "addr": 4221920, "ret": 4194304}, {"name": "GetKeyboardType", "args": [0], "addr_func": "6291480", "addr": 4209973, "ret": 4}, {"name": "GetCommandLineA", "args": [], "addr_func": "6291580", "addr": 4780140, "ret": 0}, {"name": "GetStartupInfoA", "args": [2147417624], "addr_func": "6291556", "addr": 4199278, "ret": "None"}, {"name": "GetACP", "args": [], "addr_func": "6291500", "addr": 4780160, "ret": 0}, {"name": "GetCurrentThreadId", "args": [], "addr_func": "6291516", "addr": 4780170, "ret": 0}, {"name": "GetModuleFileNameA", "args": [4194304, "PZM", 261], "addr_func": "6291568", "addr": 4218646, "ret": 3}, {"name": "GetModuleFileNameA", "args": [0, "a0217c63b7c732ddefc7ae0368b87d5d", 261], "addr_func": "6291568", "addr": 4219256, "ret": 32}, {"name": "RegOpenKeyExA", "args": [2147483649, "Software\\Borland\\Locales", 0, 983065, 2147413240], "addr_func": "6291472", "addr": 4219286, "ret": "<BV32 retval_RegOpenKeyExA_32768_32>"}, {"name": "RegOpenKeyExA", "args": [2147483650, "Software\\Borland\\Locales", 0, 983065, 2147413240], "addr_func": "6291472", "addr": 4219316, "ret": "<BV32 retval_RegOpenKeyExA_32769_32>"}, {"name": "GetModuleHandleA", "args": ["kernel32.dll"], "addr_func": "6291564", "addr": 4218805, "ret": 7344168}, {"name": "GetProcAddress", "args": [7344168, "GetLongPathNameA"], "addr_func": "6291560", "addr": 4218828, "ret": 7344172}, {"name": "GetLongPathNameA", "args": ["a0217c63b7c732ddefc7ae0368b87d5d", "", 261], "addr_func": "7344172", "addr": 4218855, "ret": "<BV32 retval_GetLongPathNameA_32773_32>"}, {"name": "lstrcpynA", "args": ["", "", 261], "addr_func": "6291544", "addr": 4218876, "ret": 2147412963}, {"name": "RegQueryValueExA", "args": [4218651, "", 0, 0, 2147413230, 2147413224], "addr_func": "6291468", "addr": 4219419, "ret": "<BV32 retval_RegQueryValueExA_32777_32>"}, {"name": "RegCloseKey", "args": [4218651], "addr_func": "6291476", "addr": 4219483, "ret": "<BV32 retval_RegCloseKey_32780_32>"}, {"name": "lstrcpynA", "args": ["PZM", "PZM", 261], "addr_func": "6291544", "addr": 4219512, "ret": 2147412963}, {"name": "GetThreadLocale", "args": [], "addr_func": "6291552", "addr": 4219525, "ret": 0}, {"name": "GetLocaleInfoA", "args": ["retval_GetThreadLocale_32790_32", 3, "", 5], "addr_func": "6291572", "addr": 4219531, "ret": "<BV32 retval_GetLocaleInfoA_32793_32>"}, {"name": "LoadStringA", "args": [4194304, 65503, 2147413560, 4096], "addr_func": "6291488", "addr": 4221570, "ret": "<BV32 retval_LoadStringA_32800_32>"}, {"name": "LoadStringA", "args": [4194304, 65502, 2147413560, 4096], "addr_func": "6291488", "addr": 4221570, "ret": "<BV32 retval_LoadStringA_32805_32>"}, {"name": "LoadStringA", "args": [4194304, 65500, 2147413560, 4096], "addr_func": "6291488", "addr": 4221570, "ret": "<BV32 retval_LoadStringA_32809_32>"}, {"name": "LoadStringA", "args": [4194304, 65501, 2147413560, 4096], "addr_func": "6291488", "addr": 4221570, "ret": "<BV32 retval_LoadStringA_32811_32>"}, {"name": "VirtualAlloc", "args": [0, 1310720, 4096, 4], "addr_func": "6291512", "addr": 4200118, "ret": 3223060480}, {"name": "LoadStringA", "args": [4194304, 65488, "Hz@", 4096], "addr_func": "6291488", "addr": 4221570, "ret": "<BV32 retval_LoadStringA_32826_32>"}]}, "sections": {".eeunG": {"vaddr": 4198400, "memsize": 581632, "is_readable": true, "is_writable": false, "is_executable": true}, ".vnrF8": {"vaddr": 4780032, "memsize": 4096, "is_readable": true, "is_writable": false, "is_executable": true}, ".NNknhF": {"vaddr": 4784128, "memsize": 12288, "is_readable": true, "is_writable": true, "is_executable": false}, ".j5z": {"vaddr": 4796416, "memsize": 16384, "is_readable": true, "is_writable": true, "is_executable": false}, ".lcg": {"vaddr": 4812800, "memsize": 12288, "is_readable": true, "is_writable": true, "is_executable": false}, ".fEIePA": {"vaddr": 4825088, "memsize": 4096, "is_readable": true, "is_writable": true, "is_executable": false}, ".3ePm": {"vaddr": 4829184, "memsize": 4096, "is_readable": true, "is_writable": true, "is_executable": false}, ".Z4is": {"vaddr": 4833280, "memsize": 36864, "is_readable": true, "is_writable": true, "is_executable": true}, ".Iwx": {"vaddr": 4870144, "memsize": 270336, "is_readable": true, "is_writable": false, "is_executable": false}, ".UWY": {"vaddr": 5140480, "memsize": 180224, "is_readable": true, "is_writable": true, "is_executable": true}, ".Me": {"vaddr": 5320704, "memsize": 4096, "is_readable": true, "is_writable": true, "is_executable": true}}}