model,acc,prec,rec,f1,bal_acc,loss,hidden,layers,lr,batch_size,fold,flag,step_size,m,train_time,test_time
fginjk,0.8596214511041009,0.8632364089953488,0.8596214511041009,0.8515629311739464,0.8599420658617137,0.35574458407866844,128,4,0.001,64,fold_0,False,-1,-1,227.8889057636261,0.5191025733947754
fginjk,0.8462145110410094,0.8463006229582013,0.8462145110410094,0.8358812348048396,0.8470207240192724,0.3260427156833444,128,4,0.001,64,fold_1,False,-1,-1,169.35713839530945,0.5173871517181396
fginjk,0.8383280757097792,0.8434180755456827,0.8383280757097792,0.8256532741824154,0.8381846461399207,0.36319807416257044,128,4,0.001,64,fold_2,False,-1,-1,156.41438674926758,0.5259809494018555
fginjk,0.8596214511041009,0.8619702678908927,0.8596214511041009,0.8492370692108293,0.860409452437348,0.31483909600540666,128,4,0.001,64,fold_3,False,-1,-1,225.31386518478394,0.6261532306671143
fginjk,0.8588328075709779,0.862273538699186,0.8588328075709779,0.8505612385360476,0.8590967573240975,0.3617498419638312,128,4,0.001,32,fold_0,False,-1,-1,233.88019514083862,0.5214319229125977
fginjk,0.8485804416403786,0.8502573974159288,0.8485804416403786,0.8390538092966987,0.8497947647131399,0.3344301738385522,128,4,0.001,32,fold_1,False,-1,-1,261.6293647289276,0.5194861888885498
fginjk,0.8446372239747634,0.8475081074441306,0.8446372239747634,0.8357448300143093,0.8452353810659357,0.3680292736468631,128,4,0.001,32,fold_2,False,-1,-1,301.8878791332245,0.5269980430603027
fginjk,0.86198738170347,0.8661017306123056,0.86198738170347,0.8524876713593319,0.8628397144829947,0.30955354855263645,128,4,0.001,32,fold_3,False,-1,-1,280.471613407135,0.521949052810669
fginjk,0.8588328075709779,0.8626883556234518,0.8588328075709779,0.8501120371843653,0.8592504497854823,0.3579000402888289,128,4,0.001,16,fold_0,False,-1,-1,410.3237376213074,0.5188014507293701
fginjk,0.8454258675078864,0.8461700019114146,0.8454258675078864,0.8367492978870062,0.8455606456361171,0.34655252775935347,128,4,0.001,16,fold_1,False,-1,-1,364.55785274505615,0.5534346103668213
fginjk,0.8406940063091483,0.8421462522898391,0.8406940063091483,0.8316554041856156,0.8408984185512286,0.39133658398777155,128,4,0.001,16,fold_2,False,-1,-1,386.3921082019806,0.5402932167053223
fginjk,0.860410094637224,0.872214445965672,0.860410094637224,0.8478131598951354,0.8606566846674032,0.3077717853081339,128,4,0.001,16,fold_3,False,-1,-1,476.918639421463,0.5216896533966064
fginjk,0.8588328075709779,0.8616873706077691,0.8588328075709779,0.8506257265299849,0.8591811799437313,0.35113431518010163,128,4,0.001,8,fold_0,False,-1,-1,754.1521148681641,0.5166225433349609
fginjk,0.8462145110410094,0.8467710392470977,0.8462145110410094,0.8356198816136666,0.8470207240192724,0.3370864659265765,128,4,0.001,8,fold_1,False,-1,-1,554.0599074363708,0.5032799243927002
fginjk,0.8351735015772871,0.8358856977611047,0.8351735015772871,0.825056420417185,0.8348432602750518,0.4276585509348367,128,4,0.001,8,fold_2,False,-1,-1,408.47768115997314,0.5149765014648438
fginjk,0.862776025236593,0.8665425141174194,0.862776025236593,0.8539750741894085,0.863600600400977,0.30511713892879544,128,4,0.001,8,fold_3,False,-1,-1,836.0474393367767,0.5080666542053223
fginjk,0.8588328075709779,0.8615037997975711,0.8588328075709779,0.8511517408523503,0.8589430648627127,0.3587561816635192,128,5,0.001,64,fold_0,False,-1,-1,258.7954378128052,0.623471736907959
fginjk,0.8470031545741324,0.8475672107689355,0.8470031545741324,0.838815396244784,0.8479937278112815,0.31777242423044016,128,5,0.001,64,fold_1,False,-1,-1,267.23327469825745,0.5930829048156738
fginjk,0.8359621451104101,0.8368852687420922,0.8359621451104101,0.8232514382134097,0.8358600476614758,0.3717425461823256,128,5,0.001,64,fold_2,False,-1,-1,178.31335830688477,0.5970399379730225
fginjk,0.8596214511041009,0.8606209460254431,0.8596214511041009,0.8505868622826632,0.8595905364765352,0.30488649471325074,128,5,0.001,64,fold_3,False,-1,-1,281.06636142730713,0.6068220138549805
fginjk,0.8564668769716088,0.8644213011050479,0.8564668769716088,0.845146164525577,0.8558162439614333,0.3466169125274153,128,5,0.001,32,fold_0,False,-1,-1,406.41490387916565,0.6038162708282471
fginjk,0.8462145110410094,0.8462907752706028,0.8462145110410094,0.8375773272168103,0.8464752240154841,0.326567788934482,128,5,0.001,32,fold_1,False,-1,-1,306.38394594192505,0.5920059680938721
fginjk,0.8391167192429022,0.8471456824910036,0.8391167192429022,0.8260642679789248,0.8390779835717196,0.3790943930013699,128,5,0.001,32,fold_2,False,-1,-1,287.54414200782776,0.6131901741027832
fginjk,0.861198738170347,0.8655768654483831,0.861198738170347,0.8521596804441967,0.8622057330797824,0.30251399895370196,128,5,0.001,32,fold_3,False,-1,-1,395.3153917789459,0.6061005592346191
fginjk,0.8572555205047319,0.8596867054286856,0.8572555205047319,0.8479577440934932,0.8573217176292312,0.3645932580394324,128,5,0.001,16,fold_0,False,-1,-1,672.7434747219086,0.5998878479003906
fginjk,0.8422712933753943,0.8401457460266819,0.8422712933753943,0.8336816582780239,0.8417031813236149,0.353060822945664,128,5,0.001,16,fold_1,False,-1,-1,385.8556590080261,0.6289253234863281
fginjk,0.8406940063091483,0.8416770933150666,0.8406940063091483,0.8312254894569583,0.8407155133835229,0.38977816484704003,128,5,0.001,16,fold_2,False,-1,-1,594.5652346611023,0.6011102199554443
fginjk,0.8580441640378549,0.857638890901753,0.8580441640378549,0.8504641175212398,0.857887191383126,0.30339905751240365,128,5,0.001,16,fold_3,False,-1,-1,589.3955278396606,0.6226942539215088
fginjk,0.8596214511041009,0.8628179745594543,0.8596214511041009,0.8517272232710646,0.8599420658617137,0.35497954374984236,128,5,0.001,8,fold_0,False,-1,-1,739.4159481525421,0.6068990230560303
fginjk,0.8454258675078864,0.8469260880845377,0.8454258675078864,0.8345611938926294,0.8461754154816562,0.34888900788236493,128,5,0.001,8,fold_1,False,-1,-1,607.4511523246765,0.5979771614074707
fginjk,0.8359621451104101,0.8384930011884179,0.8359621451104101,0.8248355480059549,0.8349423470427687,0.3956138508553009,128,5,0.001,8,fold_2,False,-1,-1,703.1073968410492,0.6117808818817139
fginjk,0.86198738170347,0.8645926915441182,0.86198738170347,0.8537576642896126,0.8625323295602251,0.29880547382478084,128,5,0.001,8,fold_3,False,-1,-1,833.046689748764,0.6062324047088623
fginjk,0.8580441640378549,0.8617496565809438,0.8580441640378549,0.8498017548057477,0.8580977563250964,0.35947177768317684,128,6,0.001,64,fold_0,False,-1,-1,328.2782497406006,0.7192215919494629
fginjk,0.8446372239747634,0.8437690275249576,0.8446372239747634,0.8352196391976815,0.8448690295598856,0.3250815448136736,128,6,0.001,64,fold_1,False,-1,-1,305.69632840156555,0.6979498863220215
fginjk,0.8391167192429022,0.8445823449321624,0.8391167192429022,0.82669491233015,0.8389242911103347,0.3657234546137909,128,6,0.001,64,fold_2,False,-1,-1,248.1180386543274,0.7578785419464111
fginjk,0.860410094637224,0.8634459034483429,0.860410094637224,0.8506789907874498,0.8609954049463775,0.31898225952022086,128,6,0.001,64,fold_3,False,-1,-1,308.7408227920532,0.7571966648101807
fginjk,0.8588328075709779,0.8615550758245686,0.8588328075709779,0.8512478630586057,0.8589430648627127,0.35198217667991805,128,6,0.001,32,fold_0,False,-1,-1,457.5341737270355,0.7451090812683105
fginjk,0.8446372239747634,0.8437141706814258,0.8446372239747634,0.8341048513621987,0.8450919918630213,0.3362254020449491,128,6,0.001,32,fold_1,False,-1,-1,510.1245083808899,0.7234461307525635
fginjk,0.8383280757097792,0.8768347051640673,0.8383280757097792,0.8123422820402649,0.83876653986916,0.37846141517726406,128,6,0.001,32,fold_2,False,-1,-1,359.5638225078583,0.7293713092803955
fginjk,0.86198738170347,0.86534715445113,0.86198738170347,0.8527192215387881,0.8628397144829947,0.29544524947175466,128,6,0.001,32,fold_3,False,-1,-1,492.8593566417694,0.7098026275634766
fginjk,0.8580441640378549,0.8681443968871603,0.8580441640378549,0.8473672782155097,0.8575761308784167,0.36088286909019157,128,6,0.001,16,fold_0,False,-1,-1,432.91466450691223,0.718803882598877
fginjk,0.8422712933753943,0.8403051112188009,0.8422712933753943,0.8315031481162041,0.8424175265666709,0.35011570019300803,128,6,0.001,16,fold_1,False,-1,-1,523.1966536045074,0.7052297592163086
fginjk,0.8375394321766562,0.8407305187623991,0.8375394321766562,0.8254141392578052,0.8369262891123328,0.3749757429778764,128,6,0.001,16,fold_2,False,-1,-1,496.09840989112854,0.7049479484558105
fginjk,0.861198738170347,0.8693738119473856,0.861198738170347,0.8494749847087923,0.8617613492336064,0.3050174833472219,128,6,0.001,16,fold_3,False,-1,-1,720.3693339824677,0.724043607711792
fginjk,0.8556782334384858,0.8665198420780575,0.8556782334384858,0.8449492280949022,0.8547328203427983,0.39054819922717965,128,6,0.001,8,fold_0,False,-1,-1,686.6954727172852,0.7051703929901123
fginjk,0.8446372239747634,0.8429558356973982,0.8446372239747634,0.8346353804186816,0.8451071446409043,0.3363068807012275,128,6,0.001,8,fold_1,False,-1,-1,1431.9066038131714,0.7062289714813232
fginjk,0.8430599369085173,0.8468863176368006,0.8430599369085173,0.8340607737115353,0.8439798441678654,0.3780695648411471,128,6,0.001,8,fold_2,False,-1,-1,1556.2719266414642,0.7259540557861328
fginjk,0.8596214511041009,0.8608311946019734,0.8596214511041009,0.849699020066444,0.8598979213993048,0.30772858472652614,128,6,0.001,8,fold_3,False,-1,-1,928.0244398117065,0.7157862186431885
fginjk,0.8596214511041009,0.8633454624611219,0.8596214511041009,0.8516066013823198,0.8599420658617137,0.3526975339049421,128,7,0.001,64,fold_0,False,-1,-1,372.75622272491455,0.7861859798431396
fginjk,0.8477917981072555,0.8490407471308103,0.8477917981072555,0.8391287774183795,0.848642071252754,0.31719096818180864,128,7,0.001,64,fold_1,False,-1,-1,299.463387966156,0.7884190082550049
fginjk,0.8359621451104101,0.8375901812401223,0.8359621451104101,0.8234263034415591,0.8349131343364479,0.3728043267779546,128,7,0.001,64,fold_2,False,-1,-1,238.30299472808838,0.7982759475708008
fginjk,0.861198738170347,0.8635334960533356,0.861198738170347,0.8534702105001586,0.8613796360998394,0.3048371766643945,128,7,0.001,64,fold_3,False,-1,-1,358.1720185279846,0.7956535816192627
fginjk,0.8580441640378549,0.8664022202123784,0.8580441640378549,0.8474083986339894,0.8576605534980506,0.34659298633927427,128,7,0.001,32,fold_0,False,-1,-1,387.8827621936798,0.8180327415466309
fginjk,0.8454258675078864,0.8442229293138273,0.8454258675078864,0.8352795605509705,0.8461061456399054,0.32287299454400215,128,7,0.001,32,fold_1,False,-1,-1,410.77486658096313,0.7878477573394775
fginjk,0.8375394321766562,0.8413332396164253,0.8375394321766562,0.8235854328366211,0.8372196141066645,0.37015073053092235,128,7,0.001,32,fold_2,False,-1,-1,435.84065985679626,0.7942628860473633
fginjk,0.86198738170347,0.865524145822957,0.86198738170347,0.8528315073672016,0.8628397144829947,0.30266198826137025,128,7,0.001,32,fold_3,False,-1,-1,535.0512177944183,0.8219518661499023
fginjk,0.8564668769716088,0.8574873532005634,0.8564668769716088,0.8492237261238174,0.8569619429226661,0.36607660799748515,128,7,0.001,16,fold_0,False,-1,-1,642.9117300510406,0.8468911647796631
fginjk,0.8470031545741324,0.847968406503517,0.8470031545741324,0.8389580984939792,0.8472992916055323,0.3301025681221147,128,7,0.001,16,fold_1,False,-1,-1,605.5987319946289,0.7736232280731201
fginjk,0.8391167192429022,0.8438132908346213,0.8391167192429022,0.8260768039590959,0.838825808562263,0.3706493051458232,128,7,0.001,16,fold_2,False,-1,-1,766.1432368755341,0.8159356117248535
fginjk,0.860410094637224,0.86191452511456,0.860410094637224,0.8523980896769333,0.8605343275622231,0.2994993287682157,128,7,0.001,16,fold_3,False,-1,-1,782.2395477294922,0.7900078296661377
fginjk,0.8580441640378549,0.8692917988281698,0.8580441640378549,0.8460752559673849,0.85796793842082,0.36543076741582586,128,7,0.001,8,fold_0,False,-1,-1,1162.8812222480774,0.7786965370178223
fginjk,0.8462145110410094,0.8582489474181635,0.8462145110410094,0.8327768437505833,0.8463313461827698,0.35279695459344784,128,7,0.001,8,fold_1,False,-1,-1,891.5976364612579,0.7704558372497559
fginjk,0.8430599369085173,0.8429800397547127,0.8430599369085173,0.8351384443895459,0.8430329308428373,0.37585187127537534,128,7,0.001,8,fold_2,False,-1,-1,1428.9070765972137,0.7702043056488037
fginjk,0.8596214511041009,0.8712285887665172,0.8596214511041009,0.8452315415764008,0.8599510086627339,0.3122893221182778,128,7,0.001,8,fold_3,False,-1,-1,1119.570540189743,0.7825918197631836
fginjk,0.8596214511041009,0.8631639894034635,0.8596214511041009,0.8514772561728597,0.8601801809427324,0.34703168691332786,64,4,0.001,64,fold_0,False,-1,-1,133.6642143726349,0.44943952560424805
fginjk,0.8454258675078864,0.8453296925978756,0.8454258675078864,0.8370569664895154,0.8454762230164832,0.3294074407981397,64,4,0.001,64,fold_1,False,-1,-1,150.25437664985657,0.4803769588470459
fginjk,0.8343848580441641,0.833839266289555,0.8343848580441641,0.8203482362492566,0.8339100745576568,0.3645637866450409,64,4,0.001,64,fold_2,False,-1,-1,150.97255635261536,0.46193432807922363
fginjk,0.860410094637224,0.8635436176287599,0.860410094637224,0.8507575410286151,0.8612547609749642,0.32556528868359347,64,4,0.001,64,fold_3,False,-1,-1,164.1469795703888,0.44731712341308594
fginjk,0.8588328075709779,0.8617954924862459,0.8588328075709779,0.8508055972977705,0.8590967573240975,0.37258371635566373,64,4,0.001,32,fold_0,False,-1,-1,228.6846580505371,0.42966794967651367
fginjk,0.8454258675078864,0.8449960357163735,0.8454258675078864,0.8352645101552754,0.8459373004006375,0.3278316210026997,64,4,0.001,32,fold_1,False,-1,-1,181.53519129753113,0.4256558418273926
fginjk,0.8430599369085173,0.8442698215710198,0.8430599369085173,0.8342748126707551,0.8434967350965206,0.36442335142698196,64,4,0.001,32,fold_2,False,-1,-1,231.58502984046936,0.4516153335571289
fginjk,0.861198738170347,0.8650009042656492,0.861198738170347,0.8512242789309744,0.8619944059453785,0.3189388907482195,64,4,0.001,32,fold_3,False,-1,-1,215.55848813056946,0.4489481449127197
fginjk,0.8596214511041009,0.8637721309464286,0.8596214511041009,0.8511582018104671,0.8600957583230985,0.34961291621160057,64,4,0.001,16,fold_0,False,-1,-1,283.8080418109894,0.4441337585449219
fginjk,0.8446372239747634,0.8440860043580514,0.8446372239747634,0.8358475029590905,0.844630914478867,0.33229843571735107,64,4,0.001,16,fold_1,False,-1,-1,330.9120149612427,0.44682812690734863
fginjk,0.8383280757097792,0.8422355874928252,0.8383280757097792,0.8244461774805181,0.8379876810437772,0.37416299312648715,64,4,0.001,16,fold_2,False,-1,-1,316.3977563381195,0.44427943229675293
fginjk,0.8588328075709779,0.8602532622792683,0.8588328075709779,0.8492725224360435,0.8590879137376946,0.3153289340271935,64,4,0.001,16,fold_3,False,-1,-1,347.29021883010864,0.4598851203918457
fginjk,0.8564668769716088,0.867646017439112,0.8564668769716088,0.84436575099489,0.855885513803184,0.38457761944656493,64,4,0.001,8,fold_0,False,-1,-1,471.2649419307709,0.4727659225463867
fginjk,0.8430599369085173,0.8449204367828705,0.8430599369085173,0.8305055266218189,0.8423353421867658,0.34955763896745085,64,4,0.001,8,fold_1,False,-1,-1,631.1017129421234,0.4297349452972412
fginjk,0.8343848580441641,0.8369645564542877,0.8343848580441641,0.8215199342056373,0.8330900657473989,0.3964938737616554,64,4,0.001,8,fold_2,False,-1,-1,469.9747986793518,0.43918800354003906
fginjk,0.86198738170347,0.8673452303237505,0.86198738170347,0.8532434069550757,0.862601599401976,0.3227847293724397,64,4,0.001,8,fold_3,False,-1,-1,470.289981842041,0.4347715377807617
fginjk,0.8580441640378549,0.862331143542113,0.8580441640378549,0.8501779377137836,0.8580977563250964,0.35388382112942285,64,5,0.001,64,fold_0,False,-1,-1,179.23394227027893,0.5197563171386719
fginjk,0.8454258675078864,0.845644703574368,0.8454258675078864,0.8363279761374638,0.8457143380975018,0.3243981788305078,64,5,0.001,64,fold_1,False,-1,-1,168.7884862422943,0.5273377895355225
fginjk,0.8430599369085173,0.8445016793080277,0.8430599369085173,0.8339997425611756,0.8433910715293185,0.35624212299235614,64,5,0.001,64,fold_2,False,-1,-1,193.70758628845215,0.5210113525390625
fginjk,0.860410094637224,0.8702504396938996,0.860410094637224,0.8485186334218631,0.8607623482346052,0.3106026456747145,64,5,0.001,64,fold_3,False,-1,-1,215.4754991531372,0.5117130279541016
fginjk,0.8572555205047319,0.8605475164295536,0.8572555205047319,0.8485867060153477,0.857406140248865,0.35163171594075227,64,5,0.001,32,fold_0,False,-1,-1,282.81034445762634,0.5066606998443604
fginjk,0.8454258675078864,0.8454627840547396,0.8454258675078864,0.8348741927666722,0.8460909928620223,0.3288268409316848,64,5,0.001,32,fold_1,False,-1,-1,198.80468153953552,0.5131146907806396
fginjk,0.8367507886435331,0.840582436090695,0.8367507886435331,0.8241771277340694,0.8365853305936297,0.3554272891407133,64,5,0.001,32,fold_2,False,-1,-1,189.15402674674988,0.5225052833557129
fginjk,0.86198738170347,0.8652849076534608,0.86198738170347,0.8529140854652358,0.8629453780501967,0.304195380173271,64,5,0.001,32,fold_3,False,-1,-1,298.4254295825958,0.5122771263122559
fginjk,0.8580441640378549,0.861176321343431,0.8580441640378549,0.8494544752723002,0.8582514487864812,0.3513977678040225,64,5,0.001,16,fold_0,False,-1,-1,265.65463972091675,0.5095815658569336
fginjk,0.8422712933753943,0.8390885783449299,0.8422712933753943,0.8307046184250795,0.8430055084655953,0.34250788226112583,64,5,0.001,16,fold_1,False,-1,-1,227.8377718925476,0.502713680267334
fginjk,0.8391167192429022,0.843972536961781,0.8391167192429022,0.8260840730552188,0.8385736335528065,0.37574220681416126,64,5,0.001,16,fold_2,False,-1,-1,334.80712938308716,0.5112488269805908
fginjk,0.86198738170347,0.8669668547935365,0.86198738170347,0.8519927759925549,0.8629934069443794,0.30813844431461973,64,5,0.001,16,fold_3,False,-1,-1,434.8012273311615,0.5090711116790771
fginjk,0.860410094637224,0.8637326441423044,0.860410094637224,0.8528624770122851,0.86078737439933,0.3599366923611999,64,5,0.001,8,fold_0,False,-1,-1,808.6937453746796,0.5318899154663086
fginjk,0.8422712933753943,0.842073322428044,0.8422712933753943,0.8283364927329856,0.8414748808712667,0.3682522619560314,64,5,0.001,8,fold_1,False,-1,-1,545.3867905139923,0.49710631370544434
fginjk,0.8359621451104101,0.8405385876107715,0.8359621451104101,0.8224245127228662,0.8351512494174664,0.3931151440466992,64,5,0.001,8,fold_2,False,-1,-1,623.8476910591125,0.5145184993743896
fginjk,0.8556782334384858,0.8571793439674418,0.8556782334384858,0.8458381798753077,0.8553361129923942,0.3124462082182947,64,5,0.001,8,fold_3,False,-1,-1,721.9257383346558,0.5077784061431885
fginjk,0.8572555205047319,0.8596837534749491,0.8572555205047319,0.8493511434903267,0.8570987553260955,0.3583698020748535,64,6,0.001,64,fold_0,False,-1,-1,203.56609106063843,0.5663728713989258
fginjk,0.8477917981072555,0.850252768368359,0.8477917981072555,0.839440028524674,0.8484039561717354,0.32435968574665325,64,6,0.001,64,fold_1,False,-1,-1,224.03017687797546,0.5587396621704102
fginjk,0.8438485804416404,0.8461667481031653,0.8438485804416404,0.835073449362393,0.8442363800669347,0.36964734730660354,64,6,0.001,64,fold_2,False,-1,-1,253.16509413719177,0.5740406513214111
fginjk,0.8588328075709779,0.8657526189707826,0.8588328075709779,0.84748727420459,0.8583361449687487,0.31731198196907523,64,6,0.001,64,fold_3,False,-1,-1,230.70807433128357,0.5665655136108398
fginjk,0.8556782334384858,0.8580691358465812,0.8556782334384858,0.846689237794567,0.8555618307122478,0.35062005297994764,64,6,0.001,32,fold_0,False,-1,-1,267.81639313697815,0.6341981887817383
fginjk,0.8470031545741324,0.847530378125636,0.8470031545741324,0.8387815328751017,0.8474049551727343,0.3170800890644266,64,6,0.001,32,fold_1,False,-1,-1,320.1106050014496,0.5686001777648926
fginjk,0.8406940063091483,0.842555402485581,0.8406940063091483,0.8323125253437849,0.8407447260898439,0.3695687352670856,64,6,0.001,32,fold_2,False,-1,-1,227.76041412353516,0.5733911991119385
fginjk,0.8596214511041009,0.8607479812292893,0.8596214511041009,0.8499907194596283,0.8598347397272389,0.3042974755967077,64,6,0.001,32,fold_3,False,-1,-1,324.2156915664673,0.572568416595459
fginjk,0.8580441640378549,0.8697772221599872,0.8580441640378549,0.8467917397829146,0.8578142459594353,0.3497221452486628,64,6,0.001,16,fold_0,False,-1,-1,507.9430470466614,0.567434549331665
fginjk,0.8438485804416404,0.8425352611999374,0.8438485804416404,0.8345866304866494,0.8438700285608847,0.35534167256829113,64,6,0.001,16,fold_1,False,-1,-1,397.4053838253021,0.6273329257965088
fginjk,0.8399053627760252,0.840754833520316,0.8399053627760252,0.8312546474001075,0.8407616061477994,0.3819888811852278,64,6,0.001,16,fold_2,False,-1,-1,381.71333289146423,0.6061489582061768
fginjk,0.86198738170347,0.8662664836742859,0.86198738170347,0.8525972504954724,0.8628397144829947,0.2992702832545392,64,6,0.001,16,fold_3,False,-1,-1,501.84129071235657,0.5703303813934326
fginjk,0.8580441640378549,0.8614635397200572,0.8580441640378549,0.8493362211534357,0.8581670261668474,0.37440562572577024,64,6,0.001,8,fold_0,False,-1,-1,625.498859167099,0.5706477165222168
fginjk,0.8406940063091483,0.8413385976196892,0.8406940063091483,0.8271291183423801,0.8394768788732646,0.34738922833644253,64,6,0.001,8,fold_1,False,-1,-1,595.3613634109497,0.6141066551208496
fginjk,0.8351735015772871,0.8377392214112179,0.8351735015772871,0.8214466404055973,0.8344116044470523,0.38092484181799724,64,6,0.001,8,fold_2,False,-1,-1,941.8006265163422,0.6234374046325684
fginjk,0.8588328075709779,0.8590975531918047,0.8588328075709779,0.8489505090799139,0.8589822501704926,0.3142220611075874,64,6,0.001,8,fold_3,False,-1,-1,675.514176607132,0.5916194915771484
fginjk,0.8588328075709779,0.8615925921404409,0.8588328075709779,0.851162051845156,0.8589430648627127,0.34670731152645795,64,7,0.001,64,fold_0,False,-1,-1,286.5736572742462,0.6866598129272461
fginjk,0.8485804416403786,0.850615001231553,0.8485804416403786,0.8400971907612889,0.8494029571707363,0.3177415776515985,64,7,0.001,64,fold_1,False,-1,-1,261.19154834747314,0.6874632835388184
fginjk,0.8359621451104101,0.8404537948805924,0.8359621451104101,0.8231432020954653,0.8359444702811097,0.3664604594654841,64,7,0.001,64,fold_2,False,-1,-1,237.94831156730652,0.7036755084991455
fginjk,0.8596214511041009,0.8628854178724565,0.8596214511041009,0.8487747416857004,0.860303788870146,0.31086688030405374,64,7,0.001,64,fold_3,False,-1,-1,327.02438282966614,0.7339706420898438
fginjk,0.8541009463722398,0.856918931583119,0.8541009463722398,0.84620436522197,0.8533408664111103,0.36114274129882595,64,7,0.001,32,fold_0,False,-1,-1,218.20481371879578,0.705270528793335
fginjk,0.8454258675078864,0.8443969696396342,0.8454258675078864,0.8366608223605542,0.8455454928582342,0.327635186515772,64,7,0.001,32,fold_1,False,-1,-1,312.61205887794495,0.6938810348510742
fginjk,0.8391167192429022,0.8437919271901114,0.8391167192429022,0.8271255636383015,0.838756538720512,0.36380813644511467,64,7,0.001,32,fold_2,False,-1,-1,295.0381166934967,0.6553289890289307
fginjk,0.8596214511041009,0.8616019346441449,0.8596214511041009,0.8512751117449799,0.8596890190246069,0.3002083969041,64,7,0.001,32,fold_3,False,-1,-1,361.95102095603943,0.6876254081726074
fginjk,0.8580441640378549,0.8621282821475604,0.8580441640378549,0.848324136200611,0.8586432563288847,0.3574789801042539,64,7,0.001,16,fold_0,False,-1,-1,595.7923030853271,0.6890790462493896
fginjk,0.8414826498422713,0.8404041238729107,0.8414826498422713,0.8301674464885106,0.840771327516481,0.3372854127868869,64,7,0.001,16,fold_1,False,-1,-1,657.3162672519684,0.7087421417236328
fginjk,0.8375394321766562,0.8399565209372128,0.8375394321766562,0.8248295170722323,0.8368278065642609,0.37973874027044613,64,7,0.001,16,fold_2,False,-1,-1,691.2689757347107,0.6834805011749268
fginjk,0.8564668769716088,0.8554898377814174,0.8564668769716088,0.8474302703847002,0.8558315547121047,0.30760552529656926,64,7,0.001,16,fold_3,False,-1,-1,576.8808317184448,0.6781466007232666
fginjk,0.8564668769716088,0.8653816765510429,0.8564668769716088,0.845556328223563,0.8557318213417994,0.37706434538687816,64,7,0.001,8,fold_0,False,-1,-1,798.392951965332,0.6672098636627197
fginjk,0.8406940063091483,0.8645475496759714,0.8406940063091483,0.8171673822665315,0.8414781896305842,0.3645979083298885,64,7,0.001,8,fold_1,False,-1,-1,515.7032468318939,0.6502633094787598
fginjk,0.8399053627760252,0.8469958982628794,0.8399053627760252,0.8274067018426089,0.8393345194707889,0.3871184832854226,64,7,0.001,8,fold_2,False,-1,-1,1004.5663547515869,0.6776494979858398
fginjk,0.8588328075709779,0.8604365807929566,0.8588328075709779,0.8495790140682437,0.8589342212763097,0.3202650234902319,64,7,0.001,8,fold_3,False,-1,-1,696.5479679107666,0.6593122482299805
fginjk,0.8596214511041009,0.8634846156813762,0.8596214511041009,0.8516755866344476,0.8601942408711702,0.36254809594680837,32,4,0.001,64,fold_0,False,-1,-1,142.94438767433167,0.4062018394470215
fginjk,0.8438485804416404,0.8422485153410382,0.8438485804416404,0.8351922069507728,0.8441506255370397,0.33644022249648997,32,4,0.001,64,fold_1,False,-1,-1,121.42096757888794,0.4060359001159668
fginjk,0.8399053627760252,0.8405439765666537,0.8399053627760252,0.8309447604306709,0.840867571824824,0.37822382551638484,32,4,0.001,64,fold_2,False,-1,-1,137.03028321266174,0.4121372699737549
fginjk,0.8556782334384858,0.857680898390817,0.8556782334384858,0.8440803869586879,0.8562956175542822,0.34435605062671265,32,4,0.001,64,fold_3,False,-1,-1,121.72923851013184,0.4090585708618164
fginjk,0.8564668769716088,0.8635224614482759,0.8564668769716088,0.8458938809212788,0.8556625515000486,0.35295890972065247,32,4,0.001,32,fold_0,False,-1,-1,164.05075907707214,0.41028332710266113
fginjk,0.8462145110410094,0.846982928327733,0.8462145110410094,0.8364843372089211,0.8469514541775216,0.322225181415254,32,4,0.001,32,fold_1,False,-1,-1,174.61199712753296,0.4061284065246582
fginjk,0.8438485804416404,0.8458349591391326,0.8438485804416404,0.8343076841817373,0.8447338511765403,0.3718582381397392,32,4,0.001,32,fold_2,False,-1,-1,177.53803253173828,0.4133260250091553
fginjk,0.8533123028391167,0.85313319332356,0.8533123028391167,0.8429124122290934,0.8529760768566269,0.3472796171809597,32,4,0.001,32,fold_3,False,-1,-1,172.52267289161682,0.41623425483703613
fginjk,0.8580441640378549,0.8621214624339021,0.8580441640378549,0.8490335429363103,0.858405141247866,0.34711028706012087,32,4,0.001,16,fold_0,False,-1,-1,292.6797697544098,0.4101998805999756
fginjk,0.8446372239747634,0.8450717445188723,0.8446372239747634,0.835069680825323,0.8448690295598856,0.33536308138904514,32,4,0.001,16,fold_1,False,-1,-1,272.18139362335205,0.4074547290802002
fginjk,0.8367507886435331,0.841971660564628,0.8367507886435331,0.8232108530545629,0.8366140546701507,0.38505981199748884,32,4,0.001,16,fold_2,False,-1,-1,231.44143557548523,0.4189026355743408
fginjk,0.8588328075709779,0.8603062701869102,0.8588328075709779,0.848507846561728,0.8592416061990793,0.3249969655406964,32,4,0.001,16,fold_3,False,-1,-1,306.1627218723297,0.40533971786499023
fginjk,0.8556782334384858,0.8695029973532286,0.8556782334384858,0.84309397391427,0.8550402052655678,0.364929629707186,32,4,0.001,8,fold_0,False,-1,-1,510.4624111652374,0.4079768657684326
fginjk,0.8454258675078864,0.8460106669172215,0.8454258675078864,0.8364664446220016,0.8455454928582342,0.35148189529447527,32,4,0.001,8,fold_1,False,-1,-1,493.94887137413025,0.42836618423461914
fginjk,0.8343848580441641,0.8396349940082293,0.8343848580441641,0.8187023096361159,0.834078129057302,0.386564734794364,32,4,0.001,8,fold_2,False,-1,-1,527.0966086387634,0.43879270553588867
fginjk,0.8541009463722398,0.8544694879450628,0.8541009463722398,0.8422731563897057,0.8537779474309783,0.3516583355255307,32,4,0.001,8,fold_3,False,-1,-1,417.9211497306824,0.4309060573577881
fginjk,0.8588328075709779,0.8620038986444812,0.8588328075709779,0.851543312030987,0.8587893724013279,0.34912385925509576,32,5,0.001,64,fold_0,False,-1,-1,147.63636565208435,0.5022916793823242
fginjk,0.8470031545741324,0.8477674494792428,0.8470031545741324,0.8389250246347423,0.8473205325531004,0.32291663849391394,32,5,0.001,64,fold_1,False,-1,-1,161.32517790794373,0.49211835861206055
fginjk,0.8391167192429022,0.8451204978408298,0.8391167192429022,0.8261620456338742,0.839282431796816,0.3617193164885608,32,5,0.001,64,fold_2,False,-1,-1,166.31399536132812,0.505199670791626
fginjk,0.8580441640378549,0.8605696146471689,0.8580441640378549,0.8462287961677356,0.8586131717949136,0.3216729587184894,32,5,0.001,64,fold_3,False,-1,-1,169.11945867538452,0.4826343059539795
fginjk,0.8588328075709779,0.8626408548924893,0.8588328075709779,0.8505323828774225,0.8591811799437313,0.35012187961524216,32,5,0.001,32,fold_0,False,-1,-1,193.3118007183075,0.48098015785217285
fginjk,0.8462145110410094,0.8469034144171701,0.8462145110410094,0.836369385277462,0.8469514541775216,0.33144882847834084,32,5,0.001,32,fold_1,False,-1,-1,168.5152690410614,0.491457462310791
fginjk,0.8406940063091483,0.8421114126691228,0.8406940063091483,0.830556350225644,0.8412902260936319,0.37252792067332224,32,5,0.001,32,fold_2,False,-1,-1,272.0215153694153,0.5292117595672607
fginjk,0.8596214511041009,0.860637711858167,0.8596214511041009,0.8517192491375303,0.8597946825918089,0.31358071964245865,32,5,0.001,32,fold_3,False,-1,-1,278.67096519470215,0.5087883472442627
fginjk,0.8588328075709779,0.8628074141385976,0.8588328075709779,0.8508578924830317,0.8590967573240975,0.358014204524669,32,5,0.001,16,fold_0,False,-1,-1,312.83216094970703,0.48157596588134766
fginjk,0.8438485804416404,0.841528659358301,0.8438485804416404,0.8327101393651347,0.8441622607057713,0.3318110991163585,32,5,0.001,16,fold_1,False,-1,-1,432.95144057273865,0.48150086402893066
fginjk,0.8375394321766562,0.8458671536388678,0.8375394321766562,0.824434534295294,0.8369955589540836,0.36722049859796035,32,5,0.001,16,fold_2,False,-1,-1,384.31855726242065,0.5035467147827148
fginjk,0.8596214511041009,0.8622342243803952,0.8596214511041009,0.8493810614640642,0.860409452437348,0.32277187328985435,32,5,0.001,16,fold_3,False,-1,-1,366.3452787399292,0.5223052501678467
fginjk,0.8572555205047319,0.8616521701748807,0.8572555205047319,0.8481493912016363,0.8573217176292312,0.3863592819084504,32,5,0.001,8,fold_0,False,-1,-1,637.2414267063141,0.4925563335418701
fginjk,0.8438485804416404,0.8428958948027638,0.8438485804416404,0.8341225901380763,0.8438548757830018,0.35600011158816824,32,5,0.001,8,fold_1,False,-1,-1,465.44867992401123,0.48963308334350586
fginjk,0.8375394321766562,0.8425474312069576,0.8375394321766562,0.8248142708877868,0.8371012225212857,0.3922070288319693,32,5,0.001,8,fold_2,False,-1,-1,657.4903702735901,0.5018928050994873
fginjk,0.8588328075709779,0.8611564394054044,0.8588328075709779,0.8484425197651944,0.8592416061990793,0.31977696542860207,32,5,0.001,8,fold_3,False,-1,-1,629.8661811351776,0.48274850845336914
fginjk,0.8580441640378549,0.8602659456728032,0.8580441640378549,0.8503920881480513,0.8580284864833456,0.3396069626514844,32,6,0.001,64,fold_0,False,-1,-1,182.69048976898193,0.5916259288787842
fginjk,0.8470031545741324,0.8478098873664495,0.8470031545741324,0.8384055572731637,0.8472148689858984,0.31720655004872883,32,6,0.001,64,fold_1,False,-1,-1,200.14098072052002,0.584782600402832
fginjk,0.8399053627760252,0.8415601288641333,0.8399053627760252,0.8309860838718284,0.8400813951989939,0.3581963589514844,32,6,0.001,64,fold_2,False,-1,-1,159.7857964038849,0.5486545562744141
fginjk,0.8588328075709779,0.8657020727201142,0.8588328075709779,0.8477973036535835,0.858708208802351,0.3195787519686606,32,6,0.001,64,fold_3,False,-1,-1,165.4628131389618,0.5631422996520996
fginjk,0.860410094637224,0.8648526585722058,0.860410094637224,0.8524602523290582,0.8609410668607147,0.34819992991275966,32,6,0.001,32,fold_0,False,-1,-1,263.8635392189026,0.5590126514434814
fginjk,0.8477917981072555,0.848821076442873,0.8477917981072555,0.8394637049768344,0.8484039561717354,0.31419290879547407,32,6,0.001,32,fold_1,False,-1,-1,245.97831344604492,0.5573346614837646
fginjk,0.8422712933753943,0.870779304305673,0.8422712933753943,0.8210805816334639,0.8433458627646535,0.3646152385213774,32,6,0.001,32,fold_2,False,-1,-1,191.528395652771,0.5634214878082275
fginjk,0.861198738170347,0.8635881462351492,0.861198738170347,0.8519510928902011,0.8617562908643598,0.3090476724627642,32,6,0.001,32,fold_3,False,-1,-1,279.0228908061981,0.5621426105499268
fginjk,0.8572555205047319,0.8672051834950433,0.8572555205047319,0.8459425207741531,0.8567308223408003,0.3641693298748991,32,6,0.001,16,fold_0,False,-1,-1,382.2656264305115,0.5948624610900879
fginjk,0.8462145110410094,0.8464358936651861,0.8462145110410094,0.8384314345489062,0.8462371089344656,0.33181989489105596,32,6,0.001,16,fold_1,False,-1,-1,346.25573539733887,0.5536534786224365
fginjk,0.833596214511041,0.8577053128516288,0.833596214511041,0.809345547193627,0.8327154403727733,0.37508742948435836,32,6,0.001,16,fold_2,False,-1,-1,368.1645345687866,0.5600957870483398
fginjk,0.8596214511041009,0.8607009226516836,0.8596214511041009,0.8506838245644693,0.8601864901342123,0.3209911346999629,32,6,0.001,16,fold_3,False,-1,-1,413.9850766658783,0.6084749698638916
fginjk,0.8517350157728707,0.8596738231306815,0.8517350157728707,0.8400088273470899,0.851188287952112,0.40196943442904237,32,6,0.001,8,fold_0,False,-1,-1,545.7553205490112,0.5705921649932861
fginjk,0.8422712933753943,0.8428858781846872,0.8422712933753943,0.8299254524284913,0.8409081399199103,0.3622537414170214,32,6,0.001,8,fold_1,False,-1,-1,591.970454454422,0.563044548034668
fginjk,0.8406940063091483,0.8413110636850014,0.8406940063091483,0.8316726779132693,0.8410733519601816,0.3824348232535534,32,6,0.001,8,fold_2,False,-1,-1,747.1870920658112,0.551652193069458
fginjk,0.8580441640378549,0.8650780639995176,0.8580441640378549,0.8470034646608744,0.8572739622976819,0.32099224998371834,32,6,0.001,8,fold_3,False,-1,-1,685.1715221405029,0.5530965328216553
fginjk,0.860410094637224,0.864056086671631,0.860410094637224,0.8524614357138008,0.8610254894803486,0.3387471172335772,32,7,0.001,64,fold_0,False,-1,-1,203.58383750915527,0.6391727924346924
fginjk,0.8462145110410094,0.84720284915048,0.8462145110410094,0.8363825405837816,0.8469514541775216,0.32178660211878996,32,7,0.001,64,fold_1,False,-1,-1,201.6497519016266,0.632422685623169
fginjk,0.8359621451104101,0.8383719636961328,0.8359621451104101,0.8222688687039942,0.8355234500323856,0.3678507777606651,32,7,0.001,64,fold_2,False,-1,-1,268.1820590496063,0.6417081356048584
fginjk,0.862776025236593,0.8663399060461467,0.862776025236593,0.8538593143619209,0.8636850230206109,0.3101151174739332,32,7,0.001,64,fold_3,False,-1,-1,225.4021601676941,0.6821038722991943
fginjk,0.8572555205047319,0.8639312323770005,0.8572555205047319,0.8460530433020459,0.8568152449604342,0.34247605568414985,32,7,0.001,32,fold_0,False,-1,-1,225.30575704574585,0.628533124923706
fginjk,0.8406940063091483,0.8380377681258346,0.8406940063091483,0.8301801041956436,0.8404184317192237,0.33465642169446974,32,7,0.001,32,fold_1,False,-1,-1,304.116703748703,0.6615431308746338
fginjk,0.8422712933753943,0.8455804199814804,0.8422712933753943,0.8334175440063553,0.84309355097388,0.3830193859357563,32,7,0.001,32,fold_2,False,-1,-1,291.13574481010437,0.6378180980682373
fginjk,0.86198738170347,0.8639083482547516,0.86198738170347,0.8532628831391359,0.8626932030407402,0.3086626115093472,32,7,0.001,32,fold_3,False,-1,-1,290.1575779914856,0.6338143348693848
fginjk,0.8548895899053628,0.8612581484156385,0.8548895899053628,0.8432900644990503,0.8538875118051821,0.35067921867505986,32,7,0.001,16,fold_0,False,-1,-1,389.8454887866974,0.6181089878082275
fginjk,0.8438485804416404,0.8443995647935084,0.8438485804416404,0.8348203297327954,0.8444588011994316,0.3352995968015412,32,7,0.001,16,fold_1,False,-1,-1,493.88309359550476,0.6228024959564209
fginjk,0.8430599369085173,0.8424553541883674,0.8430599369085173,0.8341863067903665,0.8433403157656069,0.37460902587096395,32,7,0.001,16,fold_2,False,-1,-1,637.9580607414246,0.6393225193023682
fginjk,0.862776025236593,0.8660493721122412,0.862776025236593,0.8544398715368072,0.8633624853199584,0.30723735379871886,32,7,0.001,16,fold_3,False,-1,-1,534.2730915546417,0.6387114524841309
fginjk,0.8564668769716088,0.8583678038405386,0.8564668769716088,0.8481389425816794,0.8561690241688453,0.37109812210410925,32,7,0.001,8,fold_0,False,-1,-1,923.590883731842,0.6134636402130127
fginjk,0.8454258675078864,0.8509661478229115,0.8454258675078864,0.8321934584434731,0.8451634999445011,0.3737357835100276,32,7,0.001,8,fold_1,False,-1,-1,666.4579586982727,0.6309137344360352
fginjk,0.8383280757097792,0.8683946180148574,0.8383280757097792,0.8170871049067474,0.8381668597524976,0.3987713471196051,32,7,0.001,8,fold_2,False,-1,-1,951.7155976295471,0.6171574592590332
fginjk,0.861198738170347,0.8631495933578418,0.861198738170347,0.8530976053041288,0.8613644833219565,0.30842760440302947,32,7,0.001,8,fold_3,False,-1,-1,924.6036758422852,0.6190474033355713
