{"0": {"status": "deadendend", "trace": [{"name": "main", "args": ["06a6f469a19be1712a4ab2b6dee130172dcd74002eabdce4de422bb406d8baff.exe"], "addr": 4207947, "ret": "symbolic", "addr_func": 4207947}, {"name": "InitCommonControls", "args": [], "addr_func": "6292092", "addr": 4207978, "ret": 0}, {"name": "SetErrorMode", "args": [32769], "addr_func": "6291544", "addr": 4207989, "ret": "<BV32 retval_SetErrorMode_32767_32>"}, {"name": "OleInitialize", "args": [0], "addr_func": "6292104", "addr": 4207996, "ret": "<BV32 retval_OleInitialize_32768_32>"}, {"name": "GetModuleHandleA", "args": ["SHFOLDER"], "addr_func": "6291604", "addr": 4218117, "ret": 7344168}, {"name": "GetProcAddress", "args": [7344168, "SHGetFolderPathW"], "addr_func": "6291596", "addr": 4218145, "ret": 7344172}, {"name": "SHGetFileInfoW", "args": ["", 0, 2147416904, 692, 0], "addr_func": "6292032", "addr": 4208036, "ret": "<BV32 retval_SHGetFileInfoW_32769_32>"}, {"name": "lstrcpynW", "args": ["", "NSIS Error", 8196], "addr_func": "6291556", "addr": 4217851, "ret": "<BV32 retval_lstrcpynW_32770_32>"}, {"name": "GetCommandLineW", "args": [], "addr_func": "6291540", "addr": 4208057, "ret": 0}, {"name": "lstrcpynW", "args": ["", "\ufed4\u7ffe", 8196], "addr_func": "6291556", "addr": 4217851, "ret": "<BV32 retval_lstrcpynW_32771_32>"}, {"name": "GetModuleHandleW", "args": [0], "addr_func": "6291664", "addr": 4208076, "ret": 4194304}, {"name": "CharNextW", "args": [""], "addr_func": "6291920", "addr": 4208115, "ret": "<BV32 retval_CharNextW_32772_32>"}, {"name": "GetTempPathW", "args": [8196, ""], "addr_func": "6291536", "addr": 4208326, "ret": "<BV32 retval_GetTempPathW_32773_32>"}, {"name": "CharPrevW", "args": ["", ""], "addr_func": "6291852", "addr": 4218024, "ret": "<BV32 retval_CharPrevW_32774_32>"}, {"name": "GetWindowsDirectoryW", "args": ["", 8191], "addr_func": "6291532", "addr": 4208347, "ret": "<BV32 retval_GetWindowsDirectoryW_32775_32>"}, {"name": "lstrcatW", "args": ["", "\\Temp"], "addr_func": "6291592", "addr": 4208359, "ret": "<BV32 retval_lstrcatW_32776_32>"}, {"name": "CharPrevW", "args": ["", ""], "addr_func": "6291852", "addr": 4218024, "ret": "<BV32 retval_CharPrevW_32777_32>"}, {"name": "lstrcpynW", "args": ["", "", 8196], "addr_func": "6291556", "addr": 4217851, "ret": "<BV32 retval_lstrcpynW_32778_32>"}, {"name": "CharNextW", "args": [""], "addr_func": "6291920", "addr": 4217163, "ret": "<BV32 retval_CharNextW_32779_32>"}, {"name": "CharNextW", "args": ["retval_CharNextW_32779_32"], "addr_func": "6291920", "addr": 4217168, "ret": "<BV32 retval_CharNextW_32780_32>"}, {"name": "OleUninitialize", "args": [], "addr_func": "6292108", "addr": 4208527, "ret": 0}, {"name": "MessageBoxIndirectW", "args": [4235312], "addr_func": "6291840", "addr": 4217056, "ret": "None"}, {"name": "ExitProcess", "args": [], "addr_func": "6291528", "addr": 4208559, "ret": 0}]}, "sections": {".text": {"vaddr": 4198400, "memsize": 25506, "is_readable": true, "is_writable": false, "is_executable": true}, ".rdata": {"vaddr": 4227072, "memsize": 6386, "is_readable": true, "is_writable": false, "is_executable": false}, ".data": {"vaddr": 4235264, "memsize": 419484, "is_readable": true, "is_writable": true, "is_executable": false}, ".ndata": {"vaddr": 4657152, "memsize": 724992, "is_readable": true, "is_writable": true, "is_executable": false}, ".rsrc": {"vaddr": 5382144, "memsize": 32288, "is_readable": true, "is_writable": false, "is_executable": false}}}