{"0": {"status": "deadendend", "trace": [{"name": "main", "args": ["0bacbba2d999559238da3a986cedda316dc7bcf5edf1d6f15c05a83eaaadde9f.exe"], "addr": 4343242, "ret": "symbolic", "addr_func": 4343242}, {"name": "__p__fmode", "args": [], "addr_func": "5243160", "addr": 4343308, "ret": 0}, {"name": "__p__commode", "args": [], "addr_func": "5243156", "addr": 4343322, "ret": 0}, {"name": "_controlfp", "args": [], "addr_func": "5243168", "addr": 4343632, "ret": 0}, {"name": "__getmainargs", "args": [2147417496, 2147417480, 2147417492, 0, 2147417484], "addr_func": "5243140", "addr": 4343423, "ret": 0}, {"name": "GetModuleHandleA", "args": ["kernel32.dll"], "addr_func": "5243296", "addr": 4210253, "ret": 6295592}, {"name": "GetProcAddress", "args": [6295592, "FindFirstStreamW"], "addr_func": "5243380", "addr": 4210262, "ret": 6295596}, {"name": "GetModuleHandleA", "args": ["kernel32.dll"], "addr_func": "5243296", "addr": 4210275, "ret": 6295592}, {"name": "GetProcAddress", "args": [6295592, "FindNextStreamW"], "addr_func": "5243380", "addr": 4210278, "ret": 6295600}, {"name": "_onexit", "args": [4314496], "addr_func": "5243120", "addr": 4343180, "ret": "<BV32 retval__onexit_32782_32>"}, {"name": "InitializeCriticalSection", "args": [4379680], "addr_func": "5243192", "addr": 4338062, "ret": "None"}, {"name": "_onexit", "args": [4314624], "addr_func": "5243120", "addr": 4343180, "ret": "<BV32 retval__onexit_32784_32>"}, {"name": "GetVersionExW", "args": [2147417120], "addr_func": "5243376", "addr": 4321571, "ret": "<BV32 retval_GetVersionExW_32787_32>"}, {"name": "GetStartupInfoA", "args": [2147417500], "addr_func": "5243188", "addr": 4343502, "ret": "None"}, {"name": "GetModuleHandleA", "args": [0], "addr_func": "5243296", "addr": 4343538, "ret": 4194304}, {"name": "GetVersionExW", "args": [2147417124], "addr_func": "5243376", "addr": 4201014, "ret": "<BV32 retval_GetVersionExW_32788_32>"}, {"name": "MessageBoxW", "args": [0, "Unsupported Windows version", "7-Zip", 16], "addr_func": "5242960", "addr": 4257555, "ret": 1}, {"name": "exit", "args": [], "addr_func": "5243132", "addr": 4343554, "ret": 0}]}, "1": {"status": "deadendend", "trace": [{"name": "main", "args": ["0bacbba2d999559238da3a986cedda316dc7bcf5edf1d6f15c05a83eaaadde9f.exe"], "addr": 4343242, "ret": "symbolic", "addr_func": 4343242}, {"name": "__p__fmode", "args": [], "addr_func": "5243160", "addr": 4343308, "ret": 0}, {"name": "__p__commode", "args": [], "addr_func": "5243156", "addr": 4343322, "ret": 0}, {"name": "_controlfp", "args": [], "addr_func": "5243168", "addr": 4343632, "ret": 0}, {"name": "__getmainargs", "args": [2147417496, 2147417480, 2147417492, 0, 2147417484], "addr_func": "5243140", "addr": 4343423, "ret": 0}, {"name": "GetModuleHandleA", "args": ["kernel32.dll"], "addr_func": "5243296", "addr": 4210253, "ret": 6295592}, {"name": "GetProcAddress", "args": [6295592, "FindFirstStreamW"], "addr_func": "5243380", "addr": 4210262, "ret": 6295596}, {"name": "GetModuleHandleA", "args": ["kernel32.dll"], "addr_func": "5243296", "addr": 4210275, "ret": 6295592}, {"name": "GetProcAddress", "args": [6295592, "FindNextStreamW"], "addr_func": "5243380", "addr": 4210278, "ret": 6295600}, {"name": "_onexit", "args": [4314496], "addr_func": "5243120", "addr": 4343180, "ret": "<BV32 retval__onexit_32782_32>"}, {"name": "InitializeCriticalSection", "args": [4379680], "addr_func": "5243192", "addr": 4338062, "ret": "None"}, {"name": "_onexit", "args": [4314624], "addr_func": "5243120", "addr": 4343180, "ret": "<BV32 retval__onexit_32784_32>"}, {"name": "GetVersionExW", "args": [2147417120], "addr_func": "5243376", "addr": 4321571, "ret": "<BV32 retval_GetVersionExW_32787_32>"}, {"name": "GetStartupInfoA", "args": [2147417500], "addr_func": "5243188", "addr": 4343502, "ret": "None"}, {"name": "GetModuleHandleA", "args": [0], "addr_func": "5243296", "addr": 4343538, "ret": 4194304}, {"name": "GetVersionExW", "args": [2147417124], "addr_func": "5243376", "addr": 4201014, "ret": "<BV32 retval_GetVersionExW_32789_32>"}, {"name": "MessageBoxW", "args": [0, "Unsupported Windows version", "7-Zip", 16], "addr_func": "5242960", "addr": 4257555, "ret": 1}, {"name": "exit", "args": [], "addr_func": "5243132", "addr": 4343554, "ret": 0}]}, "sections": {".text": {"vaddr": 4198400, "memsize": 155285, "is_readable": true, "is_writable": false, "is_executable": true}, ".rdata": {"vaddr": 4354048, "memsize": 24288, "is_readable": true, "is_writable": false, "is_executable": false}, ".data": {"vaddr": 4378624, "memsize": 17788, "is_readable": true, "is_writable": true, "is_executable": false}, ".sxdata": {"vaddr": 4399104, "memsize": 4, "is_readable": true, "is_writable": true, "is_executable": false}, ".rsrc": {"vaddr": 4403200, "memsize": 8336, "is_readable": true, "is_writable": false, "is_executable": false}}}