{"0": {"status": "deadendend", "trace": [{"name": "main", "args": ["0f1fd4c2d09dbe2ea1b9c89c21841c2032db6902e4b6963c25acb9abf10a75f1.exe"], "addr": 4209123, "ret": "symbolic", "addr_func": 4209123}, {"name": "InitCommonControls", "args": [], "addr_func": "6292108", "addr": 4209154, "ret": 0}, {"name": "SetErrorMode", "args": [32769], "addr_func": "6291544", "addr": 4209165, "ret": "<BV32 retval_SetErrorMode_32767_32>"}, {"name": "OleInitialize", "args": [0], "addr_func": "6292120", "addr": 4209172, "ret": "<BV32 retval_OleInitialize_32768_32>"}, {"name": "GetModuleHandleA", "args": ["SHFOLDER"], "addr_func": "6291604", "addr": 4220011, "ret": 7344168}, {"name": "GetProcAddress", "args": [7344168, "SHGetFolderPathW"], "addr_func": "6291596", "addr": 4220040, "ret": 7344172}, {"name": "SHGetFileInfoW", "args": ["", 0, 2147416904, 692, 0], "addr_func": "6292048", "addr": 4209212, "ret": "<BV32 retval_SHGetFileInfoW_32769_32>"}, {"name": "lstrcpynW", "args": ["", "NSIS Error", 8196], "addr_func": "6291556", "addr": 4219255, "ret": "<BV32 retval_lstrcpynW_32770_32>"}, {"name": "GetCommandLineW", "args": [], "addr_func": "6291540", "addr": 4209233, "ret": 0}, {"name": "lstrcpynW", "args": ["", "\ufed4\u7ffe", 8196], "addr_func": "6291556", "addr": 4219255, "ret": "<BV32 retval_lstrcpynW_32771_32>"}, {"name": "GetModuleHandleW", "args": [0], "addr_func": "6291668", "addr": 4209252, "ret": 4194304}, {"name": "CharNextW", "args": [""], "addr_func": "6291936", "addr": 4209291, "ret": "<BV32 retval_CharNextW_32772_32>"}, {"name": "GetTempPathW", "args": [8196, ""], "addr_func": "6291536", "addr": 4209504, "ret": "<BV32 retval_GetTempPathW_32773_32>"}, {"name": "CharPrevW", "args": ["", ""], "addr_func": "6291864", "addr": 4219428, "ret": "<BV32 retval_CharPrevW_32774_32>"}, {"name": "GetWindowsDirectoryW", "args": ["", 8191], "addr_func": "6291532", "addr": 4209525, "ret": "<BV32 retval_GetWindowsDirectoryW_32775_32>"}, {"name": "lstrcatW", "args": ["", "\\Temp"], "addr_func": "6291592", "addr": 4209537, "ret": "<BV32 retval_lstrcatW_32776_32>"}, {"name": "CharPrevW", "args": ["", ""], "addr_func": "6291864", "addr": 4219428, "ret": "<BV32 retval_CharPrevW_32777_32>"}, {"name": "lstrcpynW", "args": ["", "", 8196], "addr_func": "6291556", "addr": 4219255, "ret": "<BV32 retval_lstrcpynW_32778_32>"}, {"name": "CharNextW", "args": [""], "addr_func": "6291936", "addr": 4218567, "ret": "<BV32 retval_CharNextW_32779_32>"}, {"name": "CharNextW", "args": ["retval_CharNextW_32779_32"], "addr_func": "6291936", "addr": 4218572, "ret": "<BV32 retval_CharNextW_32780_32>"}, {"name": "lstrlenW", "args": [""], "addr_func": "6291552", "addr": 4219921, "ret": "<BV32 retval_lstrlenW_32781_32>"}, {"name": "wvsprintfW", "args": ["retval_lstrlenW_32781_32", "RMDir: RemoveDirectory invalid input(\"%s\")", 2147416212], "addr_func": "6291868", "addr": 4219944, "ret": "<BV32 retval_wvsprintfW_32782_32>"}, {"name": "OleUninitialize", "args": [], "addr_func": "6292124", "addr": 4209713, "ret": 0}, {"name": "MessageBoxIndirectW", "args": [4239408], "addr_func": "6291852", "addr": 4218461, "ret": "None"}, {"name": "ExitProcess", "args": [], "addr_func": "6291528", "addr": 4209745, "ret": 0}]}, "sections": {".text": {"vaddr": 4198400, "memsize": 28432, "is_readable": true, "is_writable": false, "is_executable": true}, ".rdata": {"vaddr": 4227072, "memsize": 10898, "is_readable": true, "is_writable": false, "is_executable": false}, ".data": {"vaddr": 4239360, "memsize": 425660, "is_readable": true, "is_writable": true, "is_executable": false}, ".ndata": {"vaddr": 4665344, "memsize": 921600, "is_readable": true, "is_writable": true, "is_executable": false}, ".rsrc": {"vaddr": 5586944, "memsize": 38172, "is_readable": true, "is_writable": false, "is_executable": false}, ".reloc": {"vaddr": 5627904, "memsize": 3978, "is_readable": true, "is_writable": false, "is_executable": false}}}