{"0": {"status": "deadendend", "trace": [{"name": "main", "args": ["0fb0bccb6a49a60784b1ebbd0debeee78e8048fa3a8a823cf0e83897f2a2614e.exe"], "addr": 4208815, "ret": "symbolic", "addr_func": 4208815}, {"name": "InitCommonControls", "args": [], "addr_func": "7340684", "addr": 4208846, "ret": 0}, {"name": "SetErrorMode", "args": [32769], "addr_func": "7340116", "addr": 4208857, "ret": "<BV32 retval_SetErrorMode_32767_32>"}, {"name": "OleInitialize", "args": [0], "addr_func": "7340696", "addr": 4208864, "ret": "<BV32 retval_OleInitialize_32768_32>"}, {"name": "GetModuleHandleA", "args": ["SHFOLDER"], "addr_func": "7340180", "addr": 4219702, "ret": 8392744}, {"name": "GetProcAddress", "args": [8392744, "SHGetFolderPathW"], "addr_func": "7340172", "addr": 4219731, "ret": 8392748}, {"name": "SHGetFileInfoW", "args": ["", 0, 2147416904, 692, 0], "addr_func": "7340624", "addr": 4208904, "ret": "<BV32 retval_SHGetFileInfoW_32769_32>"}, {"name": "lstrcpynW", "args": ["", "NSIS Error", 8196], "addr_func": "7340128", "addr": 4218946, "ret": "<BV32 retval_lstrcpynW_32770_32>"}, {"name": "GetCommandLineW", "args": [], "addr_func": "7340112", "addr": 4208925, "ret": 0}, {"name": "lstrcpynW", "args": ["", "\ufed4\u7ffe", 8196], "addr_func": "7340128", "addr": 4218946, "ret": "<BV32 retval_lstrcpynW_32771_32>"}, {"name": "GetModuleHandleW", "args": [0], "addr_func": "7340244", "addr": 4208944, "ret": 4194304}, {"name": "CharNextW", "args": [""], "addr_func": "7340512", "addr": 4208983, "ret": "<BV32 retval_CharNextW_32772_32>"}, {"name": "GetTempPathW", "args": [8196, ""], "addr_func": "7340108", "addr": 4209196, "ret": "<BV32 retval_GetTempPathW_32773_32>"}, {"name": "CharPrevW", "args": ["", ""], "addr_func": "7340440", "addr": 4219119, "ret": "<BV32 retval_CharPrevW_32774_32>"}, {"name": "GetWindowsDirectoryW", "args": ["", 8191], "addr_func": "7340104", "addr": 4209217, "ret": "<BV32 retval_GetWindowsDirectoryW_32775_32>"}, {"name": "lstrcatW", "args": ["", "\\Temp"], "addr_func": "7340168", "addr": 4209229, "ret": "<BV32 retval_lstrcatW_32776_32>"}, {"name": "CharPrevW", "args": ["", ""], "addr_func": "7340440", "addr": 4219119, "ret": "<BV32 retval_CharPrevW_32777_32>"}, {"name": "lstrcpynW", "args": ["", "", 8196], "addr_func": "7340128", "addr": 4218946, "ret": "<BV32 retval_lstrcpynW_32778_32>"}, {"name": "CharNextW", "args": [""], "addr_func": "7340512", "addr": 4218259, "ret": "<BV32 retval_CharNextW_32779_32>"}, {"name": "CharNextW", "args": ["retval_CharNextW_32779_32"], "addr_func": "7340512", "addr": 4218264, "ret": "<BV32 retval_CharNextW_32780_32>"}, {"name": "lstrlenW", "args": [""], "addr_func": "7340308", "addr": 4219612, "ret": "<BV32 retval_lstrlenW_32781_32>"}, {"name": "wvsprintfW", "args": ["retval_lstrlenW_32781_32", "RMDir: RemoveDirectory invalid input(\"%s\")", 2147416216], "addr_func": "7340444", "addr": 4219635, "ret": "<BV32 retval_wvsprintfW_32782_32>"}, {"name": "OleUninitialize", "args": [], "addr_func": "7340700", "addr": 4209405, "ret": 0}, {"name": "MessageBoxIndirectW", "args": [4243504], "addr_func": "7340428", "addr": 4218153, "ret": "None"}, {"name": "ExitProcess", "args": [], "addr_func": "7340100", "addr": 4209437, "ret": 0}]}, "sections": {".text": {"vaddr": 4198400, "memsize": 29324, "is_readable": true, "is_writable": false, "is_executable": true}, ".rdata": {"vaddr": 4231168, "memsize": 11118, "is_readable": true, "is_writable": false, "is_executable": false}, ".data": {"vaddr": 4243456, "memsize": 469916, "is_readable": true, "is_writable": true, "is_executable": false}, ".ndata": {"vaddr": 4714496, "memsize": 1593344, "is_readable": true, "is_writable": true, "is_executable": false}, ".rsrc": {"vaddr": 6307840, "memsize": 33536, "is_readable": true, "is_writable": false, "is_executable": false}, ".reloc": {"vaddr": 6344704, "memsize": 4054, "is_readable": true, "is_writable": false, "is_executable": false}}}