{"0": {"status": "active", "trace": [{"name": "main", "args": ["1c080f5b35eab79fa9fcad18bfea45c19e4569ebe15256b9230a447961f24dbd.exe"], "addr": 4234304, "ret": "symbolic", "addr_func": 4234304}, {"name": "GetModuleHandleA", "args": [0], "addr_func": "5242928", "addr": 4206819, "ret": 4194304}, {"name": "GetCommandLineA", "args": [], "addr_func": "5242936", "addr": 4206830, "ret": 0}, {"name": "GetModuleHandleA", "args": ["kernel32.dll"], "addr_func": "5242928", "addr": 4212098, "ret": 6295592}, {"name": "GetProcAddress", "args": [6295592, "SetDllDirectoryW"], "addr_func": "5243100", "addr": 4212111, "ret": 6295596}, {"name": "SetDllDirectoryW", "args": [""], "addr_func": "6295596", "addr": 4212125, "ret": "<BV32 retval_SetDllDirectoryW_32767_32>"}, {"name": "GetProcAddress", "args": [6295592, "SetSearchPathMode"], "addr_func": "5243100", "addr": 4212133, "ret": 6295600}, {"name": "SetSearchPathMode", "args": [32769], "addr_func": "6295600", "addr": 4212147, "ret": "<BV32 retval_SetSearchPathMode_32768_32>"}, {"name": "GetProcAddress", "args": [6295592, "SetProcessDEPPolicy"], "addr_func": "5243100", "addr": 4212155, "ret": 6295604}, {"name": "SetProcessDEPPolicy", "args": [1], "addr_func": "6295604", "addr": 4212166, "ret": "<BV32 retval_SetProcessDEPPolicy_32769_32>"}, {"name": "InitializeCriticalSection", "args": [4244508], "addr_func": "5242892", "addr": 4200750, "ret": "None"}, {"name": "LocalAlloc", "args": [0, 4088], "addr_func": "5242908", "addr": 4200811, "ret": 3221258256}, {"name": "VirtualAlloc", "args": [0, 1048576, 8192, 1], "addr_func": "5242900", "addr": 4199519, "ret": 3222798336}, {"name": "LocalAlloc", "args": [0, 1604], "addr_func": "5242908", "addr": 4199071, "ret": 3221262352}, {"name": "VirtualAlloc", "args": [3222798336, 16384, 4096, 4], "addr_func": "5242900", "addr": 4199985, "ret": 3222798336}, {"name": "LoadStringA", "args": [4194304, 65415, "", 1024], "addr_func": "5243176", "addr": 4213993, "ret": "<BV32 retval_LoadStringA_32770_32>"}, {"name": "GetSystemDefaultLCID", "args": [], "addr_func": "5243096", "addr": 4215439, "ret": 0}, {"name": "LoadStringA", "args": [4194304, 65472, "", 1024], "addr_func": "5243176", "addr": 4213993, "ret": "<BV32 retval_LoadStringA_32779_32>"}, {"name": "GetLocaleInfoA", "args": ["retval_GetSystemDefaultLCID_32776_32", 68, "", 256], "addr_func": "5243108", "addr": 4215322, "ret": "<BV32 retval_GetLocaleInfoA_32781_32>"}, {"name": "LoadStringA", "args": [4194304, 65488, "", 1024], "addr_func": "5243176", "addr": 4213993, "ret": "<BV32 retval_LoadStringA_32782_32>"}, {"name": "GetLocaleInfoA", "args": ["retval_GetSystemDefaultLCID_32776_32", 56, "", 256], "addr_func": "5243108", "addr": 4215322, "ret": "<BV32 retval_GetLocaleInfoA_32784_32>"}, {"name": "VirtualAlloc", "args": [0, 1048576, 8192, 1], "addr_func": "5242900", "addr": 4199519, "ret": 3223846912}, {"name": "VirtualFree", "args": [3222814720, 1032192, 16384], "addr_func": "5242896", "addr": 4200114, "ret": "<BV32 retval_VirtualFree_32796_32>"}, {"name": "VirtualFree", "args": [3223846912, 0, 32768], "addr_func": "5242896", "addr": 4199792, "ret": "<BV32 retval_VirtualFree_32798_32>"}, {"name": "VirtualAlloc", "args": [0, 1048576, 8192, 1], "addr_func": "5242900", "addr": 4199519, "ret": 3224895488}, {"name": "VirtualFree", "args": [3224895488, 1048576, 16384], "addr_func": "5242896", "addr": 4200114, "ret": "<BV32 retval_VirtualFree_32819_32>"}, {"name": "VirtualFree", "args": [3224895488, 1048576, 16384], "addr_func": "5242896", "addr": 4200114, "ret": "<BV32 retval_VirtualFree_32825_32>"}, {"name": "VirtualFree", "args": [3222814720, 1032192, 16384], "addr_func": "5242896", "addr": 4200114, "ret": "<BV32 retval_VirtualFree_32827_32>"}, {"name": "VirtualFree", "args": [3224895488, 0, 32768], "addr_func": "5242896", "addr": 4199792, "ret": "<BV32 retval_VirtualFree_32863_32>"}]}, "1": {"status": "active", "trace": [{"name": "main", "args": ["1c080f5b35eab79fa9fcad18bfea45c19e4569ebe15256b9230a447961f24dbd.exe"], "addr": 4234304, "ret": "symbolic", "addr_func": 4234304}, {"name": "GetModuleHandleA", "args": [0], "addr_func": "5242928", "addr": 4206819, "ret": 4194304}, {"name": "GetCommandLineA", "args": [], "addr_func": "5242936", "addr": 4206830, "ret": 0}, {"name": "GetModuleHandleA", "args": ["kernel32.dll"], "addr_func": "5242928", "addr": 4212098, "ret": 6295592}, {"name": "GetProcAddress", "args": [6295592, "SetDllDirectoryW"], "addr_func": "5243100", "addr": 4212111, "ret": 6295596}, {"name": "SetDllDirectoryW", "args": [""], "addr_func": "6295596", "addr": 4212125, "ret": "<BV32 retval_SetDllDirectoryW_32767_32>"}, {"name": "GetProcAddress", "args": [6295592, "SetSearchPathMode"], "addr_func": "5243100", "addr": 4212133, "ret": 6295600}, {"name": "SetSearchPathMode", "args": [32769], "addr_func": "6295600", "addr": 4212147, "ret": "<BV32 retval_SetSearchPathMode_32768_32>"}, {"name": "GetProcAddress", "args": [6295592, "SetProcessDEPPolicy"], "addr_func": "5243100", "addr": 4212155, "ret": 6295604}, {"name": "SetProcessDEPPolicy", "args": [1], "addr_func": "6295604", "addr": 4212166, "ret": "<BV32 retval_SetProcessDEPPolicy_32769_32>"}, {"name": "InitializeCriticalSection", "args": [4244508], "addr_func": "5242892", "addr": 4200750, "ret": "None"}, {"name": "LocalAlloc", "args": [0, 4088], "addr_func": "5242908", "addr": 4200811, "ret": 3221258256}, {"name": "VirtualAlloc", "args": [0, 1048576, 8192, 1], "addr_func": "5242900", "addr": 4199519, "ret": 3222798336}, {"name": "LocalAlloc", "args": [0, 1604], "addr_func": "5242908", "addr": 4199071, "ret": 3221262352}, {"name": "VirtualAlloc", "args": [3222798336, 16384, 4096, 4], "addr_func": "5242900", "addr": 4199985, "ret": 3222798336}, {"name": "LoadStringA", "args": [4194304, 65415, "", 1024], "addr_func": "5243176", "addr": 4213993, "ret": "<BV32 retval_LoadStringA_32770_32>"}, {"name": "GetSystemDefaultLCID", "args": [], "addr_func": "5243096", "addr": 4215439, "ret": 0}, {"name": "LoadStringA", "args": [4194304, 65472, "", 1024], "addr_func": "5243176", "addr": 4213993, "ret": "<BV32 retval_LoadStringA_32779_32>"}, {"name": "GetLocaleInfoA", "args": ["retval_GetSystemDefaultLCID_32776_32", 68, "", 256], "addr_func": "5243108", "addr": 4215322, "ret": "<BV32 retval_GetLocaleInfoA_32781_32>"}, {"name": "LoadStringA", "args": [4194304, 65488, "", 1024], "addr_func": "5243176", "addr": 4213993, "ret": "<BV32 retval_LoadStringA_32782_32>"}, {"name": "GetLocaleInfoA", "args": ["retval_GetSystemDefaultLCID_32776_32", 56, "", 256], "addr_func": "5243108", "addr": 4215322, "ret": "<BV32 retval_GetLocaleInfoA_32784_32>"}, {"name": "VirtualAlloc", "args": [0, 1048576, 8192, 1], "addr_func": "5242900", "addr": 4199519, "ret": 3223846912}, {"name": "VirtualFree", "args": [3222814720, 1032192, 16384], "addr_func": "5242896", "addr": 4200114, "ret": "<BV32 retval_VirtualFree_32796_32>"}, {"name": "VirtualFree", "args": [3223846912, 0, 32768], "addr_func": "5242896", "addr": 4199792, "ret": "<BV32 retval_VirtualFree_32798_32>"}, {"name": "VirtualAlloc", "args": [0, 1048576, 8192, 1], "addr_func": "5242900", "addr": 4199519, "ret": 3224895488}, {"name": "VirtualFree", "args": [3224895488, 1048576, 16384], "addr_func": "5242896", "addr": 4200114, "ret": "<BV32 retval_VirtualFree_32819_32>"}]}, "2": {"status": "active", "trace": [{"name": "main", "args": ["1c080f5b35eab79fa9fcad18bfea45c19e4569ebe15256b9230a447961f24dbd.exe"], "addr": 4234304, "ret": "symbolic", "addr_func": 4234304}, {"name": "GetModuleHandleA", "args": [0], "addr_func": "5242928", "addr": 4206819, "ret": 4194304}, {"name": "GetCommandLineA", "args": [], "addr_func": "5242936", "addr": 4206830, "ret": 0}, {"name": "GetModuleHandleA", "args": ["kernel32.dll"], "addr_func": "5242928", "addr": 4212098, "ret": 6295592}, {"name": "GetProcAddress", "args": [6295592, "SetDllDirectoryW"], "addr_func": "5243100", "addr": 4212111, "ret": 6295596}, {"name": "SetDllDirectoryW", "args": [""], "addr_func": "6295596", "addr": 4212125, "ret": "<BV32 retval_SetDllDirectoryW_32767_32>"}, {"name": "GetProcAddress", "args": [6295592, "SetSearchPathMode"], "addr_func": "5243100", "addr": 4212133, "ret": 6295600}, {"name": "SetSearchPathMode", "args": [32769], "addr_func": "6295600", "addr": 4212147, "ret": "<BV32 retval_SetSearchPathMode_32768_32>"}, {"name": "GetProcAddress", "args": [6295592, "SetProcessDEPPolicy"], "addr_func": "5243100", "addr": 4212155, "ret": 6295604}, {"name": "SetProcessDEPPolicy", "args": [1], "addr_func": "6295604", "addr": 4212166, "ret": "<BV32 retval_SetProcessDEPPolicy_32769_32>"}, {"name": "InitializeCriticalSection", "args": [4244508], "addr_func": "5242892", "addr": 4200750, "ret": "None"}, {"name": "LocalAlloc", "args": [0, 4088], "addr_func": "5242908", "addr": 4200811, "ret": 3221258256}, {"name": "VirtualAlloc", "args": [0, 1048576, 8192, 1], "addr_func": "5242900", "addr": 4199519, "ret": 3222798336}, {"name": "LocalAlloc", "args": [0, 1604], "addr_func": "5242908", "addr": 4199071, "ret": 3221262352}, {"name": "VirtualAlloc", "args": [3222798336, 16384, 4096, 4], "addr_func": "5242900", "addr": 4199985, "ret": 3222798336}, {"name": "LoadStringA", "args": [4194304, 65415, "", 1024], "addr_func": "5243176", "addr": 4213993, "ret": "<BV32 retval_LoadStringA_32770_32>"}, {"name": "GetSystemDefaultLCID", "args": [], "addr_func": "5243096", "addr": 4215439, "ret": 0}, {"name": "LoadStringA", "args": [4194304, 65472, "", 1024], "addr_func": "5243176", "addr": 4213993, "ret": "<BV32 retval_LoadStringA_32779_32>"}, {"name": "GetLocaleInfoA", "args": ["retval_GetSystemDefaultLCID_32776_32", 68, "", 256], "addr_func": "5243108", "addr": 4215322, "ret": "<BV32 retval_GetLocaleInfoA_32781_32>"}, {"name": "LoadStringA", "args": [4194304, 65488, "", 1024], "addr_func": "5243176", "addr": 4213993, "ret": "<BV32 retval_LoadStringA_32782_32>"}, {"name": "GetLocaleInfoA", "args": ["retval_GetSystemDefaultLCID_32776_32", 56, "", 256], "addr_func": "5243108", "addr": 4215322, "ret": "<BV32 retval_GetLocaleInfoA_32784_32>"}, {"name": "VirtualAlloc", "args": [0, 1048576, 8192, 1], "addr_func": "5242900", "addr": 4199519, "ret": 3223846912}, {"name": "VirtualFree", "args": [3222814720, 1032192, 16384], "addr_func": "5242896", "addr": 4200114, "ret": "<BV32 retval_VirtualFree_32796_32>"}, {"name": "VirtualFree", "args": [3223846912, 0, 32768], "addr_func": "5242896", "addr": 4199792, "ret": "<BV32 retval_VirtualFree_32798_32>"}, {"name": "VirtualAlloc", "args": [0, 1048576, 8192, 1], "addr_func": "5242900", "addr": 4199519, "ret": 3224895488}, {"name": "VirtualFree", "args": [3224895488, 1048576, 16384], "addr_func": "5242896", "addr": 4200114, "ret": "<BV32 retval_VirtualFree_32819_32>"}, {"name": "VirtualFree", "args": [3224895488, 0, 32768], "addr_func": "5242896", "addr": 4199792, "ret": "<BV32 retval_VirtualFree_32939_32>"}]}, "3": {"status": "active", "trace": [{"name": "main", "args": ["1c080f5b35eab79fa9fcad18bfea45c19e4569ebe15256b9230a447961f24dbd.exe"], "addr": 4234304, "ret": "symbolic", "addr_func": 4234304}, {"name": "GetModuleHandleA", "args": [0], "addr_func": "5242928", "addr": 4206819, "ret": 4194304}, {"name": "GetCommandLineA", "args": [], "addr_func": "5242936", "addr": 4206830, "ret": 0}, {"name": "GetModuleHandleA", "args": ["kernel32.dll"], "addr_func": "5242928", "addr": 4212098, "ret": 6295592}, {"name": "GetProcAddress", "args": [6295592, "SetDllDirectoryW"], "addr_func": "5243100", "addr": 4212111, "ret": 6295596}, {"name": "SetDllDirectoryW", "args": [""], "addr_func": "6295596", "addr": 4212125, "ret": "<BV32 retval_SetDllDirectoryW_32767_32>"}, {"name": "GetProcAddress", "args": [6295592, "SetSearchPathMode"], "addr_func": "5243100", "addr": 4212133, "ret": 6295600}, {"name": "SetSearchPathMode", "args": [32769], "addr_func": "6295600", "addr": 4212147, "ret": "<BV32 retval_SetSearchPathMode_32768_32>"}, {"name": "GetProcAddress", "args": [6295592, "SetProcessDEPPolicy"], "addr_func": "5243100", "addr": 4212155, "ret": 6295604}, {"name": "SetProcessDEPPolicy", "args": [1], "addr_func": "6295604", "addr": 4212166, "ret": "<BV32 retval_SetProcessDEPPolicy_32769_32>"}, {"name": "InitializeCriticalSection", "args": [4244508], "addr_func": "5242892", "addr": 4200750, "ret": "None"}, {"name": "LocalAlloc", "args": [0, 4088], "addr_func": "5242908", "addr": 4200811, "ret": 3221258256}, {"name": "VirtualAlloc", "args": [0, 1048576, 8192, 1], "addr_func": "5242900", "addr": 4199519, "ret": 3222798336}, {"name": "LocalAlloc", "args": [0, 1604], "addr_func": "5242908", "addr": 4199071, "ret": 3221262352}, {"name": "VirtualAlloc", "args": [3222798336, 16384, 4096, 4], "addr_func": "5242900", "addr": 4199985, "ret": 3222798336}, {"name": "LoadStringA", "args": [4194304, 65415, "", 1024], "addr_func": "5243176", "addr": 4213993, "ret": "<BV32 retval_LoadStringA_32770_32>"}, {"name": "GetSystemDefaultLCID", "args": [], "addr_func": "5243096", "addr": 4215439, "ret": 0}, {"name": "LoadStringA", "args": [4194304, 65472, "", 1024], "addr_func": "5243176", "addr": 4213993, "ret": "<BV32 retval_LoadStringA_32779_32>"}, {"name": "GetLocaleInfoA", "args": ["retval_GetSystemDefaultLCID_32776_32", 68, "", 256], "addr_func": "5243108", "addr": 4215322, "ret": "<BV32 retval_GetLocaleInfoA_32781_32>"}, {"name": "LoadStringA", "args": [4194304, 65488, "", 1024], "addr_func": "5243176", "addr": 4213993, "ret": "<BV32 retval_LoadStringA_32782_32>"}, {"name": "GetLocaleInfoA", "args": ["retval_GetSystemDefaultLCID_32776_32", 56, "", 256], "addr_func": "5243108", "addr": 4215322, "ret": "<BV32 retval_GetLocaleInfoA_32784_32>"}, {"name": "VirtualAlloc", "args": [0, 1048576, 8192, 1], "addr_func": "5242900", "addr": 4199519, "ret": 3223846912}, {"name": "VirtualFree", "args": [3222814720, 1032192, 16384], "addr_func": "5242896", "addr": 4200114, "ret": "<BV32 retval_VirtualFree_32796_32>"}, {"name": "VirtualFree", "args": [3223846912, 0, 32768], "addr_func": "5242896", "addr": 4199792, "ret": "<BV32 retval_VirtualFree_32798_32>"}, {"name": "VirtualAlloc", "args": [0, 1048576, 8192, 1], "addr_func": "5242900", "addr": 4199519, "ret": 3224895488}, {"name": "VirtualFree", "args": [3224895488, 1048576, 16384], "addr_func": "5242896", "addr": 4200114, "ret": "<BV32 retval_VirtualFree_32936_32>"}]}, "4": {"status": "active", "trace": [{"name": "main", "args": ["1c080f5b35eab79fa9fcad18bfea45c19e4569ebe15256b9230a447961f24dbd.exe"], "addr": 4234304, "ret": "symbolic", "addr_func": 4234304}, {"name": "GetModuleHandleA", "args": [0], "addr_func": "5242928", "addr": 4206819, "ret": 4194304}, {"name": "GetCommandLineA", "args": [], "addr_func": "5242936", "addr": 4206830, "ret": 0}, {"name": "GetModuleHandleA", "args": ["kernel32.dll"], "addr_func": "5242928", "addr": 4212098, "ret": 6295592}, {"name": "GetProcAddress", "args": [6295592, "SetDllDirectoryW"], "addr_func": "5243100", "addr": 4212111, "ret": 6295596}, {"name": "SetDllDirectoryW", "args": [""], "addr_func": "6295596", "addr": 4212125, "ret": "<BV32 retval_SetDllDirectoryW_32767_32>"}, {"name": "GetProcAddress", "args": [6295592, "SetSearchPathMode"], "addr_func": "5243100", "addr": 4212133, "ret": 6295600}, {"name": "SetSearchPathMode", "args": [32769], "addr_func": "6295600", "addr": 4212147, "ret": "<BV32 retval_SetSearchPathMode_32768_32>"}, {"name": "GetProcAddress", "args": [6295592, "SetProcessDEPPolicy"], "addr_func": "5243100", "addr": 4212155, "ret": 6295604}, {"name": "SetProcessDEPPolicy", "args": [1], "addr_func": "6295604", "addr": 4212166, "ret": "<BV32 retval_SetProcessDEPPolicy_32769_32>"}, {"name": "InitializeCriticalSection", "args": [4244508], "addr_func": "5242892", "addr": 4200750, "ret": "None"}, {"name": "LocalAlloc", "args": [0, 4088], "addr_func": "5242908", "addr": 4200811, "ret": 3221258256}, {"name": "VirtualAlloc", "args": [0, 1048576, 8192, 1], "addr_func": "5242900", "addr": 4199519, "ret": 3222798336}, {"name": "LocalAlloc", "args": [0, 1604], "addr_func": "5242908", "addr": 4199071, "ret": 3221262352}, {"name": "VirtualAlloc", "args": [3222798336, 16384, 4096, 4], "addr_func": "5242900", "addr": 4199985, "ret": 3222798336}, {"name": "LoadStringA", "args": [4194304, 65415, "", 1024], "addr_func": "5243176", "addr": 4213993, "ret": "<BV32 retval_LoadStringA_32770_32>"}, {"name": "GetSystemDefaultLCID", "args": [], "addr_func": "5243096", "addr": 4215439, "ret": 0}, {"name": "LoadStringA", "args": [4194304, 65472, "", 1024], "addr_func": "5243176", "addr": 4213993, "ret": "<BV32 retval_LoadStringA_32779_32>"}, {"name": "GetLocaleInfoA", "args": ["retval_GetSystemDefaultLCID_32776_32", 68, "", 256], "addr_func": "5243108", "addr": 4215322, "ret": "<BV32 retval_GetLocaleInfoA_32781_32>"}, {"name": "LoadStringA", "args": [4194304, 65488, "", 1024], "addr_func": "5243176", "addr": 4213993, "ret": "<BV32 retval_LoadStringA_32782_32>"}, {"name": "GetLocaleInfoA", "args": ["retval_GetSystemDefaultLCID_32776_32", 56, "", 256], "addr_func": "5243108", "addr": 4215322, "ret": "<BV32 retval_GetLocaleInfoA_32784_32>"}, {"name": "VirtualAlloc", "args": [0, 1048576, 8192, 1], "addr_func": "5242900", "addr": 4199519, "ret": 3223846912}, {"name": "VirtualFree", "args": [3222814720, 1032192, 16384], "addr_func": "5242896", "addr": 4200114, "ret": "<BV32 retval_VirtualFree_32796_32>"}, {"name": "VirtualFree", "args": [3223846912, 0, 32768], "addr_func": "5242896", "addr": 4199792, "ret": "<BV32 retval_VirtualFree_32798_32>"}, {"name": "VirtualAlloc", "args": [0, 1048576, 8192, 1], "addr_func": "5242900", "addr": 4199519, "ret": 3224895488}]}, "5": {"status": "ExcessLoop", "trace": [{"name": "main", "args": ["1c080f5b35eab79fa9fcad18bfea45c19e4569ebe15256b9230a447961f24dbd.exe"], "addr": 4234304, "ret": "symbolic", "addr_func": 4234304}, {"name": "GetModuleHandleA", "args": [0], "addr_func": "5242928", "addr": 4206819, "ret": 4194304}, {"name": "GetCommandLineA", "args": [], "addr_func": "5242936", "addr": 4206830, "ret": 0}, {"name": "GetModuleHandleA", "args": ["kernel32.dll"], "addr_func": "5242928", "addr": 4212098, "ret": 6295592}, {"name": "GetProcAddress", "args": [6295592, "SetDllDirectoryW"], "addr_func": "5243100", "addr": 4212111, "ret": 6295596}, {"name": "SetDllDirectoryW", "args": [""], "addr_func": "6295596", "addr": 4212125, "ret": "<BV32 retval_SetDllDirectoryW_32767_32>"}, {"name": "GetProcAddress", "args": [6295592, "SetSearchPathMode"], "addr_func": "5243100", "addr": 4212133, "ret": 6295600}, {"name": "SetSearchPathMode", "args": [32769], "addr_func": "6295600", "addr": 4212147, "ret": "<BV32 retval_SetSearchPathMode_32768_32>"}, {"name": "GetProcAddress", "args": [6295592, "SetProcessDEPPolicy"], "addr_func": "5243100", "addr": 4212155, "ret": 6295604}, {"name": "SetProcessDEPPolicy", "args": [1], "addr_func": "6295604", "addr": 4212166, "ret": "<BV32 retval_SetProcessDEPPolicy_32769_32>"}, {"name": "InitializeCriticalSection", "args": [4244508], "addr_func": "5242892", "addr": 4200750, "ret": "None"}, {"name": "LocalAlloc", "args": [0, 4088], "addr_func": "5242908", "addr": 4200811, "ret": 3221258256}, {"name": "VirtualAlloc", "args": [0, 1048576, 8192, 1], "addr_func": "5242900", "addr": 4199519, "ret": 3222798336}, {"name": "LocalAlloc", "args": [0, 1604], "addr_func": "5242908", "addr": 4199071, "ret": 3221262352}, {"name": "VirtualAlloc", "args": [3222798336, 16384, 4096, 4], "addr_func": "5242900", "addr": 4199985, "ret": 3222798336}, {"name": "LoadStringA", "args": [4194304, 65415, "", 1024], "addr_func": "5243176", "addr": 4213993, "ret": "<BV32 retval_LoadStringA_32770_32>"}, {"name": "GetSystemDefaultLCID", "args": [], "addr_func": "5243096", "addr": 4215439, "ret": 0}, {"name": "LoadStringA", "args": [4194304, 65472, "", 1024], "addr_func": "5243176", "addr": 4213993, "ret": "<BV32 retval_LoadStringA_32779_32>"}, {"name": "GetLocaleInfoA", "args": ["retval_GetSystemDefaultLCID_32776_32", 68, "", 256], "addr_func": "5243108", "addr": 4215322, "ret": "<BV32 retval_GetLocaleInfoA_32781_32>"}, {"name": "LoadStringA", "args": [4194304, 65488, "", 1024], "addr_func": "5243176", "addr": 4213993, "ret": "<BV32 retval_LoadStringA_32782_32>"}, {"name": "GetLocaleInfoA", "args": ["retval_GetSystemDefaultLCID_32776_32", 56, "", 256], "addr_func": "5243108", "addr": 4215322, "ret": "<BV32 retval_GetLocaleInfoA_32784_32>"}]}, "6": {"status": "ExcessLoop", "trace": [{"name": "main", "args": ["1c080f5b35eab79fa9fcad18bfea45c19e4569ebe15256b9230a447961f24dbd.exe"], "addr": 4234304, "ret": "symbolic", "addr_func": 4234304}, {"name": "GetModuleHandleA", "args": [0], "addr_func": "5242928", "addr": 4206819, "ret": 4194304}, {"name": "GetCommandLineA", "args": [], "addr_func": "5242936", "addr": 4206830, "ret": 0}, {"name": "GetModuleHandleA", "args": ["kernel32.dll"], "addr_func": "5242928", "addr": 4212098, "ret": 6295592}, {"name": "GetProcAddress", "args": [6295592, "SetDllDirectoryW"], "addr_func": "5243100", "addr": 4212111, "ret": 6295596}, {"name": "SetDllDirectoryW", "args": [""], "addr_func": "6295596", "addr": 4212125, "ret": "<BV32 retval_SetDllDirectoryW_32767_32>"}, {"name": "GetProcAddress", "args": [6295592, "SetSearchPathMode"], "addr_func": "5243100", "addr": 4212133, "ret": 6295600}, {"name": "SetSearchPathMode", "args": [32769], "addr_func": "6295600", "addr": 4212147, "ret": "<BV32 retval_SetSearchPathMode_32768_32>"}, {"name": "GetProcAddress", "args": [6295592, "SetProcessDEPPolicy"], "addr_func": "5243100", "addr": 4212155, "ret": 6295604}, {"name": "SetProcessDEPPolicy", "args": [1], "addr_func": "6295604", "addr": 4212166, "ret": "<BV32 retval_SetProcessDEPPolicy_32769_32>"}, {"name": "InitializeCriticalSection", "args": [4244508], "addr_func": "5242892", "addr": 4200750, "ret": "None"}, {"name": "LocalAlloc", "args": [0, 4088], "addr_func": "5242908", "addr": 4200811, "ret": 3221258256}, {"name": "VirtualAlloc", "args": [0, 1048576, 8192, 1], "addr_func": "5242900", "addr": 4199519, "ret": 3222798336}, {"name": "LocalAlloc", "args": [0, 1604], "addr_func": "5242908", "addr": 4199071, "ret": 3221262352}, {"name": "VirtualAlloc", "args": [3222798336, 16384, 4096, 4], "addr_func": "5242900", "addr": 4199985, "ret": 3222798336}, {"name": "LoadStringA", "args": [4194304, 65415, "", 1024], "addr_func": "5243176", "addr": 4213993, "ret": "<BV32 retval_LoadStringA_32770_32>"}, {"name": "GetSystemDefaultLCID", "args": [], "addr_func": "5243096", "addr": 4215439, "ret": 0}, {"name": "LoadStringA", "args": [4194304, 65472, "", 1024], "addr_func": "5243176", "addr": 4213993, "ret": "<BV32 retval_LoadStringA_32779_32>"}, {"name": "GetLocaleInfoA", "args": ["retval_GetSystemDefaultLCID_32776_32", 68, "", 256], "addr_func": "5243108", "addr": 4215322, "ret": "<BV32 retval_GetLocaleInfoA_32781_32>"}, {"name": "LoadStringA", "args": [4194304, 65488, "", 1024], "addr_func": "5243176", "addr": 4213993, "ret": "<BV32 retval_LoadStringA_32782_32>"}, {"name": "GetLocaleInfoA", "args": ["retval_GetSystemDefaultLCID_32776_32", 56, "", 256], "addr_func": "5243108", "addr": 4215322, "ret": "<BV32 retval_GetLocaleInfoA_32784_32>"}, {"name": "LoadStringA", "args": [4194304, 65473, "", 1024], "addr_func": "5243176", "addr": 4213993, "ret": "<BV32 retval_LoadStringA_32793_32>"}]}, "7": {"status": "ExcessLoop", "trace": [{"name": "main", "args": ["1c080f5b35eab79fa9fcad18bfea45c19e4569ebe15256b9230a447961f24dbd.exe"], "addr": 4234304, "ret": "symbolic", "addr_func": 4234304}, {"name": "GetModuleHandleA", "args": [0], "addr_func": "5242928", "addr": 4206819, "ret": 4194304}, {"name": "GetCommandLineA", "args": [], "addr_func": "5242936", "addr": 4206830, "ret": 0}, {"name": "GetModuleHandleA", "args": ["kernel32.dll"], "addr_func": "5242928", "addr": 4212098, "ret": 6295592}, {"name": "GetProcAddress", "args": [6295592, "SetDllDirectoryW"], "addr_func": "5243100", "addr": 4212111, "ret": 6295596}, {"name": "SetDllDirectoryW", "args": [""], "addr_func": "6295596", "addr": 4212125, "ret": "<BV32 retval_SetDllDirectoryW_32767_32>"}, {"name": "GetProcAddress", "args": [6295592, "SetSearchPathMode"], "addr_func": "5243100", "addr": 4212133, "ret": 6295600}, {"name": "SetSearchPathMode", "args": [32769], "addr_func": "6295600", "addr": 4212147, "ret": "<BV32 retval_SetSearchPathMode_32768_32>"}, {"name": "GetProcAddress", "args": [6295592, "SetProcessDEPPolicy"], "addr_func": "5243100", "addr": 4212155, "ret": 6295604}, {"name": "SetProcessDEPPolicy", "args": [1], "addr_func": "6295604", "addr": 4212166, "ret": "<BV32 retval_SetProcessDEPPolicy_32769_32>"}, {"name": "InitializeCriticalSection", "args": [4244508], "addr_func": "5242892", "addr": 4200750, "ret": "None"}, {"name": "LocalAlloc", "args": [0, 4088], "addr_func": "5242908", "addr": 4200811, "ret": 3221258256}, {"name": "VirtualAlloc", "args": [0, 1048576, 8192, 1], "addr_func": "5242900", "addr": 4199519, "ret": 3222798336}, {"name": "LocalAlloc", "args": [0, 1604], "addr_func": "5242908", "addr": 4199071, "ret": 3221262352}, {"name": "VirtualAlloc", "args": [3222798336, 16384, 4096, 4], "addr_func": "5242900", "addr": 4199985, "ret": 3222798336}, {"name": "LoadStringA", "args": [4194304, 65415, "", 1024], "addr_func": "5243176", "addr": 4213993, "ret": "<BV32 retval_LoadStringA_32770_32>"}]}, "8": {"status": "ExcessLoop", "trace": [{"name": "main", "args": ["1c080f5b35eab79fa9fcad18bfea45c19e4569ebe15256b9230a447961f24dbd.exe"], "addr": 4234304, "ret": "symbolic", "addr_func": 4234304}, {"name": "GetModuleHandleA", "args": [0], "addr_func": "5242928", "addr": 4206819, "ret": 4194304}, {"name": "GetCommandLineA", "args": [], "addr_func": "5242936", "addr": 4206830, "ret": 0}, {"name": "GetModuleHandleA", "args": ["kernel32.dll"], "addr_func": "5242928", "addr": 4212098, "ret": 6295592}, {"name": "GetProcAddress", "args": [6295592, "SetDllDirectoryW"], "addr_func": "5243100", "addr": 4212111, "ret": 6295596}, {"name": "SetDllDirectoryW", "args": [""], "addr_func": "6295596", "addr": 4212125, "ret": "<BV32 retval_SetDllDirectoryW_32767_32>"}, {"name": "GetProcAddress", "args": [6295592, "SetSearchPathMode"], "addr_func": "5243100", "addr": 4212133, "ret": 6295600}, {"name": "SetSearchPathMode", "args": [32769], "addr_func": "6295600", "addr": 4212147, "ret": "<BV32 retval_SetSearchPathMode_32768_32>"}, {"name": "GetProcAddress", "args": [6295592, "SetProcessDEPPolicy"], "addr_func": "5243100", "addr": 4212155, "ret": 6295604}, {"name": "SetProcessDEPPolicy", "args": [1], "addr_func": "6295604", "addr": 4212166, "ret": "<BV32 retval_SetProcessDEPPolicy_32769_32>"}, {"name": "InitializeCriticalSection", "args": [4244508], "addr_func": "5242892", "addr": 4200750, "ret": "None"}, {"name": "LocalAlloc", "args": [0, 4088], "addr_func": "5242908", "addr": 4200811, "ret": 3221258256}, {"name": "VirtualAlloc", "args": [0, 1048576, 8192, 1], "addr_func": "5242900", "addr": 4199519, "ret": 3222798336}, {"name": "LocalAlloc", "args": [0, 1604], "addr_func": "5242908", "addr": 4199071, "ret": 3221262352}, {"name": "VirtualAlloc", "args": [3222798336, 16384, 4096, 4], "addr_func": "5242900", "addr": 4199985, "ret": 3222798336}, {"name": "LoadStringA", "args": [4194304, 65415, "", 1024], "addr_func": "5243176", "addr": 4213993, "ret": "<BV32 retval_LoadStringA_32770_32>"}, {"name": "GetSystemDefaultLCID", "args": [], "addr_func": "5243096", "addr": 4215439, "ret": 0}, {"name": "LoadStringA", "args": [4194304, 65472, "", 1024], "addr_func": "5243176", "addr": 4213993, "ret": "<BV32 retval_LoadStringA_32779_32>"}, {"name": "GetLocaleInfoA", "args": ["retval_GetSystemDefaultLCID_32776_32", 68, "", 256], "addr_func": "5243108", "addr": 4215322, "ret": "<BV32 retval_GetLocaleInfoA_32781_32>"}, {"name": "LoadStringA", "args": [4194304, 65488, "", 1024], "addr_func": "5243176", "addr": 4213993, "ret": "<BV32 retval_LoadStringA_32782_32>"}, {"name": "GetLocaleInfoA", "args": ["retval_GetSystemDefaultLCID_32776_32", 56, "", 256], "addr_func": "5243108", "addr": 4215322, "ret": "<BV32 retval_GetLocaleInfoA_32784_32>"}, {"name": "VirtualAlloc", "args": [0, 1048576, 8192, 1], "addr_func": "5242900", "addr": 4199519, "ret": 3223846912}, {"name": "VirtualFree", "args": [3222814720, 1032192, 16384], "addr_func": "5242896", "addr": 4200114, "ret": "<BV32 retval_VirtualFree_32796_32>"}, {"name": "VirtualFree", "args": [3223846912, 0, 32768], "addr_func": "5242896", "addr": 4199792, "ret": "<BV32 retval_VirtualFree_32798_32>"}, {"name": "VirtualAlloc", "args": [0, 1048576, 8192, 1], "addr_func": "5242900", "addr": 4199519, "ret": 3224895488}, {"name": "VirtualFree", "args": [3224895488, 1048576, 16384], "addr_func": "5242896", "addr": 4200114, "ret": "<BV32 retval_VirtualFree_32819_32>"}, {"name": "VirtualFree", "args": [3224895488, 1048576, 16384], "addr_func": "5242896", "addr": 4200114, "ret": "<BV32 retval_VirtualFree_32825_32>"}, {"name": "VirtualFree", "args": [3222814720, 1032192, 16384], "addr_func": "5242896", "addr": 4200114, "ret": "<BV32 retval_VirtualFree_32826_32>"}]}, "9": {"status": "ExcessLoop", "trace": [{"name": "main", "args": ["1c080f5b35eab79fa9fcad18bfea45c19e4569ebe15256b9230a447961f24dbd.exe"], "addr": 4234304, "ret": "symbolic", "addr_func": 4234304}, {"name": "GetModuleHandleA", "args": [0], "addr_func": "5242928", "addr": 4206819, "ret": 4194304}, {"name": "GetCommandLineA", "args": [], "addr_func": "5242936", "addr": 4206830, "ret": 0}, {"name": "GetModuleHandleA", "args": ["kernel32.dll"], "addr_func": "5242928", "addr": 4212098, "ret": 6295592}, {"name": "GetProcAddress", "args": [6295592, "SetDllDirectoryW"], "addr_func": "5243100", "addr": 4212111, "ret": 6295596}, {"name": "SetDllDirectoryW", "args": [""], "addr_func": "6295596", "addr": 4212125, "ret": "<BV32 retval_SetDllDirectoryW_32767_32>"}, {"name": "GetProcAddress", "args": [6295592, "SetSearchPathMode"], "addr_func": "5243100", "addr": 4212133, "ret": 6295600}, {"name": "SetSearchPathMode", "args": [32769], "addr_func": "6295600", "addr": 4212147, "ret": "<BV32 retval_SetSearchPathMode_32768_32>"}, {"name": "GetProcAddress", "args": [6295592, "SetProcessDEPPolicy"], "addr_func": "5243100", "addr": 4212155, "ret": 6295604}, {"name": "SetProcessDEPPolicy", "args": [1], "addr_func": "6295604", "addr": 4212166, "ret": "<BV32 retval_SetProcessDEPPolicy_32769_32>"}, {"name": "InitializeCriticalSection", "args": [4244508], "addr_func": "5242892", "addr": 4200750, "ret": "None"}, {"name": "LocalAlloc", "args": [0, 4088], "addr_func": "5242908", "addr": 4200811, "ret": 3221258256}, {"name": "VirtualAlloc", "args": [0, 1048576, 8192, 1], "addr_func": "5242900", "addr": 4199519, "ret": 3222798336}, {"name": "LocalAlloc", "args": [0, 1604], "addr_func": "5242908", "addr": 4199071, "ret": 3221262352}, {"name": "VirtualAlloc", "args": [3222798336, 16384, 4096, 4], "addr_func": "5242900", "addr": 4199985, "ret": 3222798336}, {"name": "LoadStringA", "args": [4194304, 65415, "", 1024], "addr_func": "5243176", "addr": 4213993, "ret": "<BV32 retval_LoadStringA_32770_32>"}, {"name": "GetSystemDefaultLCID", "args": [], "addr_func": "5243096", "addr": 4215439, "ret": 0}, {"name": "LoadStringA", "args": [4194304, 65472, "", 1024], "addr_func": "5243176", "addr": 4213993, "ret": "<BV32 retval_LoadStringA_32779_32>"}, {"name": "GetLocaleInfoA", "args": ["retval_GetSystemDefaultLCID_32776_32", 68, "", 256], "addr_func": "5243108", "addr": 4215322, "ret": "<BV32 retval_GetLocaleInfoA_32781_32>"}, {"name": "LoadStringA", "args": [4194304, 65488, "", 1024], "addr_func": "5243176", "addr": 4213993, "ret": "<BV32 retval_LoadStringA_32782_32>"}, {"name": "GetLocaleInfoA", "args": ["retval_GetSystemDefaultLCID_32776_32", 56, "", 256], "addr_func": "5243108", "addr": 4215322, "ret": "<BV32 retval_GetLocaleInfoA_32784_32>"}, {"name": "VirtualAlloc", "args": [0, 1048576, 8192, 1], "addr_func": "5242900", "addr": 4199519, "ret": 3223846912}, {"name": "VirtualFree", "args": [3222814720, 1032192, 16384], "addr_func": "5242896", "addr": 4200114, "ret": "<BV32 retval_VirtualFree_32796_32>"}, {"name": "VirtualFree", "args": [3223846912, 0, 32768], "addr_func": "5242896", "addr": 4199792, "ret": "<BV32 retval_VirtualFree_32798_32>"}, {"name": "VirtualAlloc", "args": [0, 1048576, 8192, 1], "addr_func": "5242900", "addr": 4199519, "ret": 3224895488}, {"name": "VirtualFree", "args": [3224895488, 1048576, 16384], "addr_func": "5242896", "addr": 4200114, "ret": "<BV32 retval_VirtualFree_32819_32>"}, {"name": "VirtualFree", "args": [3224895488, 1048576, 16384], "addr_func": "5242896", "addr": 4200114, "ret": "<BV32 retval_VirtualFree_32825_32>"}, {"name": "VirtualFree", "args": [3222814720, 1032192, 16384], "addr_func": "5242896", "addr": 4200114, "ret": "<BV32 retval_VirtualFree_32826_32>"}, {"name": "VirtualFree", "args": [3224895488, 0, 32768], "addr_func": "5242896", "addr": 4199792, "ret": "<BV32 retval_VirtualFree_32828_32>"}]}, "10": {"status": "ExcessLoop", "trace": [{"name": "main", "args": ["1c080f5b35eab79fa9fcad18bfea45c19e4569ebe15256b9230a447961f24dbd.exe"], "addr": 4234304, "ret": "symbolic", "addr_func": 4234304}, {"name": "GetModuleHandleA", "args": [0], "addr_func": "5242928", "addr": 4206819, "ret": 4194304}, {"name": "GetCommandLineA", "args": [], "addr_func": "5242936", "addr": 4206830, "ret": 0}, {"name": "GetModuleHandleA", "args": ["kernel32.dll"], "addr_func": "5242928", "addr": 4212098, "ret": 6295592}, {"name": "GetProcAddress", "args": [6295592, "SetDllDirectoryW"], "addr_func": "5243100", "addr": 4212111, "ret": 6295596}, {"name": "SetDllDirectoryW", "args": [""], "addr_func": "6295596", "addr": 4212125, "ret": "<BV32 retval_SetDllDirectoryW_32767_32>"}, {"name": "GetProcAddress", "args": [6295592, "SetSearchPathMode"], "addr_func": "5243100", "addr": 4212133, "ret": 6295600}, {"name": "SetSearchPathMode", "args": [32769], "addr_func": "6295600", "addr": 4212147, "ret": "<BV32 retval_SetSearchPathMode_32768_32>"}, {"name": "GetProcAddress", "args": [6295592, "SetProcessDEPPolicy"], "addr_func": "5243100", "addr": 4212155, "ret": 6295604}, {"name": "SetProcessDEPPolicy", "args": [1], "addr_func": "6295604", "addr": 4212166, "ret": "<BV32 retval_SetProcessDEPPolicy_32769_32>"}, {"name": "InitializeCriticalSection", "args": [4244508], "addr_func": "5242892", "addr": 4200750, "ret": "None"}, {"name": "LocalAlloc", "args": [0, 4088], "addr_func": "5242908", "addr": 4200811, "ret": 3221258256}, {"name": "VirtualAlloc", "args": [0, 1048576, 8192, 1], "addr_func": "5242900", "addr": 4199519, "ret": 3222798336}, {"name": "LocalAlloc", "args": [0, 1604], "addr_func": "5242908", "addr": 4199071, "ret": 3221262352}, {"name": "VirtualAlloc", "args": [3222798336, 16384, 4096, 4], "addr_func": "5242900", "addr": 4199985, "ret": 3222798336}, {"name": "LoadStringA", "args": [4194304, 65415, "", 1024], "addr_func": "5243176", "addr": 4213993, "ret": "<BV32 retval_LoadStringA_32770_32>"}, {"name": "GetSystemDefaultLCID", "args": [], "addr_func": "5243096", "addr": 4215439, "ret": 0}, {"name": "LoadStringA", "args": [4194304, 65472, "", 1024], "addr_func": "5243176", "addr": 4213993, "ret": "<BV32 retval_LoadStringA_32779_32>"}, {"name": "GetLocaleInfoA", "args": ["retval_GetSystemDefaultLCID_32776_32", 68, "", 256], "addr_func": "5243108", "addr": 4215322, "ret": "<BV32 retval_GetLocaleInfoA_32781_32>"}, {"name": "LoadStringA", "args": [4194304, 65488, "", 1024], "addr_func": "5243176", "addr": 4213993, "ret": "<BV32 retval_LoadStringA_32782_32>"}, {"name": "GetLocaleInfoA", "args": ["retval_GetSystemDefaultLCID_32776_32", 56, "", 256], "addr_func": "5243108", "addr": 4215322, "ret": "<BV32 retval_GetLocaleInfoA_32784_32>"}, {"name": "VirtualAlloc", "args": [0, 1048576, 8192, 1], "addr_func": "5242900", "addr": 4199519, "ret": 3223846912}, {"name": "VirtualFree", "args": [3222814720, 1032192, 16384], "addr_func": "5242896", "addr": 4200114, "ret": "<BV32 retval_VirtualFree_32796_32>"}, {"name": "VirtualFree", "args": [3223846912, 0, 32768], "addr_func": "5242896", "addr": 4199792, "ret": "<BV32 retval_VirtualFree_32798_32>"}, {"name": "VirtualAlloc", "args": [0, 1048576, 8192, 1], "addr_func": "5242900", "addr": 4199519, "ret": 3224895488}, {"name": "VirtualFree", "args": [3224895488, 1048576, 16384], "addr_func": "5242896", "addr": 4200114, "ret": "<BV32 retval_VirtualFree_32819_32>"}, {"name": "VirtualFree", "args": [3224895488, 1048576, 16384], "addr_func": "5242896", "addr": 4200114, "ret": "<BV32 retval_VirtualFree_32825_32>"}, {"name": "VirtualFree", "args": [3222814720, 1032192, 16384], "addr_func": "5242896", "addr": 4200114, "ret": "<BV32 retval_VirtualFree_32826_32>"}, {"name": "VirtualFree", "args": [3224895488, 1048576, 16384], "addr_func": "5242896", "addr": 4200114, "ret": "<BV32 retval_VirtualFree_32835_32>"}]}, "11": {"status": "ExcessLoop", "trace": [{"name": "main", "args": ["1c080f5b35eab79fa9fcad18bfea45c19e4569ebe15256b9230a447961f24dbd.exe"], "addr": 4234304, "ret": "symbolic", "addr_func": 4234304}, {"name": "GetModuleHandleA", "args": [0], "addr_func": "5242928", "addr": 4206819, "ret": 4194304}, {"name": "GetCommandLineA", "args": [], "addr_func": "5242936", "addr": 4206830, "ret": 0}, {"name": "GetModuleHandleA", "args": ["kernel32.dll"], "addr_func": "5242928", "addr": 4212098, "ret": 6295592}, {"name": "GetProcAddress", "args": [6295592, "SetDllDirectoryW"], "addr_func": "5243100", "addr": 4212111, "ret": 6295596}, {"name": "SetDllDirectoryW", "args": [""], "addr_func": "6295596", "addr": 4212125, "ret": "<BV32 retval_SetDllDirectoryW_32767_32>"}, {"name": "GetProcAddress", "args": [6295592, "SetSearchPathMode"], "addr_func": "5243100", "addr": 4212133, "ret": 6295600}, {"name": "SetSearchPathMode", "args": [32769], "addr_func": "6295600", "addr": 4212147, "ret": "<BV32 retval_SetSearchPathMode_32768_32>"}, {"name": "GetProcAddress", "args": [6295592, "SetProcessDEPPolicy"], "addr_func": "5243100", "addr": 4212155, "ret": 6295604}, {"name": "SetProcessDEPPolicy", "args": [1], "addr_func": "6295604", "addr": 4212166, "ret": "<BV32 retval_SetProcessDEPPolicy_32769_32>"}, {"name": "InitializeCriticalSection", "args": [4244508], "addr_func": "5242892", "addr": 4200750, "ret": "None"}, {"name": "LocalAlloc", "args": [0, 4088], "addr_func": "5242908", "addr": 4200811, "ret": 3221258256}, {"name": "VirtualAlloc", "args": [0, 1048576, 8192, 1], "addr_func": "5242900", "addr": 4199519, "ret": 3222798336}, {"name": "LocalAlloc", "args": [0, 1604], "addr_func": "5242908", "addr": 4199071, "ret": 3221262352}, {"name": "VirtualAlloc", "args": [3222798336, 16384, 4096, 4], "addr_func": "5242900", "addr": 4199985, "ret": 3222798336}, {"name": "LoadStringA", "args": [4194304, 65415, "", 1024], "addr_func": "5243176", "addr": 4213993, "ret": "<BV32 retval_LoadStringA_32770_32>"}, {"name": "GetSystemDefaultLCID", "args": [], "addr_func": "5243096", "addr": 4215439, "ret": 0}, {"name": "LoadStringA", "args": [4194304, 65472, "", 1024], "addr_func": "5243176", "addr": 4213993, "ret": "<BV32 retval_LoadStringA_32779_32>"}, {"name": "GetLocaleInfoA", "args": ["retval_GetSystemDefaultLCID_32776_32", 68, "", 256], "addr_func": "5243108", "addr": 4215322, "ret": "<BV32 retval_GetLocaleInfoA_32781_32>"}, {"name": "LoadStringA", "args": [4194304, 65488, "", 1024], "addr_func": "5243176", "addr": 4213993, "ret": "<BV32 retval_LoadStringA_32782_32>"}, {"name": "GetLocaleInfoA", "args": ["retval_GetSystemDefaultLCID_32776_32", 56, "", 256], "addr_func": "5243108", "addr": 4215322, "ret": "<BV32 retval_GetLocaleInfoA_32784_32>"}, {"name": "VirtualAlloc", "args": [0, 1048576, 8192, 1], "addr_func": "5242900", "addr": 4199519, "ret": 3223846912}, {"name": "VirtualFree", "args": [3222814720, 1032192, 16384], "addr_func": "5242896", "addr": 4200114, "ret": "<BV32 retval_VirtualFree_32796_32>"}, {"name": "VirtualFree", "args": [3223846912, 0, 32768], "addr_func": "5242896", "addr": 4199792, "ret": "<BV32 retval_VirtualFree_32798_32>"}, {"name": "VirtualAlloc", "args": [0, 1048576, 8192, 1], "addr_func": "5242900", "addr": 4199519, "ret": 3224895488}, {"name": "VirtualFree", "args": [3224895488, 1048576, 16384], "addr_func": "5242896", "addr": 4200114, "ret": "<BV32 retval_VirtualFree_32819_32>"}, {"name": "VirtualFree", "args": [3224895488, 1048576, 16384], "addr_func": "5242896", "addr": 4200114, "ret": "<BV32 retval_VirtualFree_32825_32>"}, {"name": "VirtualFree", "args": [3222814720, 1032192, 16384], "addr_func": "5242896", "addr": 4200114, "ret": "<BV32 retval_VirtualFree_32826_32>"}, {"name": "VirtualFree", "args": [3224895488, 0, 32768], "addr_func": "5242896", "addr": 4199792, "ret": "<BV32 retval_VirtualFree_32828_32>"}, {"name": "VirtualAlloc", "args": [3222798336, 1048576, 4096, 4], "addr_func": "5242900", "addr": 4199985, "ret": 3222798336}]}, "12": {"status": "ExcessLoop", "trace": [{"name": "main", "args": ["1c080f5b35eab79fa9fcad18bfea45c19e4569ebe15256b9230a447961f24dbd.exe"], "addr": 4234304, "ret": "symbolic", "addr_func": 4234304}, {"name": "GetModuleHandleA", "args": [0], "addr_func": "5242928", "addr": 4206819, "ret": 4194304}, {"name": "GetCommandLineA", "args": [], "addr_func": "5242936", "addr": 4206830, "ret": 0}, {"name": "GetModuleHandleA", "args": ["kernel32.dll"], "addr_func": "5242928", "addr": 4212098, "ret": 6295592}, {"name": "GetProcAddress", "args": [6295592, "SetDllDirectoryW"], "addr_func": "5243100", "addr": 4212111, "ret": 6295596}, {"name": "SetDllDirectoryW", "args": [""], "addr_func": "6295596", "addr": 4212125, "ret": "<BV32 retval_SetDllDirectoryW_32767_32>"}, {"name": "GetProcAddress", "args": [6295592, "SetSearchPathMode"], "addr_func": "5243100", "addr": 4212133, "ret": 6295600}, {"name": "SetSearchPathMode", "args": [32769], "addr_func": "6295600", "addr": 4212147, "ret": "<BV32 retval_SetSearchPathMode_32768_32>"}, {"name": "GetProcAddress", "args": [6295592, "SetProcessDEPPolicy"], "addr_func": "5243100", "addr": 4212155, "ret": 6295604}, {"name": "SetProcessDEPPolicy", "args": [1], "addr_func": "6295604", "addr": 4212166, "ret": "<BV32 retval_SetProcessDEPPolicy_32769_32>"}, {"name": "InitializeCriticalSection", "args": [4244508], "addr_func": "5242892", "addr": 4200750, "ret": "None"}, {"name": "LocalAlloc", "args": [0, 4088], "addr_func": "5242908", "addr": 4200811, "ret": 3221258256}, {"name": "VirtualAlloc", "args": [0, 1048576, 8192, 1], "addr_func": "5242900", "addr": 4199519, "ret": 3222798336}, {"name": "LocalAlloc", "args": [0, 1604], "addr_func": "5242908", "addr": 4199071, "ret": 3221262352}, {"name": "VirtualAlloc", "args": [3222798336, 16384, 4096, 4], "addr_func": "5242900", "addr": 4199985, "ret": 3222798336}, {"name": "LoadStringA", "args": [4194304, 65415, "", 1024], "addr_func": "5243176", "addr": 4213993, "ret": "<BV32 retval_LoadStringA_32770_32>"}, {"name": "GetSystemDefaultLCID", "args": [], "addr_func": "5243096", "addr": 4215439, "ret": 0}, {"name": "LoadStringA", "args": [4194304, 65472, "", 1024], "addr_func": "5243176", "addr": 4213993, "ret": "<BV32 retval_LoadStringA_32779_32>"}, {"name": "GetLocaleInfoA", "args": ["retval_GetSystemDefaultLCID_32776_32", 68, "", 256], "addr_func": "5243108", "addr": 4215322, "ret": "<BV32 retval_GetLocaleInfoA_32781_32>"}, {"name": "LoadStringA", "args": [4194304, 65488, "", 1024], "addr_func": "5243176", "addr": 4213993, "ret": "<BV32 retval_LoadStringA_32782_32>"}, {"name": "GetLocaleInfoA", "args": ["retval_GetSystemDefaultLCID_32776_32", 56, "", 256], "addr_func": "5243108", "addr": 4215322, "ret": "<BV32 retval_GetLocaleInfoA_32784_32>"}, {"name": "VirtualAlloc", "args": [3222814720, 1032192, 4096, 4], "addr_func": "5242900", "addr": 4199985, "ret": 3222814720}]}, "13": {"status": "ExcessLoop", "trace": [{"name": "main", "args": ["1c080f5b35eab79fa9fcad18bfea45c19e4569ebe15256b9230a447961f24dbd.exe"], "addr": 4234304, "ret": "symbolic", "addr_func": 4234304}, {"name": "GetModuleHandleA", "args": [0], "addr_func": "5242928", "addr": 4206819, "ret": 4194304}, {"name": "GetCommandLineA", "args": [], "addr_func": "5242936", "addr": 4206830, "ret": 0}, {"name": "GetModuleHandleA", "args": ["kernel32.dll"], "addr_func": "5242928", "addr": 4212098, "ret": 6295592}, {"name": "GetProcAddress", "args": [6295592, "SetDllDirectoryW"], "addr_func": "5243100", "addr": 4212111, "ret": 6295596}, {"name": "SetDllDirectoryW", "args": [""], "addr_func": "6295596", "addr": 4212125, "ret": "<BV32 retval_SetDllDirectoryW_32767_32>"}, {"name": "GetProcAddress", "args": [6295592, "SetSearchPathMode"], "addr_func": "5243100", "addr": 4212133, "ret": 6295600}, {"name": "SetSearchPathMode", "args": [32769], "addr_func": "6295600", "addr": 4212147, "ret": "<BV32 retval_SetSearchPathMode_32768_32>"}, {"name": "GetProcAddress", "args": [6295592, "SetProcessDEPPolicy"], "addr_func": "5243100", "addr": 4212155, "ret": 6295604}, {"name": "SetProcessDEPPolicy", "args": [1], "addr_func": "6295604", "addr": 4212166, "ret": "<BV32 retval_SetProcessDEPPolicy_32769_32>"}, {"name": "InitializeCriticalSection", "args": [4244508], "addr_func": "5242892", "addr": 4200750, "ret": "None"}, {"name": "LocalAlloc", "args": [0, 4088], "addr_func": "5242908", "addr": 4200811, "ret": 3221258256}, {"name": "VirtualAlloc", "args": [0, 1048576, 8192, 1], "addr_func": "5242900", "addr": 4199519, "ret": 3222798336}, {"name": "LocalAlloc", "args": [0, 1604], "addr_func": "5242908", "addr": 4199071, "ret": 3221262352}, {"name": "VirtualAlloc", "args": [3222798336, 16384, 4096, 4], "addr_func": "5242900", "addr": 4199985, "ret": 3222798336}, {"name": "LoadStringA", "args": [4194304, 65415, "", 1024], "addr_func": "5243176", "addr": 4213993, "ret": "<BV32 retval_LoadStringA_32770_32>"}, {"name": "GetSystemDefaultLCID", "args": [], "addr_func": "5243096", "addr": 4215439, "ret": 0}, {"name": "LoadStringA", "args": [4194304, 65472, "", 1024], "addr_func": "5243176", "addr": 4213993, "ret": "<BV32 retval_LoadStringA_32779_32>"}, {"name": "GetLocaleInfoA", "args": ["retval_GetSystemDefaultLCID_32776_32", 68, "", 256], "addr_func": "5243108", "addr": 4215322, "ret": "<BV32 retval_GetLocaleInfoA_32781_32>"}, {"name": "LoadStringA", "args": [4194304, 65488, "", 1024], "addr_func": "5243176", "addr": 4213993, "ret": "<BV32 retval_LoadStringA_32782_32>"}, {"name": "GetLocaleInfoA", "args": ["retval_GetSystemDefaultLCID_32776_32", 56, "", 256], "addr_func": "5243108", "addr": 4215322, "ret": "<BV32 retval_GetLocaleInfoA_32784_32>"}, {"name": "VirtualAlloc", "args": [0, 1048576, 8192, 1], "addr_func": "5242900", "addr": 4199519, "ret": 3223846912}, {"name": "VirtualFree", "args": [3222814720, 1032192, 16384], "addr_func": "5242896", "addr": 4200114, "ret": "<BV32 retval_VirtualFree_32796_32>"}, {"name": "VirtualFree", "args": [3223846912, 0, 32768], "addr_func": "5242896", "addr": 4199792, "ret": "<BV32 retval_VirtualFree_32798_32>"}, {"name": "VirtualAlloc", "args": [0, 1048576, 8192, 1], "addr_func": "5242900", "addr": 4199519, "ret": 3224895488}, {"name": "VirtualFree", "args": [3224895488, 1048576, 16384], "addr_func": "5242896", "addr": 4200114, "ret": "<BV32 retval_VirtualFree_32819_32>"}, {"name": "VirtualFree", "args": [3224895488, 1048576, 16384], "addr_func": "5242896", "addr": 4200114, "ret": "<BV32 retval_VirtualFree_32825_32>"}, {"name": "VirtualFree", "args": [3222814720, 1032192, 16384], "addr_func": "5242896", "addr": 4200114, "ret": "<BV32 retval_VirtualFree_32826_32>"}, {"name": "VirtualFree", "args": [3224895488, 1048576, 16384], "addr_func": "5242896", "addr": 4200114, "ret": "<BV32 retval_VirtualFree_32864_32>"}]}, "14": {"status": "ExcessLoop", "trace": [{"name": "main", "args": ["1c080f5b35eab79fa9fcad18bfea45c19e4569ebe15256b9230a447961f24dbd.exe"], "addr": 4234304, "ret": "symbolic", "addr_func": 4234304}, {"name": "GetModuleHandleA", "args": [0], "addr_func": "5242928", "addr": 4206819, "ret": 4194304}, {"name": "GetCommandLineA", "args": [], "addr_func": "5242936", "addr": 4206830, "ret": 0}, {"name": "GetModuleHandleA", "args": ["kernel32.dll"], "addr_func": "5242928", "addr": 4212098, "ret": 6295592}, {"name": "GetProcAddress", "args": [6295592, "SetDllDirectoryW"], "addr_func": "5243100", "addr": 4212111, "ret": 6295596}, {"name": "SetDllDirectoryW", "args": [""], "addr_func": "6295596", "addr": 4212125, "ret": "<BV32 retval_SetDllDirectoryW_32767_32>"}, {"name": "GetProcAddress", "args": [6295592, "SetSearchPathMode"], "addr_func": "5243100", "addr": 4212133, "ret": 6295600}, {"name": "SetSearchPathMode", "args": [32769], "addr_func": "6295600", "addr": 4212147, "ret": "<BV32 retval_SetSearchPathMode_32768_32>"}, {"name": "GetProcAddress", "args": [6295592, "SetProcessDEPPolicy"], "addr_func": "5243100", "addr": 4212155, "ret": 6295604}, {"name": "SetProcessDEPPolicy", "args": [1], "addr_func": "6295604", "addr": 4212166, "ret": "<BV32 retval_SetProcessDEPPolicy_32769_32>"}, {"name": "InitializeCriticalSection", "args": [4244508], "addr_func": "5242892", "addr": 4200750, "ret": "None"}, {"name": "LocalAlloc", "args": [0, 4088], "addr_func": "5242908", "addr": 4200811, "ret": 3221258256}, {"name": "VirtualAlloc", "args": [0, 1048576, 8192, 1], "addr_func": "5242900", "addr": 4199519, "ret": 3222798336}, {"name": "LocalAlloc", "args": [0, 1604], "addr_func": "5242908", "addr": 4199071, "ret": 3221262352}, {"name": "VirtualAlloc", "args": [3222798336, 16384, 4096, 4], "addr_func": "5242900", "addr": 4199985, "ret": 3222798336}, {"name": "LoadStringA", "args": [4194304, 65415, "", 1024], "addr_func": "5243176", "addr": 4213993, "ret": "<BV32 retval_LoadStringA_32770_32>"}, {"name": "GetSystemDefaultLCID", "args": [], "addr_func": "5243096", "addr": 4215439, "ret": 0}, {"name": "LoadStringA", "args": [4194304, 65472, "", 1024], "addr_func": "5243176", "addr": 4213993, "ret": "<BV32 retval_LoadStringA_32779_32>"}, {"name": "GetLocaleInfoA", "args": ["retval_GetSystemDefaultLCID_32776_32", 68, "", 256], "addr_func": "5243108", "addr": 4215322, "ret": "<BV32 retval_GetLocaleInfoA_32781_32>"}, {"name": "LoadStringA", "args": [4194304, 65488, "", 1024], "addr_func": "5243176", "addr": 4213993, "ret": "<BV32 retval_LoadStringA_32782_32>"}, {"name": "GetLocaleInfoA", "args": ["retval_GetSystemDefaultLCID_32776_32", 56, "", 256], "addr_func": "5243108", "addr": 4215322, "ret": "<BV32 retval_GetLocaleInfoA_32784_32>"}, {"name": "VirtualAlloc", "args": [0, 1048576, 8192, 1], "addr_func": "5242900", "addr": 4199519, "ret": 3223846912}, {"name": "VirtualFree", "args": [3222814720, 1032192, 16384], "addr_func": "5242896", "addr": 4200114, "ret": "<BV32 retval_VirtualFree_32796_32>"}, {"name": "VirtualFree", "args": [3223846912, 0, 32768], "addr_func": "5242896", "addr": 4199792, "ret": "<BV32 retval_VirtualFree_32798_32>"}, {"name": "VirtualAlloc", "args": [0, 1048576, 8192, 1], "addr_func": "5242900", "addr": 4199519, "ret": 3224895488}, {"name": "VirtualFree", "args": [3224895488, 1048576, 16384], "addr_func": "5242896", "addr": 4200114, "ret": "<BV32 retval_VirtualFree_32819_32>"}, {"name": "VirtualFree", "args": [3224895488, 1048576, 16384], "addr_func": "5242896", "addr": 4200114, "ret": "<BV32 retval_VirtualFree_32825_32>"}, {"name": "VirtualFree", "args": [3222814720, 1032192, 16384], "addr_func": "5242896", "addr": 4200114, "ret": "<BV32 retval_VirtualFree_32826_32>"}, {"name": "VirtualFree", "args": [3224895488, 0, 32768], "addr_func": "5242896", "addr": 4199792, "ret": "<BV32 retval_VirtualFree_32847_32>"}]}, "15": {"status": "ExcessLoop", "trace": [{"name": "main", "args": ["1c080f5b35eab79fa9fcad18bfea45c19e4569ebe15256b9230a447961f24dbd.exe"], "addr": 4234304, "ret": "symbolic", "addr_func": 4234304}, {"name": "GetModuleHandleA", "args": [0], "addr_func": "5242928", "addr": 4206819, "ret": 4194304}, {"name": "GetCommandLineA", "args": [], "addr_func": "5242936", "addr": 4206830, "ret": 0}, {"name": "GetModuleHandleA", "args": ["kernel32.dll"], "addr_func": "5242928", "addr": 4212098, "ret": 6295592}, {"name": "GetProcAddress", "args": [6295592, "SetDllDirectoryW"], "addr_func": "5243100", "addr": 4212111, "ret": 6295596}, {"name": "SetDllDirectoryW", "args": [""], "addr_func": "6295596", "addr": 4212125, "ret": "<BV32 retval_SetDllDirectoryW_32767_32>"}, {"name": "GetProcAddress", "args": [6295592, "SetSearchPathMode"], "addr_func": "5243100", "addr": 4212133, "ret": 6295600}, {"name": "SetSearchPathMode", "args": [32769], "addr_func": "6295600", "addr": 4212147, "ret": "<BV32 retval_SetSearchPathMode_32768_32>"}, {"name": "GetProcAddress", "args": [6295592, "SetProcessDEPPolicy"], "addr_func": "5243100", "addr": 4212155, "ret": 6295604}, {"name": "SetProcessDEPPolicy", "args": [1], "addr_func": "6295604", "addr": 4212166, "ret": "<BV32 retval_SetProcessDEPPolicy_32769_32>"}, {"name": "InitializeCriticalSection", "args": [4244508], "addr_func": "5242892", "addr": 4200750, "ret": "None"}, {"name": "LocalAlloc", "args": [0, 4088], "addr_func": "5242908", "addr": 4200811, "ret": 3221258256}, {"name": "VirtualAlloc", "args": [0, 1048576, 8192, 1], "addr_func": "5242900", "addr": 4199519, "ret": 3222798336}, {"name": "LocalAlloc", "args": [0, 1604], "addr_func": "5242908", "addr": 4199071, "ret": 3221262352}, {"name": "VirtualAlloc", "args": [3222798336, 16384, 4096, 4], "addr_func": "5242900", "addr": 4199985, "ret": 3222798336}, {"name": "LoadStringA", "args": [4194304, 65415, "", 1024], "addr_func": "5243176", "addr": 4213993, "ret": "<BV32 retval_LoadStringA_32770_32>"}, {"name": "GetSystemDefaultLCID", "args": [], "addr_func": "5243096", "addr": 4215439, "ret": 0}, {"name": "LoadStringA", "args": [4194304, 65472, "", 1024], "addr_func": "5243176", "addr": 4213993, "ret": "<BV32 retval_LoadStringA_32779_32>"}, {"name": "GetLocaleInfoA", "args": ["retval_GetSystemDefaultLCID_32776_32", 68, "", 256], "addr_func": "5243108", "addr": 4215322, "ret": "<BV32 retval_GetLocaleInfoA_32781_32>"}, {"name": "LoadStringA", "args": [4194304, 65488, "", 1024], "addr_func": "5243176", "addr": 4213993, "ret": "<BV32 retval_LoadStringA_32782_32>"}, {"name": "GetLocaleInfoA", "args": ["retval_GetSystemDefaultLCID_32776_32", 56, "", 256], "addr_func": "5243108", "addr": 4215322, "ret": "<BV32 retval_GetLocaleInfoA_32784_32>"}, {"name": "VirtualAlloc", "args": [0, 1048576, 8192, 1], "addr_func": "5242900", "addr": 4199519, "ret": 3223846912}, {"name": "VirtualFree", "args": [3222814720, 1032192, 16384], "addr_func": "5242896", "addr": 4200114, "ret": "<BV32 retval_VirtualFree_32796_32>"}, {"name": "VirtualFree", "args": [3223846912, 0, 32768], "addr_func": "5242896", "addr": 4199792, "ret": "<BV32 retval_VirtualFree_32798_32>"}, {"name": "VirtualAlloc", "args": [0, 1048576, 8192, 1], "addr_func": "5242900", "addr": 4199519, "ret": 3224895488}, {"name": "VirtualFree", "args": [3224895488, 1048576, 16384], "addr_func": "5242896", "addr": 4200114, "ret": "<BV32 retval_VirtualFree_32819_32>"}, {"name": "VirtualFree", "args": [3224895488, 1048576, 16384], "addr_func": "5242896", "addr": 4200114, "ret": "<BV32 retval_VirtualFree_32825_32>"}, {"name": "VirtualFree", "args": [3222814720, 1032192, 16384], "addr_func": "5242896", "addr": 4200114, "ret": "<BV32 retval_VirtualFree_32827_32>"}]}, "16": {"status": "ExcessLoop", "trace": [{"name": "main", "args": ["1c080f5b35eab79fa9fcad18bfea45c19e4569ebe15256b9230a447961f24dbd.exe"], "addr": 4234304, "ret": "symbolic", "addr_func": 4234304}, {"name": "GetModuleHandleA", "args": [0], "addr_func": "5242928", "addr": 4206819, "ret": 4194304}, {"name": "GetCommandLineA", "args": [], "addr_func": "5242936", "addr": 4206830, "ret": 0}, {"name": "GetModuleHandleA", "args": ["kernel32.dll"], "addr_func": "5242928", "addr": 4212098, "ret": 6295592}, {"name": "GetProcAddress", "args": [6295592, "SetDllDirectoryW"], "addr_func": "5243100", "addr": 4212111, "ret": 6295596}, {"name": "SetDllDirectoryW", "args": [""], "addr_func": "6295596", "addr": 4212125, "ret": "<BV32 retval_SetDllDirectoryW_32767_32>"}, {"name": "GetProcAddress", "args": [6295592, "SetSearchPathMode"], "addr_func": "5243100", "addr": 4212133, "ret": 6295600}, {"name": "SetSearchPathMode", "args": [32769], "addr_func": "6295600", "addr": 4212147, "ret": "<BV32 retval_SetSearchPathMode_32768_32>"}, {"name": "GetProcAddress", "args": [6295592, "SetProcessDEPPolicy"], "addr_func": "5243100", "addr": 4212155, "ret": 6295604}, {"name": "SetProcessDEPPolicy", "args": [1], "addr_func": "6295604", "addr": 4212166, "ret": "<BV32 retval_SetProcessDEPPolicy_32769_32>"}, {"name": "InitializeCriticalSection", "args": [4244508], "addr_func": "5242892", "addr": 4200750, "ret": "None"}, {"name": "LocalAlloc", "args": [0, 4088], "addr_func": "5242908", "addr": 4200811, "ret": 3221258256}, {"name": "VirtualAlloc", "args": [0, 1048576, 8192, 1], "addr_func": "5242900", "addr": 4199519, "ret": 3222798336}, {"name": "LocalAlloc", "args": [0, 1604], "addr_func": "5242908", "addr": 4199071, "ret": 3221262352}, {"name": "VirtualAlloc", "args": [3222798336, 16384, 4096, 4], "addr_func": "5242900", "addr": 4199985, "ret": 3222798336}, {"name": "LoadStringA", "args": [4194304, 65415, "", 1024], "addr_func": "5243176", "addr": 4213993, "ret": "<BV32 retval_LoadStringA_32770_32>"}, {"name": "GetSystemDefaultLCID", "args": [], "addr_func": "5243096", "addr": 4215439, "ret": 0}, {"name": "LoadStringA", "args": [4194304, 65472, "", 1024], "addr_func": "5243176", "addr": 4213993, "ret": "<BV32 retval_LoadStringA_32779_32>"}, {"name": "GetLocaleInfoA", "args": ["retval_GetSystemDefaultLCID_32776_32", 68, "", 256], "addr_func": "5243108", "addr": 4215322, "ret": "<BV32 retval_GetLocaleInfoA_32781_32>"}, {"name": "LoadStringA", "args": [4194304, 65488, "", 1024], "addr_func": "5243176", "addr": 4213993, "ret": "<BV32 retval_LoadStringA_32782_32>"}, {"name": "GetLocaleInfoA", "args": ["retval_GetSystemDefaultLCID_32776_32", 56, "", 256], "addr_func": "5243108", "addr": 4215322, "ret": "<BV32 retval_GetLocaleInfoA_32784_32>"}, {"name": "VirtualAlloc", "args": [0, 1048576, 8192, 1], "addr_func": "5242900", "addr": 4199519, "ret": 3223846912}, {"name": "VirtualFree", "args": [3222814720, 1032192, 16384], "addr_func": "5242896", "addr": 4200114, "ret": "<BV32 retval_VirtualFree_32796_32>"}, {"name": "VirtualFree", "args": [3223846912, 0, 32768], "addr_func": "5242896", "addr": 4199792, "ret": "<BV32 retval_VirtualFree_32798_32>"}, {"name": "VirtualAlloc", "args": [0, 1048576, 8192, 1], "addr_func": "5242900", "addr": 4199519, "ret": 3224895488}, {"name": "VirtualFree", "args": [3224895488, 1048576, 16384], "addr_func": "5242896", "addr": 4200114, "ret": "<BV32 retval_VirtualFree_32819_32>"}, {"name": "VirtualFree", "args": [3224895488, 1048576, 16384], "addr_func": "5242896", "addr": 4200114, "ret": "<BV32 retval_VirtualFree_32825_32>"}, {"name": "VirtualFree", "args": [3222814720, 1032192, 16384], "addr_func": "5242896", "addr": 4200114, "ret": "<BV32 retval_VirtualFree_32827_32>"}, {"name": "VirtualFree", "args": [3224895488, 1048576, 16384], "addr_func": "5242896", "addr": 4200114, "ret": "<BV32 retval_VirtualFree_32899_32>"}]}, "17": {"status": "ExcessLoop", "trace": [{"name": "main", "args": ["1c080f5b35eab79fa9fcad18bfea45c19e4569ebe15256b9230a447961f24dbd.exe"], "addr": 4234304, "ret": "symbolic", "addr_func": 4234304}, {"name": "GetModuleHandleA", "args": [0], "addr_func": "5242928", "addr": 4206819, "ret": 4194304}, {"name": "GetCommandLineA", "args": [], "addr_func": "5242936", "addr": 4206830, "ret": 0}, {"name": "GetModuleHandleA", "args": ["kernel32.dll"], "addr_func": "5242928", "addr": 4212098, "ret": 6295592}, {"name": "GetProcAddress", "args": [6295592, "SetDllDirectoryW"], "addr_func": "5243100", "addr": 4212111, "ret": 6295596}, {"name": "SetDllDirectoryW", "args": [""], "addr_func": "6295596", "addr": 4212125, "ret": "<BV32 retval_SetDllDirectoryW_32767_32>"}, {"name": "GetProcAddress", "args": [6295592, "SetSearchPathMode"], "addr_func": "5243100", "addr": 4212133, "ret": 6295600}, {"name": "SetSearchPathMode", "args": [32769], "addr_func": "6295600", "addr": 4212147, "ret": "<BV32 retval_SetSearchPathMode_32768_32>"}, {"name": "GetProcAddress", "args": [6295592, "SetProcessDEPPolicy"], "addr_func": "5243100", "addr": 4212155, "ret": 6295604}, {"name": "SetProcessDEPPolicy", "args": [1], "addr_func": "6295604", "addr": 4212166, "ret": "<BV32 retval_SetProcessDEPPolicy_32769_32>"}, {"name": "InitializeCriticalSection", "args": [4244508], "addr_func": "5242892", "addr": 4200750, "ret": "None"}, {"name": "LocalAlloc", "args": [0, 4088], "addr_func": "5242908", "addr": 4200811, "ret": 3221258256}, {"name": "VirtualAlloc", "args": [0, 1048576, 8192, 1], "addr_func": "5242900", "addr": 4199519, "ret": 3222798336}, {"name": "LocalAlloc", "args": [0, 1604], "addr_func": "5242908", "addr": 4199071, "ret": 3221262352}, {"name": "VirtualAlloc", "args": [3222798336, 16384, 4096, 4], "addr_func": "5242900", "addr": 4199985, "ret": 3222798336}, {"name": "LoadStringA", "args": [4194304, 65415, "", 1024], "addr_func": "5243176", "addr": 4213993, "ret": "<BV32 retval_LoadStringA_32770_32>"}, {"name": "GetSystemDefaultLCID", "args": [], "addr_func": "5243096", "addr": 4215439, "ret": 0}, {"name": "LoadStringA", "args": [4194304, 65472, "", 1024], "addr_func": "5243176", "addr": 4213993, "ret": "<BV32 retval_LoadStringA_32779_32>"}, {"name": "GetLocaleInfoA", "args": ["retval_GetSystemDefaultLCID_32776_32", 68, "", 256], "addr_func": "5243108", "addr": 4215322, "ret": "<BV32 retval_GetLocaleInfoA_32781_32>"}, {"name": "LoadStringA", "args": [4194304, 65488, "", 1024], "addr_func": "5243176", "addr": 4213993, "ret": "<BV32 retval_LoadStringA_32782_32>"}, {"name": "GetLocaleInfoA", "args": ["retval_GetSystemDefaultLCID_32776_32", 56, "", 256], "addr_func": "5243108", "addr": 4215322, "ret": "<BV32 retval_GetLocaleInfoA_32784_32>"}, {"name": "VirtualAlloc", "args": [0, 1048576, 8192, 1], "addr_func": "5242900", "addr": 4199519, "ret": 3223846912}, {"name": "VirtualFree", "args": [3222814720, 1032192, 16384], "addr_func": "5242896", "addr": 4200114, "ret": "<BV32 retval_VirtualFree_32796_32>"}, {"name": "VirtualFree", "args": [3223846912, 0, 32768], "addr_func": "5242896", "addr": 4199792, "ret": "<BV32 retval_VirtualFree_32798_32>"}, {"name": "VirtualAlloc", "args": [0, 1048576, 8192, 1], "addr_func": "5242900", "addr": 4199519, "ret": 3224895488}, {"name": "VirtualFree", "args": [3224895488, 1048576, 16384], "addr_func": "5242896", "addr": 4200114, "ret": "<BV32 retval_VirtualFree_32819_32>"}, {"name": "VirtualFree", "args": [3224895488, 1048576, 16384], "addr_func": "5242896", "addr": 4200114, "ret": "<BV32 retval_VirtualFree_32825_32>"}, {"name": "VirtualFree", "args": [3222814720, 1032192, 16384], "addr_func": "5242896", "addr": 4200114, "ret": "<BV32 retval_VirtualFree_32827_32>"}, {"name": "VirtualFree", "args": [3224895488, 0, 32768], "addr_func": "5242896", "addr": 4199792, "ret": "<BV32 retval_VirtualFree_32860_32>"}]}, "18": {"status": "ExcessLoop", "trace": [{"name": "main", "args": ["1c080f5b35eab79fa9fcad18bfea45c19e4569ebe15256b9230a447961f24dbd.exe"], "addr": 4234304, "ret": "symbolic", "addr_func": 4234304}, {"name": "GetModuleHandleA", "args": [0], "addr_func": "5242928", "addr": 4206819, "ret": 4194304}, {"name": "GetCommandLineA", "args": [], "addr_func": "5242936", "addr": 4206830, "ret": 0}, {"name": "GetModuleHandleA", "args": ["kernel32.dll"], "addr_func": "5242928", "addr": 4212098, "ret": 6295592}, {"name": "GetProcAddress", "args": [6295592, "SetDllDirectoryW"], "addr_func": "5243100", "addr": 4212111, "ret": 6295596}, {"name": "SetDllDirectoryW", "args": [""], "addr_func": "6295596", "addr": 4212125, "ret": "<BV32 retval_SetDllDirectoryW_32767_32>"}, {"name": "GetProcAddress", "args": [6295592, "SetSearchPathMode"], "addr_func": "5243100", "addr": 4212133, "ret": 6295600}, {"name": "SetSearchPathMode", "args": [32769], "addr_func": "6295600", "addr": 4212147, "ret": "<BV32 retval_SetSearchPathMode_32768_32>"}, {"name": "GetProcAddress", "args": [6295592, "SetProcessDEPPolicy"], "addr_func": "5243100", "addr": 4212155, "ret": 6295604}, {"name": "SetProcessDEPPolicy", "args": [1], "addr_func": "6295604", "addr": 4212166, "ret": "<BV32 retval_SetProcessDEPPolicy_32769_32>"}, {"name": "InitializeCriticalSection", "args": [4244508], "addr_func": "5242892", "addr": 4200750, "ret": "None"}, {"name": "LocalAlloc", "args": [0, 4088], "addr_func": "5242908", "addr": 4200811, "ret": 3221258256}, {"name": "VirtualAlloc", "args": [0, 1048576, 8192, 1], "addr_func": "5242900", "addr": 4199519, "ret": 3222798336}, {"name": "LocalAlloc", "args": [0, 1604], "addr_func": "5242908", "addr": 4199071, "ret": 3221262352}, {"name": "VirtualAlloc", "args": [3222798336, 16384, 4096, 4], "addr_func": "5242900", "addr": 4199985, "ret": 3222798336}, {"name": "LoadStringA", "args": [4194304, 65415, "", 1024], "addr_func": "5243176", "addr": 4213993, "ret": "<BV32 retval_LoadStringA_32770_32>"}, {"name": "GetSystemDefaultLCID", "args": [], "addr_func": "5243096", "addr": 4215439, "ret": 0}, {"name": "LoadStringA", "args": [4194304, 65472, "", 1024], "addr_func": "5243176", "addr": 4213993, "ret": "<BV32 retval_LoadStringA_32779_32>"}, {"name": "GetLocaleInfoA", "args": ["retval_GetSystemDefaultLCID_32776_32", 68, "", 256], "addr_func": "5243108", "addr": 4215322, "ret": "<BV32 retval_GetLocaleInfoA_32781_32>"}, {"name": "LoadStringA", "args": [4194304, 65488, "", 1024], "addr_func": "5243176", "addr": 4213993, "ret": "<BV32 retval_LoadStringA_32782_32>"}, {"name": "GetLocaleInfoA", "args": ["retval_GetSystemDefaultLCID_32776_32", 56, "", 256], "addr_func": "5243108", "addr": 4215322, "ret": "<BV32 retval_GetLocaleInfoA_32784_32>"}, {"name": "VirtualAlloc", "args": [0, 1048576, 8192, 1], "addr_func": "5242900", "addr": 4199519, "ret": 3223846912}, {"name": "VirtualFree", "args": [3222814720, 1032192, 16384], "addr_func": "5242896", "addr": 4200114, "ret": "<BV32 retval_VirtualFree_32796_32>"}, {"name": "VirtualFree", "args": [3223846912, 0, 32768], "addr_func": "5242896", "addr": 4199792, "ret": "<BV32 retval_VirtualFree_32798_32>"}, {"name": "VirtualAlloc", "args": [0, 1048576, 8192, 1], "addr_func": "5242900", "addr": 4199519, "ret": 3224895488}, {"name": "VirtualFree", "args": [3224895488, 1048576, 16384], "addr_func": "5242896", "addr": 4200114, "ret": "<BV32 retval_VirtualFree_32819_32>"}, {"name": "VirtualFree", "args": [3224895488, 1048576, 16384], "addr_func": "5242896", "addr": 4200114, "ret": "<BV32 retval_VirtualFree_32825_32>"}, {"name": "VirtualFree", "args": [3222814720, 1032192, 16384], "addr_func": "5242896", "addr": 4200114, "ret": "<BV32 retval_VirtualFree_32827_32>"}, {"name": "VirtualFree", "args": [3224895488, 1048576, 16384], "addr_func": "5242896", "addr": 4200114, "ret": "<BV32 retval_VirtualFree_32940_32>"}]}, "sections": {"CODE": {"vaddr": 4198400, "memsize": 37732, "is_readable": true, "is_writable": false, "is_executable": true}, "DATA": {"vaddr": 4239360, "memsize": 588, "is_readable": true, "is_writable": true, "is_executable": false}, "BSS": {"vaddr": 4243456, "memsize": 3660, "is_readable": true, "is_writable": true, "is_executable": false}, ".idata": {"vaddr": 4247552, "memsize": 2384, "is_readable": true, "is_writable": true, "is_executable": false}, ".tls": {"vaddr": 4251648, "memsize": 8, "is_readable": true, "is_writable": true, "is_executable": false}, ".rdata": {"vaddr": 4255744, "memsize": 24, "is_readable": true, "is_writable": false, "is_executable": false}, ".reloc": {"vaddr": 4259840, "memsize": 2228, "is_readable": true, "is_writable": false, "is_executable": false}, ".rsrc": {"vaddr": 4263936, "memsize": 11264, "is_readable": true, "is_writable": false, "is_executable": false}}}