{"0": {"status": "active", "trace": [{"name": "main", "args": ["1c3299a5752ce9a5c449203875c7119c1c737878971feac75efd755972d433a8.exe"], "addr": 4234304, "ret": "symbolic", "addr_func": 4234304}, {"name": "GetModuleHandleA", "args": [0], "addr_func": "5242928", "addr": 4206819, "ret": 4194304}, {"name": "GetCommandLineA", "args": [], "addr_func": "5242936", "addr": 4206830, "ret": 0}, {"name": "GetModuleHandleA", "args": ["kernel32.dll"], "addr_func": "5242928", "addr": 4212098, "ret": 6295592}, {"name": "GetProcAddress", "args": [6295592, "SetDllDirectoryW"], "addr_func": "5243100", "addr": 4212111, "ret": 6295596}, {"name": "SetDllDirectoryW", "args": [""], "addr_func": "6295596", "addr": 4212125, "ret": "<BV32 retval_SetDllDirectoryW_32767_32>"}, {"name": "GetProcAddress", "args": [6295592, "SetSearchPathMode"], "addr_func": "5243100", "addr": 4212133, "ret": 6295600}, {"name": "SetSearchPathMode", "args": [32769], "addr_func": "6295600", "addr": 4212147, "ret": "<BV32 retval_SetSearchPathMode_32768_32>"}, {"name": "GetProcAddress", "args": [6295592, "SetProcessDEPPolicy"], "addr_func": "5243100", "addr": 4212155, "ret": 6295604}, {"name": "SetProcessDEPPolicy", "args": [1], "addr_func": "6295604", "addr": 4212166, "ret": "<BV32 retval_SetProcessDEPPolicy_32769_32>"}, {"name": "InitializeCriticalSection", "args": [4244508], "addr_func": "5242892", "addr": 4200750, "ret": "None"}, {"name": "LocalAlloc", "args": [0, 4088], "addr_func": "5242908", "addr": 4200811, "ret": 3221258256}, {"name": "VirtualAlloc", "args": [0, 1048576, 8192, 1], "addr_func": "5242900", "addr": 4199519, "ret": 3222798336}, {"name": "LocalAlloc", "args": [0, 1604], "addr_func": "5242908", "addr": 4199071, "ret": 3221262352}, {"name": "VirtualAlloc", "args": [3222798336, 16384, 4096, 4], "addr_func": "5242900", "addr": 4199985, "ret": 3222798336}, {"name": "LoadStringA", "args": [4194304, 65415, "", 1024], "addr_func": "5243176", "addr": 4213993, "ret": "<BV32 retval_LoadStringA_32770_32>"}, {"name": "GetSystemDefaultLCID", "args": [], "addr_func": "5243096", "addr": 4215439, "ret": 0}, {"name": "LoadStringA", "args": [4194304, 65472, "", 1024], "addr_func": "5243176", "addr": 4213993, "ret": "<BV32 retval_LoadStringA_32779_32>"}, {"name": "GetLocaleInfoA", "args": ["retval_GetSystemDefaultLCID_32776_32", 68, "", 256], "addr_func": "5243108", "addr": 4215322, "ret": "<BV32 retval_GetLocaleInfoA_32781_32>"}, {"name": "LoadStringA", "args": [4194304, 65488, "", 1024], "addr_func": "5243176", "addr": 4213993, "ret": "<BV32 retval_LoadStringA_32782_32>"}, {"name": "GetLocaleInfoA", "args": ["retval_GetSystemDefaultLCID_32776_32", 56, "", 256], "addr_func": "5243108", "addr": 4215322, "ret": "<BV32 retval_GetLocaleInfoA_32784_32>"}, {"name": "LoadStringA", "args": [4194304, 65473, "", 1024], "addr_func": "5243176", "addr": 4213993, "ret": "<BV32 retval_LoadStringA_32803_32>"}]}, "1": {"status": "active", "trace": [{"name": "main", "args": ["1c3299a5752ce9a5c449203875c7119c1c737878971feac75efd755972d433a8.exe"], "addr": 4234304, "ret": "symbolic", "addr_func": 4234304}, {"name": "GetModuleHandleA", "args": [0], "addr_func": "5242928", "addr": 4206819, "ret": 4194304}, {"name": "GetCommandLineA", "args": [], "addr_func": "5242936", "addr": 4206830, "ret": 0}, {"name": "GetModuleHandleA", "args": ["kernel32.dll"], "addr_func": "5242928", "addr": 4212098, "ret": 6295592}, {"name": "GetProcAddress", "args": [6295592, "SetDllDirectoryW"], "addr_func": "5243100", "addr": 4212111, "ret": 6295596}, {"name": "SetDllDirectoryW", "args": [""], "addr_func": "6295596", "addr": 4212125, "ret": "<BV32 retval_SetDllDirectoryW_32767_32>"}, {"name": "GetProcAddress", "args": [6295592, "SetSearchPathMode"], "addr_func": "5243100", "addr": 4212133, "ret": 6295600}, {"name": "SetSearchPathMode", "args": [32769], "addr_func": "6295600", "addr": 4212147, "ret": "<BV32 retval_SetSearchPathMode_32768_32>"}, {"name": "GetProcAddress", "args": [6295592, "SetProcessDEPPolicy"], "addr_func": "5243100", "addr": 4212155, "ret": 6295604}, {"name": "SetProcessDEPPolicy", "args": [1], "addr_func": "6295604", "addr": 4212166, "ret": "<BV32 retval_SetProcessDEPPolicy_32769_32>"}, {"name": "InitializeCriticalSection", "args": [4244508], "addr_func": "5242892", "addr": 4200750, "ret": "None"}, {"name": "LocalAlloc", "args": [0, 4088], "addr_func": "5242908", "addr": 4200811, "ret": 3221258256}, {"name": "VirtualAlloc", "args": [0, 1048576, 8192, 1], "addr_func": "5242900", "addr": 4199519, "ret": 3222798336}, {"name": "LocalAlloc", "args": [0, 1604], "addr_func": "5242908", "addr": 4199071, "ret": 3221262352}, {"name": "VirtualAlloc", "args": [3222798336, 16384, 4096, 4], "addr_func": "5242900", "addr": 4199985, "ret": 3222798336}, {"name": "LoadStringA", "args": [4194304, 65415, "", 1024], "addr_func": "5243176", "addr": 4213993, "ret": "<BV32 retval_LoadStringA_32770_32>"}, {"name": "GetSystemDefaultLCID", "args": [], "addr_func": "5243096", "addr": 4215439, "ret": 0}, {"name": "LoadStringA", "args": [4194304, 65472, "", 1024], "addr_func": "5243176", "addr": 4213993, "ret": "<BV32 retval_LoadStringA_32779_32>"}, {"name": "GetLocaleInfoA", "args": ["retval_GetSystemDefaultLCID_32776_32", 68, "", 256], "addr_func": "5243108", "addr": 4215322, "ret": "<BV32 retval_GetLocaleInfoA_32781_32>"}, {"name": "LoadStringA", "args": [4194304, 65488, "", 1024], "addr_func": "5243176", "addr": 4213993, "ret": "<BV32 retval_LoadStringA_32782_32>"}, {"name": "GetLocaleInfoA", "args": ["retval_GetSystemDefaultLCID_32776_32", 56, "", 256], "addr_func": "5243108", "addr": 4215322, "ret": "<BV32 retval_GetLocaleInfoA_32784_32>"}, {"name": "LoadStringA", "args": [4194304, 65473, "", 1024], "addr_func": "5243176", "addr": 4213993, "ret": "<BV32 retval_LoadStringA_32803_32>"}, {"name": "VirtualAlloc", "args": [3222814720, 1032192, 4096, 4], "addr_func": "5242900", "addr": 4199985, "ret": 3222814720}]}, "2": {"status": "active", "trace": [{"name": "main", "args": ["1c3299a5752ce9a5c449203875c7119c1c737878971feac75efd755972d433a8.exe"], "addr": 4234304, "ret": "symbolic", "addr_func": 4234304}, {"name": "GetModuleHandleA", "args": [0], "addr_func": "5242928", "addr": 4206819, "ret": 4194304}, {"name": "GetCommandLineA", "args": [], "addr_func": "5242936", "addr": 4206830, "ret": 0}, {"name": "GetModuleHandleA", "args": ["kernel32.dll"], "addr_func": "5242928", "addr": 4212098, "ret": 6295592}, {"name": "GetProcAddress", "args": [6295592, "SetDllDirectoryW"], "addr_func": "5243100", "addr": 4212111, "ret": 6295596}, {"name": "SetDllDirectoryW", "args": [""], "addr_func": "6295596", "addr": 4212125, "ret": "<BV32 retval_SetDllDirectoryW_32767_32>"}, {"name": "GetProcAddress", "args": [6295592, "SetSearchPathMode"], "addr_func": "5243100", "addr": 4212133, "ret": 6295600}, {"name": "SetSearchPathMode", "args": [32769], "addr_func": "6295600", "addr": 4212147, "ret": "<BV32 retval_SetSearchPathMode_32768_32>"}, {"name": "GetProcAddress", "args": [6295592, "SetProcessDEPPolicy"], "addr_func": "5243100", "addr": 4212155, "ret": 6295604}, {"name": "SetProcessDEPPolicy", "args": [1], "addr_func": "6295604", "addr": 4212166, "ret": "<BV32 retval_SetProcessDEPPolicy_32769_32>"}, {"name": "InitializeCriticalSection", "args": [4244508], "addr_func": "5242892", "addr": 4200750, "ret": "None"}, {"name": "LocalAlloc", "args": [0, 4088], "addr_func": "5242908", "addr": 4200811, "ret": 3221258256}, {"name": "VirtualAlloc", "args": [0, 1048576, 8192, 1], "addr_func": "5242900", "addr": 4199519, "ret": 3222798336}, {"name": "LocalAlloc", "args": [0, 1604], "addr_func": "5242908", "addr": 4199071, "ret": 3221262352}, {"name": "VirtualAlloc", "args": [3222798336, 16384, 4096, 4], "addr_func": "5242900", "addr": 4199985, "ret": 3222798336}, {"name": "LoadStringA", "args": [4194304, 65415, "", 1024], "addr_func": "5243176", "addr": 4213993, "ret": "<BV32 retval_LoadStringA_32770_32>"}, {"name": "GetSystemDefaultLCID", "args": [], "addr_func": "5243096", "addr": 4215439, "ret": 0}, {"name": "LoadStringA", "args": [4194304, 65472, "", 1024], "addr_func": "5243176", "addr": 4213993, "ret": "<BV32 retval_LoadStringA_32779_32>"}, {"name": "GetLocaleInfoA", "args": ["retval_GetSystemDefaultLCID_32776_32", 68, "", 256], "addr_func": "5243108", "addr": 4215322, "ret": "<BV32 retval_GetLocaleInfoA_32781_32>"}, {"name": "LoadStringA", "args": [4194304, 65488, "", 1024], "addr_func": "5243176", "addr": 4213993, "ret": "<BV32 retval_LoadStringA_32782_32>"}, {"name": "GetLocaleInfoA", "args": ["retval_GetSystemDefaultLCID_32776_32", 56, "", 256], "addr_func": "5243108", "addr": 4215322, "ret": "<BV32 retval_GetLocaleInfoA_32784_32>"}, {"name": "LoadStringA", "args": [4194304, 65473, "", 1024], "addr_func": "5243176", "addr": 4213993, "ret": "<BV32 retval_LoadStringA_32803_32>"}, {"name": "VirtualAlloc", "args": [3222814720, 1032192, 4096, 4], "addr_func": "5242900", "addr": 4199985, "ret": 3222814720}, {"name": "VirtualAlloc", "args": [0, 1048576, 8192, 1], "addr_func": "5242900", "addr": 4199519, "ret": 3223846912}, {"name": "VirtualAlloc", "args": [0, 1048576, 8192, 1], "addr_func": "5242900", "addr": 4199519, "ret": 3224895488}, {"name": "VirtualAlloc", "args": [0, 1048576, 8192, 1], "addr_func": "5242900", "addr": 4199519, "ret": 3225944064}, {"name": "VirtualAlloc", "args": [0, 1048576, 8192, 1], "addr_func": "5242900", "addr": 4199519, "ret": 3226992640}, {"name": "VirtualAlloc", "args": [0, 1048576, 8192, 1], "addr_func": "5242900", "addr": 4199519, "ret": 3228041216}, {"name": "VirtualAlloc", "args": [0, 1048576, 8192, 1], "addr_func": "5242900", "addr": 4199519, "ret": 3229089792}, {"name": "VirtualAlloc", "args": [0, 1048576, 8192, 1], "addr_func": "5242900", "addr": 4199519, "ret": 3230138368}]}, "3": {"status": "ExcessLoop", "trace": [{"name": "main", "args": ["1c3299a5752ce9a5c449203875c7119c1c737878971feac75efd755972d433a8.exe"], "addr": 4234304, "ret": "symbolic", "addr_func": 4234304}, {"name": "GetModuleHandleA", "args": [0], "addr_func": "5242928", "addr": 4206819, "ret": 4194304}, {"name": "GetCommandLineA", "args": [], "addr_func": "5242936", "addr": 4206830, "ret": 0}, {"name": "GetModuleHandleA", "args": ["kernel32.dll"], "addr_func": "5242928", "addr": 4212098, "ret": 6295592}, {"name": "GetProcAddress", "args": [6295592, "SetDllDirectoryW"], "addr_func": "5243100", "addr": 4212111, "ret": 6295596}, {"name": "SetDllDirectoryW", "args": [""], "addr_func": "6295596", "addr": 4212125, "ret": "<BV32 retval_SetDllDirectoryW_32767_32>"}, {"name": "GetProcAddress", "args": [6295592, "SetSearchPathMode"], "addr_func": "5243100", "addr": 4212133, "ret": 6295600}, {"name": "SetSearchPathMode", "args": [32769], "addr_func": "6295600", "addr": 4212147, "ret": "<BV32 retval_SetSearchPathMode_32768_32>"}, {"name": "GetProcAddress", "args": [6295592, "SetProcessDEPPolicy"], "addr_func": "5243100", "addr": 4212155, "ret": 6295604}, {"name": "SetProcessDEPPolicy", "args": [1], "addr_func": "6295604", "addr": 4212166, "ret": "<BV32 retval_SetProcessDEPPolicy_32769_32>"}, {"name": "InitializeCriticalSection", "args": [4244508], "addr_func": "5242892", "addr": 4200750, "ret": "None"}, {"name": "LocalAlloc", "args": [0, 4088], "addr_func": "5242908", "addr": 4200811, "ret": 3221258256}, {"name": "VirtualAlloc", "args": [0, 1048576, 8192, 1], "addr_func": "5242900", "addr": 4199519, "ret": 3222798336}, {"name": "LocalAlloc", "args": [0, 1604], "addr_func": "5242908", "addr": 4199071, "ret": 3221262352}, {"name": "VirtualAlloc", "args": [3222798336, 16384, 4096, 4], "addr_func": "5242900", "addr": 4199985, "ret": 3222798336}, {"name": "LoadStringA", "args": [4194304, 65415, "", 1024], "addr_func": "5243176", "addr": 4213993, "ret": "<BV32 retval_LoadStringA_32770_32>"}, {"name": "GetSystemDefaultLCID", "args": [], "addr_func": "5243096", "addr": 4215439, "ret": 0}, {"name": "LoadStringA", "args": [4194304, 65472, "", 1024], "addr_func": "5243176", "addr": 4213993, "ret": "<BV32 retval_LoadStringA_32779_32>"}, {"name": "GetLocaleInfoA", "args": ["retval_GetSystemDefaultLCID_32776_32", 68, "", 256], "addr_func": "5243108", "addr": 4215322, "ret": "<BV32 retval_GetLocaleInfoA_32781_32>"}, {"name": "LoadStringA", "args": [4194304, 65488, "", 1024], "addr_func": "5243176", "addr": 4213993, "ret": "<BV32 retval_LoadStringA_32782_32>"}, {"name": "GetLocaleInfoA", "args": ["retval_GetSystemDefaultLCID_32776_32", 56, "", 256], "addr_func": "5243108", "addr": 4215322, "ret": "<BV32 retval_GetLocaleInfoA_32784_32>"}]}, "4": {"status": "ExcessLoop", "trace": [{"name": "main", "args": ["1c3299a5752ce9a5c449203875c7119c1c737878971feac75efd755972d433a8.exe"], "addr": 4234304, "ret": "symbolic", "addr_func": 4234304}, {"name": "GetModuleHandleA", "args": [0], "addr_func": "5242928", "addr": 4206819, "ret": 4194304}, {"name": "GetCommandLineA", "args": [], "addr_func": "5242936", "addr": 4206830, "ret": 0}, {"name": "GetModuleHandleA", "args": ["kernel32.dll"], "addr_func": "5242928", "addr": 4212098, "ret": 6295592}, {"name": "GetProcAddress", "args": [6295592, "SetDllDirectoryW"], "addr_func": "5243100", "addr": 4212111, "ret": 6295596}, {"name": "SetDllDirectoryW", "args": [""], "addr_func": "6295596", "addr": 4212125, "ret": "<BV32 retval_SetDllDirectoryW_32767_32>"}, {"name": "GetProcAddress", "args": [6295592, "SetSearchPathMode"], "addr_func": "5243100", "addr": 4212133, "ret": 6295600}, {"name": "SetSearchPathMode", "args": [32769], "addr_func": "6295600", "addr": 4212147, "ret": "<BV32 retval_SetSearchPathMode_32768_32>"}, {"name": "GetProcAddress", "args": [6295592, "SetProcessDEPPolicy"], "addr_func": "5243100", "addr": 4212155, "ret": 6295604}, {"name": "SetProcessDEPPolicy", "args": [1], "addr_func": "6295604", "addr": 4212166, "ret": "<BV32 retval_SetProcessDEPPolicy_32769_32>"}, {"name": "InitializeCriticalSection", "args": [4244508], "addr_func": "5242892", "addr": 4200750, "ret": "None"}, {"name": "LocalAlloc", "args": [0, 4088], "addr_func": "5242908", "addr": 4200811, "ret": 3221258256}, {"name": "VirtualAlloc", "args": [0, 1048576, 8192, 1], "addr_func": "5242900", "addr": 4199519, "ret": 3222798336}, {"name": "LocalAlloc", "args": [0, 1604], "addr_func": "5242908", "addr": 4199071, "ret": 3221262352}, {"name": "VirtualAlloc", "args": [3222798336, 16384, 4096, 4], "addr_func": "5242900", "addr": 4199985, "ret": 3222798336}, {"name": "LoadStringA", "args": [4194304, 65415, "", 1024], "addr_func": "5243176", "addr": 4213993, "ret": "<BV32 retval_LoadStringA_32770_32>"}]}, "5": {"status": "ExcessLoop", "trace": [{"name": "main", "args": ["1c3299a5752ce9a5c449203875c7119c1c737878971feac75efd755972d433a8.exe"], "addr": 4234304, "ret": "symbolic", "addr_func": 4234304}, {"name": "GetModuleHandleA", "args": [0], "addr_func": "5242928", "addr": 4206819, "ret": 4194304}, {"name": "GetCommandLineA", "args": [], "addr_func": "5242936", "addr": 4206830, "ret": 0}, {"name": "GetModuleHandleA", "args": ["kernel32.dll"], "addr_func": "5242928", "addr": 4212098, "ret": 6295592}, {"name": "GetProcAddress", "args": [6295592, "SetDllDirectoryW"], "addr_func": "5243100", "addr": 4212111, "ret": 6295596}, {"name": "SetDllDirectoryW", "args": [""], "addr_func": "6295596", "addr": 4212125, "ret": "<BV32 retval_SetDllDirectoryW_32767_32>"}, {"name": "GetProcAddress", "args": [6295592, "SetSearchPathMode"], "addr_func": "5243100", "addr": 4212133, "ret": 6295600}, {"name": "SetSearchPathMode", "args": [32769], "addr_func": "6295600", "addr": 4212147, "ret": "<BV32 retval_SetSearchPathMode_32768_32>"}, {"name": "GetProcAddress", "args": [6295592, "SetProcessDEPPolicy"], "addr_func": "5243100", "addr": 4212155, "ret": 6295604}, {"name": "SetProcessDEPPolicy", "args": [1], "addr_func": "6295604", "addr": 4212166, "ret": "<BV32 retval_SetProcessDEPPolicy_32769_32>"}, {"name": "InitializeCriticalSection", "args": [4244508], "addr_func": "5242892", "addr": 4200750, "ret": "None"}, {"name": "LocalAlloc", "args": [0, 4088], "addr_func": "5242908", "addr": 4200811, "ret": 3221258256}, {"name": "VirtualAlloc", "args": [0, 1048576, 8192, 1], "addr_func": "5242900", "addr": 4199519, "ret": 3222798336}, {"name": "LocalAlloc", "args": [0, 1604], "addr_func": "5242908", "addr": 4199071, "ret": 3221262352}, {"name": "VirtualAlloc", "args": [3222798336, 16384, 4096, 4], "addr_func": "5242900", "addr": 4199985, "ret": 3222798336}, {"name": "LoadStringA", "args": [4194304, 65415, "", 1024], "addr_func": "5243176", "addr": 4213993, "ret": "<BV32 retval_LoadStringA_32770_32>"}, {"name": "GetSystemDefaultLCID", "args": [], "addr_func": "5243096", "addr": 4215439, "ret": 0}, {"name": "LoadStringA", "args": [4194304, 65472, "", 1024], "addr_func": "5243176", "addr": 4213993, "ret": "<BV32 retval_LoadStringA_32779_32>"}, {"name": "GetLocaleInfoA", "args": ["retval_GetSystemDefaultLCID_32776_32", 68, "", 256], "addr_func": "5243108", "addr": 4215322, "ret": "<BV32 retval_GetLocaleInfoA_32781_32>"}, {"name": "LoadStringA", "args": [4194304, 65488, "", 1024], "addr_func": "5243176", "addr": 4213993, "ret": "<BV32 retval_LoadStringA_32782_32>"}, {"name": "GetLocaleInfoA", "args": ["retval_GetSystemDefaultLCID_32776_32", 56, "", 256], "addr_func": "5243108", "addr": 4215322, "ret": "<BV32 retval_GetLocaleInfoA_32784_32>"}, {"name": "VirtualAlloc", "args": [3222814720, 1032192, 4096, 4], "addr_func": "5242900", "addr": 4199985, "ret": 3222814720}]}, "sections": {"CODE": {"vaddr": 4198400, "memsize": 37732, "is_readable": true, "is_writable": false, "is_executable": true}, "DATA": {"vaddr": 4239360, "memsize": 588, "is_readable": true, "is_writable": true, "is_executable": false}, "BSS": {"vaddr": 4243456, "memsize": 3660, "is_readable": true, "is_writable": true, "is_executable": false}, ".idata": {"vaddr": 4247552, "memsize": 2384, "is_readable": true, "is_writable": true, "is_executable": false}, ".tls": {"vaddr": 4251648, "memsize": 8, "is_readable": true, "is_writable": true, "is_executable": false}, ".rdata": {"vaddr": 4255744, "memsize": 24, "is_readable": true, "is_writable": false, "is_executable": false}, ".reloc": {"vaddr": 4259840, "memsize": 2228, "is_readable": true, "is_writable": false, "is_executable": false}, ".rsrc": {"vaddr": 4263936, "memsize": 11264, "is_readable": true, "is_writable": false, "is_executable": false}}}