{"0": {"status": "active", "trace": [{"name": "main", "args": ["1c673930e9d5ae603e4f179e47e2ac698491bf119fa3d484cfe4fad343c74652.exe"], "addr": 10655012, "ret": "symbolic", "addr_func": 10655012}, {"name": "GetModuleHandleW", "args": [0], "addr_func": "14681600", "addr": 4265476, "ret": 4194304}, {"name": "SetThreadLocale", "args": [1024], "addr_func": "14682060", "addr": 10633261, "ret": "<BV32 retval_SetThreadLocale_32767_32>"}, {"name": "InitializeCriticalSection", "args": [10853396], "addr_func": "14681836", "addr": 4248449, "ret": "None"}, {"name": "GetVersion", "args": [], "addr_func": "14681692", "addr": 4248463, "ret": 0}, {"name": "GetSystemInfo", "args": [2147417456], "addr_func": "14681864", "addr": 4259780, "ret": "None"}, {"name": "GetCommandLineW", "args": [], "addr_func": "14681868", "addr": 10633362, "ret": 0}, {"name": "GetStartupInfoW", "args": [2147417420], "addr_func": "14681820", "addr": 4215565, "ret": "None"}, {"name": "GetACP", "args": [], "addr_func": "14681500", "addr": 10633382, "ret": 0}, {"name": "GetCurrentThreadId", "args": [], "addr_func": "14681756", "addr": 10633402, "ret": 0}, {"name": "GetVersion", "args": [], "addr_func": "14681692", "addr": 4259796, "ret": 0}, {"name": "GetVersionExW", "args": [2147417232], "addr_func": "14681888", "addr": 4290862, "ret": "<BV32 retval_GetVersionExW_32788_32>"}, {"name": "GetModuleFileNameW", "args": [4194304, "\u5002\ua98d\u00e5", 522], "addr_func": "14681632", "addr": 4247794, "ret": 3}, {"name": "GetModuleFileNameW", "args": [0, "1c673930e9d5ae603e4f179e47e2ac698491bf119fa3d484cfe4fad343c74652.exe", 261], "addr_func": "14681632", "addr": 4252572, "ret": 137}, {"name": "VirtualAlloc", "args": [0, 1310704, 4096, 4], "addr_func": "14681856", "addr": 4291915, "ret": 3223060480}, {"name": "RegOpenKeyExW", "args": [2147483649, "Software\\Embarcadero\\Locales", 0, 983065, 2147408052], "addr_func": "14681396", "addr": 4250822, "ret": "<BV32 retval_RegOpenKeyExW_32798_32>"}, {"name": "RegOpenKeyExW", "args": [2147483650, "Software\\Embarcadero\\Locales", 0, 983065, 2147408052], "addr_func": "14681396", "addr": 4250856, "ret": "<BV32 retval_RegOpenKeyExW_32799_32>"}, {"name": "RegOpenKeyExW", "args": [2147483649, "Software\\CodeGear\\Locales", 0, 983065, 2147408052], "addr_func": "14681396", "addr": 4250886, "ret": "<BV32 retval_RegOpenKeyExW_32806_32>"}, {"name": "GetModuleHandleW", "args": ["kernel32.dll"], "addr_func": "14681600", "addr": 4250225, "ret": 15732776}, {"name": "GetProcAddress", "args": [15732776, "GetLongPathNameW"], "addr_func": "14681876", "addr": 4250242, "ret": 15732792}, {"name": "GetLongPathNameW", "args": ["0c673940e9d5ae803e4f178e47d2ac698481bf019f`3d484cfd4fad343d746420exe", "", 261], "addr_func": "15732792", "addr": 4250269, "ret": "<BV32 retval_GetLongPathNameW_32818_32>"}, {"name": "CharNextW", "args": ["73940e9d5ae803e4f178e47d2ac698481bf019f`3d484cfd4fad343d746420exe"], "addr_func": "14680548", "addr": 4250167, "ret": "<BV32 retval_CharNextW_32834_32>"}, {"name": "FindFirstFileW", "args": ["0c", 2147406880], "addr_func": "14681908", "addr": 4250498, "ret": "<BV32 retval_FindFirstFileW_32845_32>"}, {"name": "RegQueryValueExW", "args": [0, "0c673940e9d5ae803e4f178e47d2ac698481bf019f`3d484cfd4fad343d746420exe", 0, 0, 0, 2147408048], "addr_func": "14681412", "addr": 4251040, "ret": "<BV32 retval_RegQueryValueExW_32850_32>"}, {"name": "RegQueryValueExW", "args": [0, "0c673940e9d5ae803e4f178e47d2ac698481bf019f`3d484cfd4fad343d746420exe", 0, 0, 0, 2147408048], "addr_func": "14681412", "addr": 4251083, "ret": "<BV32 retval_RegQueryValueExW_32854_32>"}, {"name": "RegCloseKey", "args": [0], "addr_func": "14681420", "addr": 4251206, "ret": "<BV32 retval_RegCloseKey_32864_32>"}, {"name": "GetUserDefaultUILanguage", "args": [], "addr_func": "14681912", "addr": 4252391, "ret": 0}, {"name": "EnterCriticalSection", "args": [10853396], "addr_func": "14681784", "addr": 4249902, "ret": "None"}, {"name": "LeaveCriticalSection", "args": [10853396], "addr_func": "14681872", "addr": 4249953, "ret": "None"}, {"name": "IsValidLocale", "args": ["retval_GetUserDefaultUILanguage_32873_32", 2], "addr_func": "14682012", "addr": 4249971, "ret": "<BV32 retval_IsValidLocale_32879_32>"}, {"name": "MultiByteToWideChar", "args": ["retval_GetACP_32773_32", 0, 4247960, 10, "", 2047], "addr_func": "14681948", "addr": 4259763, "ret": "<BV32 retval_MultiByteToWideChar_32897_32>"}, {"name": "MultiByteToWideChar", "args": ["retval_GetACP_32773_32", 0, 4247960, 10, "", 11], "addr_func": "14681948", "addr": 4259763, "ret": "<BV32 retval_MultiByteToWideChar_32921_32>"}, {"name": "LoadLibraryA", "args": ["user32.dll"], "addr_func": "14681672", "addr": 4265889, "ret": 15732796}, {"name": "LocalAlloc", "args": [64, 8], "addr_func": "14682036", "addr": 4265999, "ret": 3221258256}, {"name": "GetProcAddress", "args": [15732796, "MessageBoxA"], "addr_func": "14681876", "addr": 4266144, "ret": 14680860}, {"name": "VirtualFree", "args": [3223060480, 0, 32768], "addr_func": "14681548", "addr": 4295222, "ret": "<BV32 retval_VirtualFree_32965_32>"}]}, "1": {"status": "active", "trace": [{"name": "main", "args": ["1c673930e9d5ae603e4f179e47e2ac698491bf119fa3d484cfe4fad343c74652.exe"], "addr": 10655012, "ret": "symbolic", "addr_func": 10655012}, {"name": "GetModuleHandleW", "args": [0], "addr_func": "14681600", "addr": 4265476, "ret": 4194304}, {"name": "SetThreadLocale", "args": [1024], "addr_func": "14682060", "addr": 10633261, "ret": "<BV32 retval_SetThreadLocale_32767_32>"}, {"name": "InitializeCriticalSection", "args": [10853396], "addr_func": "14681836", "addr": 4248449, "ret": "None"}, {"name": "GetVersion", "args": [], "addr_func": "14681692", "addr": 4248463, "ret": 0}, {"name": "GetSystemInfo", "args": [2147417456], "addr_func": "14681864", "addr": 4259780, "ret": "None"}, {"name": "GetCommandLineW", "args": [], "addr_func": "14681868", "addr": 10633362, "ret": 0}, {"name": "GetStartupInfoW", "args": [2147417420], "addr_func": "14681820", "addr": 4215565, "ret": "None"}, {"name": "GetACP", "args": [], "addr_func": "14681500", "addr": 10633382, "ret": 0}, {"name": "GetCurrentThreadId", "args": [], "addr_func": "14681756", "addr": 10633402, "ret": 0}, {"name": "GetVersion", "args": [], "addr_func": "14681692", "addr": 4259796, "ret": 0}, {"name": "GetVersionExW", "args": [2147417232], "addr_func": "14681888", "addr": 4290862, "ret": "<BV32 retval_GetVersionExW_32788_32>"}, {"name": "GetModuleFileNameW", "args": [4194304, "\u5002\ua98d\u00e5", 522], "addr_func": "14681632", "addr": 4247794, "ret": 3}, {"name": "GetModuleFileNameW", "args": [0, "1c673930e9d5ae603e4f179e47e2ac698491bf119fa3d484cfe4fad343c74652.exe", 261], "addr_func": "14681632", "addr": 4252572, "ret": 137}, {"name": "VirtualAlloc", "args": [0, 1310704, 4096, 4], "addr_func": "14681856", "addr": 4291915, "ret": 3223060480}, {"name": "RegOpenKeyExW", "args": [2147483649, "Software\\Embarcadero\\Locales", 0, 983065, 2147408052], "addr_func": "14681396", "addr": 4250822, "ret": "<BV32 retval_RegOpenKeyExW_32798_32>"}, {"name": "RegOpenKeyExW", "args": [2147483650, "Software\\Embarcadero\\Locales", 0, 983065, 2147408052], "addr_func": "14681396", "addr": 4250856, "ret": "<BV32 retval_RegOpenKeyExW_32799_32>"}, {"name": "RegOpenKeyExW", "args": [2147483649, "Software\\CodeGear\\Locales", 0, 983065, 2147408052], "addr_func": "14681396", "addr": 4250886, "ret": "<BV32 retval_RegOpenKeyExW_32806_32>"}, {"name": "GetModuleHandleW", "args": ["kernel32.dll"], "addr_func": "14681600", "addr": 4250225, "ret": 15732776}, {"name": "GetProcAddress", "args": [15732776, "GetLongPathNameW"], "addr_func": "14681876", "addr": 4250242, "ret": 15732792}, {"name": "GetLongPathNameW", "args": ["0c673940e9d5ae803e4f178e47d2ac698481bf019f`3d484cfd4fad343d746420exe", "", 261], "addr_func": "15732792", "addr": 4250269, "ret": "<BV32 retval_GetLongPathNameW_32818_32>"}, {"name": "CharNextW", "args": ["73940e9d5ae803e4f178e47d2ac698481bf019f`3d484cfd4fad343d746420exe"], "addr_func": "14680548", "addr": 4250167, "ret": "<BV32 retval_CharNextW_32834_32>"}, {"name": "FindFirstFileW", "args": ["0c", 2147406880], "addr_func": "14681908", "addr": 4250498, "ret": "<BV32 retval_FindFirstFileW_32845_32>"}, {"name": "RegQueryValueExW", "args": [0, "0c673940e9d5ae803e4f178e47d2ac698481bf019f`3d484cfd4fad343d746420exe", 0, 0, 0, 2147408048], "addr_func": "14681412", "addr": 4251040, "ret": "<BV32 retval_RegQueryValueExW_32850_32>"}, {"name": "RegQueryValueExW", "args": [0, "0c673940e9d5ae803e4f178e47d2ac698481bf019f`3d484cfd4fad343d746420exe", 0, 0, 0, 2147408048], "addr_func": "14681412", "addr": 4251083, "ret": "<BV32 retval_RegQueryValueExW_32854_32>"}, {"name": "RegCloseKey", "args": [0], "addr_func": "14681420", "addr": 4251206, "ret": "<BV32 retval_RegCloseKey_32864_32>"}, {"name": "GetUserDefaultUILanguage", "args": [], "addr_func": "14681912", "addr": 4252391, "ret": 0}, {"name": "EnterCriticalSection", "args": [10853396], "addr_func": "14681784", "addr": 4249902, "ret": "None"}, {"name": "LeaveCriticalSection", "args": [10853396], "addr_func": "14681872", "addr": 4249953, "ret": "None"}, {"name": "IsValidLocale", "args": ["retval_GetUserDefaultUILanguage_32873_32", 2], "addr_func": "14682012", "addr": 4249971, "ret": "<BV32 retval_IsValidLocale_32879_32>"}, {"name": "MultiByteToWideChar", "args": ["retval_GetACP_32773_32", 0, 4247960, 10, "", 2047], "addr_func": "14681948", "addr": 4259763, "ret": "<BV32 retval_MultiByteToWideChar_32897_32>"}, {"name": "MultiByteToWideChar", "args": ["retval_GetACP_32773_32", 0, 4247960, 10, "", 11], "addr_func": "14681948", "addr": 4259763, "ret": "<BV32 retval_MultiByteToWideChar_32921_32>"}, {"name": "LoadLibraryA", "args": ["user32.dll"], "addr_func": "14681672", "addr": 4265889, "ret": 15732796}, {"name": "LocalAlloc", "args": [64, 8], "addr_func": "14682036", "addr": 4265999, "ret": 3221258256}, {"name": "GetProcAddress", "args": [15732796, "MessageBoxA"], "addr_func": "14681876", "addr": 4266144, "ret": 14680860}, {"name": "VirtualFree", "args": [3223060480, 0, 32768], "addr_func": "14681548", "addr": 4295222, "ret": "<BV32 retval_VirtualFree_32968_32>"}]}, "2": {"status": "active", "trace": [{"name": "main", "args": ["1c673930e9d5ae603e4f179e47e2ac698491bf119fa3d484cfe4fad343c74652.exe"], "addr": 10655012, "ret": "symbolic", "addr_func": 10655012}, {"name": "GetModuleHandleW", "args": [0], "addr_func": "14681600", "addr": 4265476, "ret": 4194304}, {"name": "SetThreadLocale", "args": [1024], "addr_func": "14682060", "addr": 10633261, "ret": "<BV32 retval_SetThreadLocale_32767_32>"}, {"name": "InitializeCriticalSection", "args": [10853396], "addr_func": "14681836", "addr": 4248449, "ret": "None"}, {"name": "GetVersion", "args": [], "addr_func": "14681692", "addr": 4248463, "ret": 0}, {"name": "GetSystemInfo", "args": [2147417456], "addr_func": "14681864", "addr": 4259780, "ret": "None"}, {"name": "GetCommandLineW", "args": [], "addr_func": "14681868", "addr": 10633362, "ret": 0}, {"name": "GetStartupInfoW", "args": [2147417420], "addr_func": "14681820", "addr": 4215565, "ret": "None"}, {"name": "GetACP", "args": [], "addr_func": "14681500", "addr": 10633382, "ret": 0}, {"name": "GetCurrentThreadId", "args": [], "addr_func": "14681756", "addr": 10633402, "ret": 0}, {"name": "GetVersion", "args": [], "addr_func": "14681692", "addr": 4259796, "ret": 0}, {"name": "GetVersionExW", "args": [2147417232], "addr_func": "14681888", "addr": 4290862, "ret": "<BV32 retval_GetVersionExW_32788_32>"}, {"name": "GetModuleFileNameW", "args": [4194304, "\u5002\ua98d\u00e5", 522], "addr_func": "14681632", "addr": 4247794, "ret": 3}, {"name": "GetModuleFileNameW", "args": [0, "1c673930e9d5ae603e4f179e47e2ac698491bf119fa3d484cfe4fad343c74652.exe", 261], "addr_func": "14681632", "addr": 4252572, "ret": 137}, {"name": "VirtualAlloc", "args": [0, 1310704, 4096, 4], "addr_func": "14681856", "addr": 4291915, "ret": 3223060480}, {"name": "RegOpenKeyExW", "args": [2147483649, "Software\\Embarcadero\\Locales", 0, 983065, 2147408052], "addr_func": "14681396", "addr": 4250822, "ret": "<BV32 retval_RegOpenKeyExW_32798_32>"}, {"name": "RegOpenKeyExW", "args": [2147483650, "Software\\Embarcadero\\Locales", 0, 983065, 2147408052], "addr_func": "14681396", "addr": 4250856, "ret": "<BV32 retval_RegOpenKeyExW_32799_32>"}, {"name": "RegOpenKeyExW", "args": [2147483649, "Software\\CodeGear\\Locales", 0, 983065, 2147408052], "addr_func": "14681396", "addr": 4250886, "ret": "<BV32 retval_RegOpenKeyExW_32806_32>"}, {"name": "GetModuleHandleW", "args": ["kernel32.dll"], "addr_func": "14681600", "addr": 4250225, "ret": 15732776}, {"name": "GetProcAddress", "args": [15732776, "GetLongPathNameW"], "addr_func": "14681876", "addr": 4250242, "ret": 15732792}, {"name": "GetLongPathNameW", "args": ["0c673940e9d5ae803e4f178e47d2ac698481bf019f`3d484cfd4fad343d746420exe", "", 261], "addr_func": "15732792", "addr": 4250269, "ret": "<BV32 retval_GetLongPathNameW_32818_32>"}, {"name": "CharNextW", "args": ["73940e9d5ae803e4f178e47d2ac698481bf019f`3d484cfd4fad343d746420exe"], "addr_func": "14680548", "addr": 4250167, "ret": "<BV32 retval_CharNextW_32834_32>"}, {"name": "FindFirstFileW", "args": ["0c", 2147406880], "addr_func": "14681908", "addr": 4250498, "ret": "<BV32 retval_FindFirstFileW_32845_32>"}, {"name": "RegQueryValueExW", "args": [0, "0c673940e9d5ae803e4f178e47d2ac698481bf019f`3d484cfd4fad343d746420exe", 0, 0, 0, 2147408048], "addr_func": "14681412", "addr": 4251040, "ret": "<BV32 retval_RegQueryValueExW_32850_32>"}, {"name": "RegQueryValueExW", "args": [0, "0c673940e9d5ae803e4f178e47d2ac698481bf019f`3d484cfd4fad343d746420exe", 0, 0, 0, 2147408048], "addr_func": "14681412", "addr": 4251083, "ret": "<BV32 retval_RegQueryValueExW_32854_32>"}, {"name": "RegCloseKey", "args": [0], "addr_func": "14681420", "addr": 4251206, "ret": "<BV32 retval_RegCloseKey_32864_32>"}, {"name": "GetUserDefaultUILanguage", "args": [], "addr_func": "14681912", "addr": 4252391, "ret": 0}, {"name": "EnterCriticalSection", "args": [10853396], "addr_func": "14681784", "addr": 4249902, "ret": "None"}, {"name": "LeaveCriticalSection", "args": [10853396], "addr_func": "14681872", "addr": 4249953, "ret": "None"}, {"name": "IsValidLocale", "args": ["retval_GetUserDefaultUILanguage_32873_32", 2], "addr_func": "14682012", "addr": 4249971, "ret": "<BV32 retval_IsValidLocale_32879_32>"}, {"name": "MultiByteToWideChar", "args": ["retval_GetACP_32773_32", 0, 4247960, 10, "", 2047], "addr_func": "14681948", "addr": 4259763, "ret": "<BV32 retval_MultiByteToWideChar_32897_32>"}, {"name": "MultiByteToWideChar", "args": ["retval_GetACP_32773_32", 0, 4247960, 10, "", 11], "addr_func": "14681948", "addr": 4259763, "ret": "<BV32 retval_MultiByteToWideChar_32921_32>"}]}, "3": {"status": "active", "trace": [{"name": "main", "args": ["1c673930e9d5ae603e4f179e47e2ac698491bf119fa3d484cfe4fad343c74652.exe"], "addr": 10655012, "ret": "symbolic", "addr_func": 10655012}, {"name": "GetModuleHandleW", "args": [0], "addr_func": "14681600", "addr": 4265476, "ret": 4194304}, {"name": "SetThreadLocale", "args": [1024], "addr_func": "14682060", "addr": 10633261, "ret": "<BV32 retval_SetThreadLocale_32767_32>"}, {"name": "InitializeCriticalSection", "args": [10853396], "addr_func": "14681836", "addr": 4248449, "ret": "None"}, {"name": "GetVersion", "args": [], "addr_func": "14681692", "addr": 4248463, "ret": 0}, {"name": "GetSystemInfo", "args": [2147417456], "addr_func": "14681864", "addr": 4259780, "ret": "None"}, {"name": "GetCommandLineW", "args": [], "addr_func": "14681868", "addr": 10633362, "ret": 0}, {"name": "GetStartupInfoW", "args": [2147417420], "addr_func": "14681820", "addr": 4215565, "ret": "None"}, {"name": "GetACP", "args": [], "addr_func": "14681500", "addr": 10633382, "ret": 0}, {"name": "GetCurrentThreadId", "args": [], "addr_func": "14681756", "addr": 10633402, "ret": 0}, {"name": "GetVersion", "args": [], "addr_func": "14681692", "addr": 4259796, "ret": 0}, {"name": "GetVersionExW", "args": [2147417232], "addr_func": "14681888", "addr": 4290862, "ret": "<BV32 retval_GetVersionExW_32788_32>"}, {"name": "GetModuleFileNameW", "args": [4194304, "\u5002\ua98d\u00e5", 522], "addr_func": "14681632", "addr": 4247794, "ret": 3}, {"name": "GetModuleFileNameW", "args": [0, "1c673930e9d5ae603e4f179e47e2ac698491bf119fa3d484cfe4fad343c74652.exe", 261], "addr_func": "14681632", "addr": 4252572, "ret": 137}, {"name": "VirtualAlloc", "args": [0, 1310704, 4096, 4], "addr_func": "14681856", "addr": 4291915, "ret": 3223060480}, {"name": "RegOpenKeyExW", "args": [2147483649, "Software\\Embarcadero\\Locales", 0, 983065, 2147408052], "addr_func": "14681396", "addr": 4250822, "ret": "<BV32 retval_RegOpenKeyExW_32798_32>"}, {"name": "RegOpenKeyExW", "args": [2147483650, "Software\\Embarcadero\\Locales", 0, 983065, 2147408052], "addr_func": "14681396", "addr": 4250856, "ret": "<BV32 retval_RegOpenKeyExW_32799_32>"}, {"name": "RegOpenKeyExW", "args": [2147483649, "Software\\CodeGear\\Locales", 0, 983065, 2147408052], "addr_func": "14681396", "addr": 4250886, "ret": "<BV32 retval_RegOpenKeyExW_32806_32>"}, {"name": "GetModuleHandleW", "args": ["kernel32.dll"], "addr_func": "14681600", "addr": 4250225, "ret": 15732776}, {"name": "GetProcAddress", "args": [15732776, "GetLongPathNameW"], "addr_func": "14681876", "addr": 4250242, "ret": 15732792}, {"name": "GetLongPathNameW", "args": ["0c673940e9d5ae803e4f178e47d2ac698481bf019f`3d484cfd4fad343d746420exe", "", 261], "addr_func": "15732792", "addr": 4250269, "ret": "<BV32 retval_GetLongPathNameW_32818_32>"}, {"name": "CharNextW", "args": ["73940e9d5ae803e4f178e47d2ac698481bf019f`3d484cfd4fad343d746420exe"], "addr_func": "14680548", "addr": 4250167, "ret": "<BV32 retval_CharNextW_32834_32>"}, {"name": "FindFirstFileW", "args": ["0c", 2147406880], "addr_func": "14681908", "addr": 4250498, "ret": "<BV32 retval_FindFirstFileW_32845_32>"}, {"name": "RegQueryValueExW", "args": [0, "0c673940e9d5ae803e4f178e47d2ac698481bf019f`3d484cfd4fad343d746420exe", 0, 0, 0, 2147408048], "addr_func": "14681412", "addr": 4251040, "ret": "<BV32 retval_RegQueryValueExW_32850_32>"}, {"name": "RegQueryValueExW", "args": [0, "0c673940e9d5ae803e4f178e47d2ac698481bf019f`3d484cfd4fad343d746420exe", 0, 0, 0, 2147408048], "addr_func": "14681412", "addr": 4251083, "ret": "<BV32 retval_RegQueryValueExW_32854_32>"}, {"name": "RegCloseKey", "args": [0], "addr_func": "14681420", "addr": 4251206, "ret": "<BV32 retval_RegCloseKey_32864_32>"}, {"name": "GetUserDefaultUILanguage", "args": [], "addr_func": "14681912", "addr": 4252391, "ret": 0}, {"name": "EnterCriticalSection", "args": [10853396], "addr_func": "14681784", "addr": 4249902, "ret": "None"}, {"name": "LeaveCriticalSection", "args": [10853396], "addr_func": "14681872", "addr": 4249953, "ret": "None"}, {"name": "IsValidLocale", "args": ["retval_GetUserDefaultUILanguage_32873_32", 2], "addr_func": "14682012", "addr": 4249971, "ret": "<BV32 retval_IsValidLocale_32879_32>"}, {"name": "MultiByteToWideChar", "args": ["retval_GetACP_32773_32", 0, 4247960, 10, "", 2047], "addr_func": "14681948", "addr": 4259763, "ret": "<BV32 retval_MultiByteToWideChar_32897_32>"}, {"name": "MultiByteToWideChar", "args": ["retval_GetACP_32773_32", 0, 4247960, 10, "", 11], "addr_func": "14681948", "addr": 4259763, "ret": "<BV32 retval_MultiByteToWideChar_32921_32>"}, {"name": "IsValidLocale", "args": ["retval_GetUserDefaultUILanguage_32873_32", 2], "addr_func": "14682012", "addr": 4249250, "ret": "<BV32 retval_IsValidLocale_32926_32>"}, {"name": "GetSystemDefaultUILanguage", "args": [], "addr_func": "14682028", "addr": 4250009, "ret": 0}, {"name": "EnterCriticalSection", "args": [10853396], "addr_func": "14681784", "addr": 4250064, "ret": "None"}, {"name": "LeaveCriticalSection", "args": [10853396], "addr_func": "14681872", "addr": 4250105, "ret": "None"}, {"name": "GetSystemDefaultUILanguage", "args": [], "addr_func": "14682028", "addr": 4252431, "ret": 0}, {"name": "EnterCriticalSection", "args": [10853396], "addr_func": "14681784", "addr": 4249902, "ret": "None"}, {"name": "LeaveCriticalSection", "args": [10853396], "addr_func": "14681872", "addr": 4249953, "ret": "None"}, {"name": "IsValidLocale", "args": ["retval_GetSystemDefaultUILanguage_32941_32", 2], "addr_func": "14682012", "addr": 4249971, "ret": "<BV32 retval_IsValidLocale_32942_32>"}, {"name": "IsValidLocale", "args": ["retval_GetSystemDefaultUILanguage_32941_32", 2], "addr_func": "14682012", "addr": 4249250, "ret": "<BV32 retval_IsValidLocale_32943_32>"}, {"name": "GetSystemDefaultUILanguage", "args": [], "addr_func": "14682028", "addr": 4250009, "ret": 0}, {"name": "GetSystemDefaultUILanguage", "args": [], "addr_func": "14682028", "addr": 4250036, "ret": 0}, {"name": "IsValidLocale", "args": ["retval_GetSystemDefaultUILanguage_32947_32", 2], "addr_func": "14682012", "addr": 4249250, "ret": "<BV32 retval_IsValidLocale_32948_32>"}, {"name": "EnterCriticalSection", "args": [10853396], "addr_func": "14681784", "addr": 4250064, "ret": "None"}, {"name": "LeaveCriticalSection", "args": [10853396], "addr_func": "14681872", "addr": 4250105, "ret": "None"}, {"name": "GetUserDefaultUILanguage", "args": [], "addr_func": "14681912", "addr": 4252066, "ret": 0}, {"name": "GetLocaleInfoW", "args": ["retval_GetUserDefaultUILanguage_32957_32", 3, "\udb44\u7ffe", 4], "addr_func": "14681964", "addr": 4252075, "ret": "<BV32 retval_GetLocaleInfoW_32958_32>"}, {"name": "FindFirstFileW", "args": ["\u5002\ua98d\u00e5\udb44\u7ffe", 2147407456], "addr_func": "14681908", "addr": 4251731, "ret": "<BV32 retval_FindFirstFileW_32966_32>"}, {"name": "FindClose", "args": ["retval_FindFirstFileW_32966_32"], "addr_func": "14681944", "addr": 4251747, "ret": "<BV32 retval_FindClose_32967_32>"}, {"name": "LoadLibraryExW", "args": ["\u5002\ua98d\u00e5\udb44\u7ffe", 0, 2], "addr_func": "14681744", "addr": 4252653, "ret": 15732800}, {"name": "LoadStringW", "args": [15732800, 65462, "", 4096], "addr_func": "14680656", "addr": 4259665, "ret": "<BV32 retval_LoadStringW_32978_32>"}, {"name": "LoadStringW", "args": [15732800, 65461, "", 4096], "addr_func": "14680656", "addr": 4259665, "ret": "<BV32 retval_LoadStringW_32979_32>"}, {"name": "LoadStringW", "args": [15732800, 65460, "", 4096], "addr_func": "14680656", "addr": 4259665, "ret": "<BV32 retval_LoadStringW_32983_32>"}, {"name": "LoadStringW", "args": [15732800, 65459, "", 4096], "addr_func": "14680656", "addr": 4259665, "ret": "<BV32 retval_LoadStringW_32988_32>"}, {"name": "LoadLibraryA", "args": ["user32.dll"], "addr_func": "14681672", "addr": 4265889, "ret": 15732796}, {"name": "LocalAlloc", "args": [64, 8], "addr_func": "14682036", "addr": 4265999, "ret": 3221258256}, {"name": "GetProcAddress", "args": [15732796, "MessageBoxA"], "addr_func": "14681876", "addr": 4266144, "ret": 14680860}]}, "4": {"status": "active", "trace": [{"name": "main", "args": ["1c673930e9d5ae603e4f179e47e2ac698491bf119fa3d484cfe4fad343c74652.exe"], "addr": 10655012, "ret": "symbolic", "addr_func": 10655012}, {"name": "GetModuleHandleW", "args": [0], "addr_func": "14681600", "addr": 4265476, "ret": 4194304}, {"name": "SetThreadLocale", "args": [1024], "addr_func": "14682060", "addr": 10633261, "ret": "<BV32 retval_SetThreadLocale_32767_32>"}, {"name": "InitializeCriticalSection", "args": [10853396], "addr_func": "14681836", "addr": 4248449, "ret": "None"}, {"name": "GetVersion", "args": [], "addr_func": "14681692", "addr": 4248463, "ret": 0}, {"name": "GetSystemInfo", "args": [2147417456], "addr_func": "14681864", "addr": 4259780, "ret": "None"}, {"name": "GetCommandLineW", "args": [], "addr_func": "14681868", "addr": 10633362, "ret": 0}, {"name": "GetStartupInfoW", "args": [2147417420], "addr_func": "14681820", "addr": 4215565, "ret": "None"}, {"name": "GetACP", "args": [], "addr_func": "14681500", "addr": 10633382, "ret": 0}, {"name": "GetCurrentThreadId", "args": [], "addr_func": "14681756", "addr": 10633402, "ret": 0}, {"name": "GetVersion", "args": [], "addr_func": "14681692", "addr": 4259796, "ret": 0}, {"name": "GetVersionExW", "args": [2147417232], "addr_func": "14681888", "addr": 4290862, "ret": "<BV32 retval_GetVersionExW_32788_32>"}, {"name": "GetModuleFileNameW", "args": [4194304, "\u5002\ua98d\u00e5", 522], "addr_func": "14681632", "addr": 4247794, "ret": 3}, {"name": "GetModuleFileNameW", "args": [0, "1c673930e9d5ae603e4f179e47e2ac698491bf119fa3d484cfe4fad343c74652.exe", 261], "addr_func": "14681632", "addr": 4252572, "ret": 137}, {"name": "VirtualAlloc", "args": [0, 1310704, 4096, 4], "addr_func": "14681856", "addr": 4291915, "ret": 3223060480}, {"name": "RegOpenKeyExW", "args": [2147483649, "Software\\Embarcadero\\Locales", 0, 983065, 2147408052], "addr_func": "14681396", "addr": 4250822, "ret": "<BV32 retval_RegOpenKeyExW_32798_32>"}, {"name": "RegOpenKeyExW", "args": [2147483650, "Software\\Embarcadero\\Locales", 0, 983065, 2147408052], "addr_func": "14681396", "addr": 4250856, "ret": "<BV32 retval_RegOpenKeyExW_32799_32>"}, {"name": "RegOpenKeyExW", "args": [2147483649, "Software\\CodeGear\\Locales", 0, 983065, 2147408052], "addr_func": "14681396", "addr": 4250886, "ret": "<BV32 retval_RegOpenKeyExW_32806_32>"}, {"name": "GetModuleHandleW", "args": ["kernel32.dll"], "addr_func": "14681600", "addr": 4250225, "ret": 15732776}, {"name": "GetProcAddress", "args": [15732776, "GetLongPathNameW"], "addr_func": "14681876", "addr": 4250242, "ret": 15732792}, {"name": "GetLongPathNameW", "args": ["0c673940e9d5ae803e4f178e47d2ac698481bf019f`3d484cfd4fad343d746420exe", "", 261], "addr_func": "15732792", "addr": 4250269, "ret": "<BV32 retval_GetLongPathNameW_32818_32>"}, {"name": "CharNextW", "args": ["73940e9d5ae803e4f178e47d2ac698481bf019f`3d484cfd4fad343d746420exe"], "addr_func": "14680548", "addr": 4250167, "ret": "<BV32 retval_CharNextW_32834_32>"}, {"name": "FindFirstFileW", "args": ["0c", 2147406880], "addr_func": "14681908", "addr": 4250498, "ret": "<BV32 retval_FindFirstFileW_32845_32>"}, {"name": "RegQueryValueExW", "args": [0, "0c673940e9d5ae803e4f178e47d2ac698481bf019f`3d484cfd4fad343d746420exe", 0, 0, 0, 2147408048], "addr_func": "14681412", "addr": 4251040, "ret": "<BV32 retval_RegQueryValueExW_32850_32>"}, {"name": "RegQueryValueExW", "args": [0, "0c673940e9d5ae803e4f178e47d2ac698481bf019f`3d484cfd4fad343d746420exe", 0, 0, 0, 2147408048], "addr_func": "14681412", "addr": 4251083, "ret": "<BV32 retval_RegQueryValueExW_32854_32>"}, {"name": "RegCloseKey", "args": [0], "addr_func": "14681420", "addr": 4251206, "ret": "<BV32 retval_RegCloseKey_32864_32>"}, {"name": "GetUserDefaultUILanguage", "args": [], "addr_func": "14681912", "addr": 4252391, "ret": 0}, {"name": "EnterCriticalSection", "args": [10853396], "addr_func": "14681784", "addr": 4249902, "ret": "None"}, {"name": "LeaveCriticalSection", "args": [10853396], "addr_func": "14681872", "addr": 4249953, "ret": "None"}, {"name": "IsValidLocale", "args": ["retval_GetUserDefaultUILanguage_32873_32", 2], "addr_func": "14682012", "addr": 4249971, "ret": "<BV32 retval_IsValidLocale_32879_32>"}, {"name": "MultiByteToWideChar", "args": ["retval_GetACP_32773_32", 0, 4247960, 10, "", 2047], "addr_func": "14681948", "addr": 4259763, "ret": "<BV32 retval_MultiByteToWideChar_32897_32>"}, {"name": "MultiByteToWideChar", "args": ["retval_GetACP_32773_32", 0, 4247960, 10, "", 11], "addr_func": "14681948", "addr": 4259763, "ret": "<BV32 retval_MultiByteToWideChar_32921_32>"}, {"name": "IsValidLocale", "args": ["retval_GetUserDefaultUILanguage_32873_32", 2], "addr_func": "14682012", "addr": 4249250, "ret": "<BV32 retval_IsValidLocale_32926_32>"}, {"name": "GetSystemDefaultUILanguage", "args": [], "addr_func": "14682028", "addr": 4250009, "ret": 0}, {"name": "EnterCriticalSection", "args": [10853396], "addr_func": "14681784", "addr": 4250064, "ret": "None"}, {"name": "LeaveCriticalSection", "args": [10853396], "addr_func": "14681872", "addr": 4250105, "ret": "None"}, {"name": "GetSystemDefaultUILanguage", "args": [], "addr_func": "14682028", "addr": 4252431, "ret": 0}, {"name": "EnterCriticalSection", "args": [10853396], "addr_func": "14681784", "addr": 4249902, "ret": "None"}, {"name": "LeaveCriticalSection", "args": [10853396], "addr_func": "14681872", "addr": 4249953, "ret": "None"}, {"name": "IsValidLocale", "args": ["retval_GetSystemDefaultUILanguage_32941_32", 2], "addr_func": "14682012", "addr": 4249971, "ret": "<BV32 retval_IsValidLocale_32942_32>"}, {"name": "IsValidLocale", "args": ["retval_GetSystemDefaultUILanguage_32941_32", 2], "addr_func": "14682012", "addr": 4249250, "ret": "<BV32 retval_IsValidLocale_32943_32>"}, {"name": "GetSystemDefaultUILanguage", "args": [], "addr_func": "14682028", "addr": 4250009, "ret": 0}, {"name": "GetSystemDefaultUILanguage", "args": [], "addr_func": "14682028", "addr": 4250036, "ret": 0}, {"name": "IsValidLocale", "args": ["retval_GetSystemDefaultUILanguage_32947_32", 2], "addr_func": "14682012", "addr": 4249250, "ret": "<BV32 retval_IsValidLocale_32948_32>"}, {"name": "EnterCriticalSection", "args": [10853396], "addr_func": "14681784", "addr": 4250064, "ret": "None"}, {"name": "LeaveCriticalSection", "args": [10853396], "addr_func": "14681872", "addr": 4250105, "ret": "None"}, {"name": "GetUserDefaultUILanguage", "args": [], "addr_func": "14681912", "addr": 4252066, "ret": 0}, {"name": "GetLocaleInfoW", "args": ["retval_GetUserDefaultUILanguage_32957_32", 3, "\udb44\u7ffe", 4], "addr_func": "14681964", "addr": 4252075, "ret": "<BV32 retval_GetLocaleInfoW_32958_32>"}, {"name": "FindFirstFileW", "args": ["\u5002\ua98d\u00e5\udb44\u7ffe", 2147407456], "addr_func": "14681908", "addr": 4251731, "ret": "<BV32 retval_FindFirstFileW_32966_32>"}, {"name": "FindClose", "args": ["retval_FindFirstFileW_32966_32"], "addr_func": "14681944", "addr": 4251747, "ret": "<BV32 retval_FindClose_32967_32>"}, {"name": "LoadLibraryExW", "args": ["\u5002\ua98d\u00e5\udb44\u7ffe", 0, 2], "addr_func": "14681744", "addr": 4252653, "ret": 15732800}, {"name": "LoadStringW", "args": [15732800, 65462, "", 4096], "addr_func": "14680656", "addr": 4259665, "ret": "<BV32 retval_LoadStringW_32978_32>"}, {"name": "LoadStringW", "args": [15732800, 65461, "", 4096], "addr_func": "14680656", "addr": 4259665, "ret": "<BV32 retval_LoadStringW_32979_32>"}, {"name": "LoadStringW", "args": [15732800, 65460, "", 4096], "addr_func": "14680656", "addr": 4259665, "ret": "<BV32 retval_LoadStringW_32983_32>"}, {"name": "LoadStringW", "args": [15732800, 65459, "", 4096], "addr_func": "14680656", "addr": 4259665, "ret": "<BV32 retval_LoadStringW_32988_32>"}]}, "5": {"status": "ExcessLoop", "trace": [{"name": "main", "args": ["1c673930e9d5ae603e4f179e47e2ac698491bf119fa3d484cfe4fad343c74652.exe"], "addr": 10655012, "ret": "symbolic", "addr_func": 10655012}, {"name": "GetModuleHandleW", "args": [0], "addr_func": "14681600", "addr": 4265476, "ret": 4194304}, {"name": "SetThreadLocale", "args": [1024], "addr_func": "14682060", "addr": 10633261, "ret": "<BV32 retval_SetThreadLocale_32767_32>"}, {"name": "InitializeCriticalSection", "args": [10853396], "addr_func": "14681836", "addr": 4248449, "ret": "None"}, {"name": "GetVersion", "args": [], "addr_func": "14681692", "addr": 4248463, "ret": 0}, {"name": "GetSystemInfo", "args": [2147417456], "addr_func": "14681864", "addr": 4259780, "ret": "None"}, {"name": "GetCommandLineW", "args": [], "addr_func": "14681868", "addr": 10633362, "ret": 0}, {"name": "GetStartupInfoW", "args": [2147417420], "addr_func": "14681820", "addr": 4215565, "ret": "None"}, {"name": "GetACP", "args": [], "addr_func": "14681500", "addr": 10633382, "ret": 0}, {"name": "GetCurrentThreadId", "args": [], "addr_func": "14681756", "addr": 10633402, "ret": 0}, {"name": "GetVersion", "args": [], "addr_func": "14681692", "addr": 4259796, "ret": 0}, {"name": "GetVersionExW", "args": [2147417232], "addr_func": "14681888", "addr": 4290862, "ret": "<BV32 retval_GetVersionExW_32788_32>"}, {"name": "GetModuleFileNameW", "args": [4194304, "\u5002\ua98d\u00e5", 522], "addr_func": "14681632", "addr": 4247794, "ret": 3}, {"name": "GetModuleFileNameW", "args": [0, "1c673930e9d5ae603e4f179e47e2ac698491bf119fa3d484cfe4fad343c74652.exe", 261], "addr_func": "14681632", "addr": 4252572, "ret": 137}, {"name": "VirtualAlloc", "args": [0, 1310704, 4096, 4], "addr_func": "14681856", "addr": 4291915, "ret": 3223060480}, {"name": "RegOpenKeyExW", "args": [2147483649, "Software\\Embarcadero\\Locales", 0, 983065, 2147408052], "addr_func": "14681396", "addr": 4250822, "ret": "<BV32 retval_RegOpenKeyExW_32798_32>"}, {"name": "RegOpenKeyExW", "args": [2147483650, "Software\\Embarcadero\\Locales", 0, 983065, 2147408052], "addr_func": "14681396", "addr": 4250856, "ret": "<BV32 retval_RegOpenKeyExW_32799_32>"}, {"name": "GetModuleHandleW", "args": ["kernel32.dll"], "addr_func": "14681600", "addr": 4250225, "ret": 15732776}, {"name": "GetProcAddress", "args": [15732776, "GetLongPathNameW"], "addr_func": "14681876", "addr": 4250242, "ret": 15732792}, {"name": "GetLongPathNameW", "args": ["0c673940e9d5ae803e4f178e47d2ac698481bf019f`3d484cfd4fad343d746420exe", "", 261], "addr_func": "15732792", "addr": 4250269, "ret": "<BV32 retval_GetLongPathNameW_32812_32>"}, {"name": "RegQueryValueExW", "args": [0, "", 0, 0, 0, 2147408048], "addr_func": "14681412", "addr": 4251040, "ret": "<BV32 retval_RegQueryValueExW_32825_32>"}, {"name": "RegQueryValueExW", "args": [0, "", 0, 0, 0, 2147408048], "addr_func": "14681412", "addr": 4251119, "ret": "<BV32 retval_RegQueryValueExW_32827_32>"}, {"name": "RegQueryValueExW", "args": [0, "", 0, 0, 0, 2147408048], "addr_func": "14681412", "addr": 4251160, "ret": "<BV32 retval_RegQueryValueExW_32830_32>"}, {"name": "RegCloseKey", "args": [0], "addr_func": "14681420", "addr": 4251206, "ret": "<BV32 retval_RegCloseKey_32839_32>"}, {"name": "GetUserDefaultUILanguage", "args": [], "addr_func": "14681912", "addr": 4252391, "ret": 0}, {"name": "EnterCriticalSection", "args": [10853396], "addr_func": "14681784", "addr": 4249902, "ret": "None"}, {"name": "LeaveCriticalSection", "args": [10853396], "addr_func": "14681872", "addr": 4249953, "ret": "None"}, {"name": "IsValidLocale", "args": ["retval_GetUserDefaultUILanguage_32865_32", 2], "addr_func": "14682012", "addr": 4249971, "ret": "<BV32 retval_IsValidLocale_32869_32>"}]}, "6": {"status": "ExcessLoop", "trace": [{"name": "main", "args": ["1c673930e9d5ae603e4f179e47e2ac698491bf119fa3d484cfe4fad343c74652.exe"], "addr": 10655012, "ret": "symbolic", "addr_func": 10655012}, {"name": "GetModuleHandleW", "args": [0], "addr_func": "14681600", "addr": 4265476, "ret": 4194304}, {"name": "SetThreadLocale", "args": [1024], "addr_func": "14682060", "addr": 10633261, "ret": "<BV32 retval_SetThreadLocale_32767_32>"}, {"name": "InitializeCriticalSection", "args": [10853396], "addr_func": "14681836", "addr": 4248449, "ret": "None"}, {"name": "GetVersion", "args": [], "addr_func": "14681692", "addr": 4248463, "ret": 0}, {"name": "GetSystemInfo", "args": [2147417456], "addr_func": "14681864", "addr": 4259780, "ret": "None"}, {"name": "GetCommandLineW", "args": [], "addr_func": "14681868", "addr": 10633362, "ret": 0}, {"name": "GetStartupInfoW", "args": [2147417420], "addr_func": "14681820", "addr": 4215565, "ret": "None"}, {"name": "GetACP", "args": [], "addr_func": "14681500", "addr": 10633382, "ret": 0}, {"name": "GetCurrentThreadId", "args": [], "addr_func": "14681756", "addr": 10633402, "ret": 0}, {"name": "GetVersion", "args": [], "addr_func": "14681692", "addr": 4259796, "ret": 0}, {"name": "GetVersionExW", "args": [2147417232], "addr_func": "14681888", "addr": 4290862, "ret": "<BV32 retval_GetVersionExW_32788_32>"}, {"name": "GetModuleFileNameW", "args": [4194304, "\u5002\ua98d\u00e5", 522], "addr_func": "14681632", "addr": 4247794, "ret": 3}, {"name": "GetModuleFileNameW", "args": [0, "1c673930e9d5ae603e4f179e47e2ac698491bf119fa3d484cfe4fad343c74652.exe", 261], "addr_func": "14681632", "addr": 4252572, "ret": 137}, {"name": "VirtualAlloc", "args": [0, 1310704, 4096, 4], "addr_func": "14681856", "addr": 4291915, "ret": 3223060480}, {"name": "RegOpenKeyExW", "args": [2147483649, "Software\\Embarcadero\\Locales", 0, 983065, 2147408052], "addr_func": "14681396", "addr": 4250822, "ret": "<BV32 retval_RegOpenKeyExW_32798_32>"}, {"name": "RegOpenKeyExW", "args": [2147483650, "Software\\Embarcadero\\Locales", 0, 983065, 2147408052], "addr_func": "14681396", "addr": 4250856, "ret": "<BV32 retval_RegOpenKeyExW_32799_32>"}, {"name": "RegOpenKeyExW", "args": [2147483649, "Software\\CodeGear\\Locales", 0, 983065, 2147408052], "addr_func": "14681396", "addr": 4250886, "ret": "<BV32 retval_RegOpenKeyExW_32806_32>"}, {"name": "GetModuleHandleW", "args": ["kernel32.dll"], "addr_func": "14681600", "addr": 4250225, "ret": 15732776}, {"name": "GetProcAddress", "args": [15732776, "GetLongPathNameW"], "addr_func": "14681876", "addr": 4250242, "ret": 15732792}, {"name": "GetLongPathNameW", "args": ["0c673940e9d5ae803e4f178e47d2ac698481bf019f`3d484cfd4fad343d746420exe", "", 261], "addr_func": "15732792", "addr": 4250269, "ret": "<BV32 retval_GetLongPathNameW_32818_32>"}, {"name": "CharNextW", "args": ["73940e9d5ae803e4f178e47d2ac698481bf019f`3d484cfd4fad343d746420exe"], "addr_func": "14680548", "addr": 4250167, "ret": "<BV32 retval_CharNextW_32834_32>"}, {"name": "FindFirstFileW", "args": ["0c", 2147406880], "addr_func": "14681908", "addr": 4250498, "ret": "<BV32 retval_FindFirstFileW_32845_32>"}, {"name": "RegQueryValueExW", "args": [0, "0c673940e9d5ae803e4f178e47d2ac698481bf019f`3d484cfd4fad343d746420exe", 0, 0, 0, 2147408048], "addr_func": "14681412", "addr": 4251040, "ret": "<BV32 retval_RegQueryValueExW_32850_32>"}, {"name": "RegQueryValueExW", "args": [0, "", 0, 0, 0, 2147408048], "addr_func": "14681412", "addr": 4251119, "ret": "<BV32 retval_RegQueryValueExW_32853_32>"}, {"name": "RegCloseKey", "args": [0], "addr_func": "14681420", "addr": 4251206, "ret": "<BV32 retval_RegCloseKey_32856_32>"}, {"name": "GetUserDefaultUILanguage", "args": [], "addr_func": "14681912", "addr": 4252391, "ret": 0}, {"name": "EnterCriticalSection", "args": [10853396], "addr_func": "14681784", "addr": 4249902, "ret": "None"}, {"name": "LeaveCriticalSection", "args": [10853396], "addr_func": "14681872", "addr": 4249953, "ret": "None"}, {"name": "IsValidLocale", "args": ["retval_GetUserDefaultUILanguage_32870_32", 2], "addr_func": "14682012", "addr": 4249971, "ret": "<BV32 retval_IsValidLocale_32874_32>"}]}, "7": {"status": "ExcessLoop", "trace": [{"name": "main", "args": ["1c673930e9d5ae603e4f179e47e2ac698491bf119fa3d484cfe4fad343c74652.exe"], "addr": 10655012, "ret": "symbolic", "addr_func": 10655012}, {"name": "GetModuleHandleW", "args": [0], "addr_func": "14681600", "addr": 4265476, "ret": 4194304}, {"name": "SetThreadLocale", "args": [1024], "addr_func": "14682060", "addr": 10633261, "ret": "<BV32 retval_SetThreadLocale_32767_32>"}, {"name": "InitializeCriticalSection", "args": [10853396], "addr_func": "14681836", "addr": 4248449, "ret": "None"}, {"name": "GetVersion", "args": [], "addr_func": "14681692", "addr": 4248463, "ret": 0}, {"name": "GetSystemInfo", "args": [2147417456], "addr_func": "14681864", "addr": 4259780, "ret": "None"}, {"name": "GetCommandLineW", "args": [], "addr_func": "14681868", "addr": 10633362, "ret": 0}, {"name": "GetStartupInfoW", "args": [2147417420], "addr_func": "14681820", "addr": 4215565, "ret": "None"}, {"name": "GetACP", "args": [], "addr_func": "14681500", "addr": 10633382, "ret": 0}, {"name": "GetCurrentThreadId", "args": [], "addr_func": "14681756", "addr": 10633402, "ret": 0}, {"name": "GetVersion", "args": [], "addr_func": "14681692", "addr": 4259796, "ret": 0}, {"name": "GetVersionExW", "args": [2147417232], "addr_func": "14681888", "addr": 4290862, "ret": "<BV32 retval_GetVersionExW_32788_32>"}, {"name": "GetModuleFileNameW", "args": [4194304, "\u5002\ua98d\u00e5", 522], "addr_func": "14681632", "addr": 4247794, "ret": 3}, {"name": "GetModuleFileNameW", "args": [0, "1c673930e9d5ae603e4f179e47e2ac698491bf119fa3d484cfe4fad343c74652.exe", 261], "addr_func": "14681632", "addr": 4252572, "ret": 137}, {"name": "VirtualAlloc", "args": [0, 1310704, 4096, 4], "addr_func": "14681856", "addr": 4291915, "ret": 3223060480}, {"name": "RegOpenKeyExW", "args": [2147483649, "Software\\Embarcadero\\Locales", 0, 983065, 2147408052], "addr_func": "14681396", "addr": 4250822, "ret": "<BV32 retval_RegOpenKeyExW_32798_32>"}, {"name": "RegOpenKeyExW", "args": [2147483650, "Software\\Embarcadero\\Locales", 0, 983065, 2147408052], "addr_func": "14681396", "addr": 4250856, "ret": "<BV32 retval_RegOpenKeyExW_32799_32>"}, {"name": "RegOpenKeyExW", "args": [2147483649, "Software\\CodeGear\\Locales", 0, 983065, 2147408052], "addr_func": "14681396", "addr": 4250886, "ret": "<BV32 retval_RegOpenKeyExW_32806_32>"}, {"name": "GetModuleHandleW", "args": ["kernel32.dll"], "addr_func": "14681600", "addr": 4250225, "ret": 15732776}, {"name": "GetProcAddress", "args": [15732776, "GetLongPathNameW"], "addr_func": "14681876", "addr": 4250242, "ret": 15732792}, {"name": "GetLongPathNameW", "args": ["0c673940e9d5ae803e4f178e47d2ac698481bf019f`3d484cfd4fad343d746420exe", "", 261], "addr_func": "15732792", "addr": 4250269, "ret": "<BV32 retval_GetLongPathNameW_32818_32>"}, {"name": "CharNextW", "args": ["73940e9d5ae803e4f178e47d2ac698481bf019f`3d484cfd4fad343d746420exe"], "addr_func": "14680548", "addr": 4250167, "ret": "<BV32 retval_CharNextW_32834_32>"}, {"name": "FindFirstFileW", "args": ["0c", 2147406880], "addr_func": "14681908", "addr": 4250498, "ret": "<BV32 retval_FindFirstFileW_32845_32>"}, {"name": "RegQueryValueExW", "args": [0, "0c673940e9d5ae803e4f178e47d2ac698481bf019f`3d484cfd4fad343d746420exe", 0, 0, 0, 2147408048], "addr_func": "14681412", "addr": 4251040, "ret": "<BV32 retval_RegQueryValueExW_32850_32>"}, {"name": "RegQueryValueExW", "args": [0, "0c673940e9d5ae803e4f178e47d2ac698481bf019f`3d484cfd4fad343d746420exe", 0, 0, 0, 2147408048], "addr_func": "14681412", "addr": 4251083, "ret": "<BV32 retval_RegQueryValueExW_32854_32>"}, {"name": "RegCloseKey", "args": [0], "addr_func": "14681420", "addr": 4251206, "ret": "<BV32 retval_RegCloseKey_32864_32>"}, {"name": "GetUserDefaultUILanguage", "args": [], "addr_func": "14681912", "addr": 4252391, "ret": 0}, {"name": "EnterCriticalSection", "args": [10853396], "addr_func": "14681784", "addr": 4249902, "ret": "None"}, {"name": "LeaveCriticalSection", "args": [10853396], "addr_func": "14681872", "addr": 4249953, "ret": "None"}, {"name": "IsValidLocale", "args": ["retval_GetUserDefaultUILanguage_32873_32", 2], "addr_func": "14682012", "addr": 4249971, "ret": "<BV32 retval_IsValidLocale_32879_32>"}]}, "8": {"status": "ExcessLoop", "trace": [{"name": "main", "args": ["1c673930e9d5ae603e4f179e47e2ac698491bf119fa3d484cfe4fad343c74652.exe"], "addr": 10655012, "ret": "symbolic", "addr_func": 10655012}, {"name": "GetModuleHandleW", "args": [0], "addr_func": "14681600", "addr": 4265476, "ret": 4194304}, {"name": "SetThreadLocale", "args": [1024], "addr_func": "14682060", "addr": 10633261, "ret": "<BV32 retval_SetThreadLocale_32767_32>"}, {"name": "InitializeCriticalSection", "args": [10853396], "addr_func": "14681836", "addr": 4248449, "ret": "None"}, {"name": "GetVersion", "args": [], "addr_func": "14681692", "addr": 4248463, "ret": 0}, {"name": "GetSystemInfo", "args": [2147417456], "addr_func": "14681864", "addr": 4259780, "ret": "None"}, {"name": "GetCommandLineW", "args": [], "addr_func": "14681868", "addr": 10633362, "ret": 0}, {"name": "GetStartupInfoW", "args": [2147417420], "addr_func": "14681820", "addr": 4215565, "ret": "None"}, {"name": "GetACP", "args": [], "addr_func": "14681500", "addr": 10633382, "ret": 0}, {"name": "GetCurrentThreadId", "args": [], "addr_func": "14681756", "addr": 10633402, "ret": 0}, {"name": "GetVersion", "args": [], "addr_func": "14681692", "addr": 4259796, "ret": 0}, {"name": "GetVersionExW", "args": [2147417232], "addr_func": "14681888", "addr": 4290862, "ret": "<BV32 retval_GetVersionExW_32788_32>"}, {"name": "GetModuleFileNameW", "args": [4194304, "\u5002\ua98d\u00e5", 522], "addr_func": "14681632", "addr": 4247794, "ret": 3}, {"name": "GetModuleFileNameW", "args": [0, "1c673930e9d5ae603e4f179e47e2ac698491bf119fa3d484cfe4fad343c74652.exe", 261], "addr_func": "14681632", "addr": 4252572, "ret": 137}, {"name": "VirtualAlloc", "args": [0, 1310704, 4096, 4], "addr_func": "14681856", "addr": 4291915, "ret": 3223060480}, {"name": "RegOpenKeyExW", "args": [2147483649, "Software\\Embarcadero\\Locales", 0, 983065, 2147408052], "addr_func": "14681396", "addr": 4250822, "ret": "<BV32 retval_RegOpenKeyExW_32798_32>"}, {"name": "RegOpenKeyExW", "args": [2147483650, "Software\\Embarcadero\\Locales", 0, 983065, 2147408052], "addr_func": "14681396", "addr": 4250856, "ret": "<BV32 retval_RegOpenKeyExW_32799_32>"}, {"name": "RegOpenKeyExW", "args": [2147483649, "Software\\CodeGear\\Locales", 0, 983065, 2147408052], "addr_func": "14681396", "addr": 4250886, "ret": "<BV32 retval_RegOpenKeyExW_32806_32>"}, {"name": "GetModuleHandleW", "args": ["kernel32.dll"], "addr_func": "14681600", "addr": 4250225, "ret": 15732776}, {"name": "GetProcAddress", "args": [15732776, "GetLongPathNameW"], "addr_func": "14681876", "addr": 4250242, "ret": 15732792}, {"name": "GetLongPathNameW", "args": ["0c673940e9d5ae803e4f178e47d2ac698481bf019f`3d484cfd4fad343d746420exe", "", 261], "addr_func": "15732792", "addr": 4250269, "ret": "<BV32 retval_GetLongPathNameW_32818_32>"}, {"name": "CharNextW", "args": ["73940e9d5ae803e4f178e47d2ac698481bf019f`3d484cfd4fad343d746420exe"], "addr_func": "14680548", "addr": 4250167, "ret": "<BV32 retval_CharNextW_32834_32>"}, {"name": "FindFirstFileW", "args": ["0c", 2147406880], "addr_func": "14681908", "addr": 4250498, "ret": "<BV32 retval_FindFirstFileW_32845_32>"}, {"name": "RegQueryValueExW", "args": [0, "0c673940e9d5ae803e4f178e47d2ac698481bf019f`3d484cfd4fad343d746420exe", 0, 0, 0, 2147408048], "addr_func": "14681412", "addr": 4251040, "ret": "<BV32 retval_RegQueryValueExW_32850_32>"}, {"name": "RegQueryValueExW", "args": [0, "0c673940e9d5ae803e4f178e47d2ac698481bf019f`3d484cfd4fad343d746420exe", 0, 0, 0, 2147408048], "addr_func": "14681412", "addr": 4251083, "ret": "<BV32 retval_RegQueryValueExW_32854_32>"}, {"name": "RegCloseKey", "args": [0], "addr_func": "14681420", "addr": 4251206, "ret": "<BV32 retval_RegCloseKey_32864_32>"}, {"name": "GetUserDefaultUILanguage", "args": [], "addr_func": "14681912", "addr": 4252391, "ret": 0}, {"name": "EnterCriticalSection", "args": [10853396], "addr_func": "14681784", "addr": 4249902, "ret": "None"}, {"name": "LeaveCriticalSection", "args": [10853396], "addr_func": "14681872", "addr": 4249953, "ret": "None"}, {"name": "IsValidLocale", "args": ["retval_GetUserDefaultUILanguage_32873_32", 2], "addr_func": "14682012", "addr": 4249971, "ret": "<BV32 retval_IsValidLocale_32879_32>"}, {"name": "MultiByteToWideChar", "args": ["retval_GetACP_32773_32", 0, 4247960, 10, "", 2047], "addr_func": "14681948", "addr": 4259763, "ret": "<BV32 retval_MultiByteToWideChar_32897_32>"}, {"name": "MultiByteToWideChar", "args": ["retval_GetACP_32773_32", 0, 4247960, 10, "", 11], "addr_func": "14681948", "addr": 4259763, "ret": "<BV32 retval_MultiByteToWideChar_32921_32>"}, {"name": "IsValidLocale", "args": ["retval_GetUserDefaultUILanguage_32873_32", 2], "addr_func": "14682012", "addr": 4249250, "ret": "<BV32 retval_IsValidLocale_32926_32>"}, {"name": "GetSystemDefaultUILanguage", "args": [], "addr_func": "14682028", "addr": 4250009, "ret": 0}, {"name": "GetSystemDefaultUILanguage", "args": [], "addr_func": "14682028", "addr": 4250036, "ret": 0}]}, "9": {"status": "ExcessLoop", "trace": [{"name": "main", "args": ["1c673930e9d5ae603e4f179e47e2ac698491bf119fa3d484cfe4fad343c74652.exe"], "addr": 10655012, "ret": "symbolic", "addr_func": 10655012}, {"name": "GetModuleHandleW", "args": [0], "addr_func": "14681600", "addr": 4265476, "ret": 4194304}, {"name": "SetThreadLocale", "args": [1024], "addr_func": "14682060", "addr": 10633261, "ret": "<BV32 retval_SetThreadLocale_32767_32>"}, {"name": "InitializeCriticalSection", "args": [10853396], "addr_func": "14681836", "addr": 4248449, "ret": "None"}, {"name": "GetVersion", "args": [], "addr_func": "14681692", "addr": 4248463, "ret": 0}, {"name": "GetSystemInfo", "args": [2147417456], "addr_func": "14681864", "addr": 4259780, "ret": "None"}, {"name": "GetCommandLineW", "args": [], "addr_func": "14681868", "addr": 10633362, "ret": 0}, {"name": "GetStartupInfoW", "args": [2147417420], "addr_func": "14681820", "addr": 4215565, "ret": "None"}, {"name": "GetACP", "args": [], "addr_func": "14681500", "addr": 10633382, "ret": 0}, {"name": "GetCurrentThreadId", "args": [], "addr_func": "14681756", "addr": 10633402, "ret": 0}, {"name": "GetVersion", "args": [], "addr_func": "14681692", "addr": 4259796, "ret": 0}, {"name": "GetVersionExW", "args": [2147417232], "addr_func": "14681888", "addr": 4290862, "ret": "<BV32 retval_GetVersionExW_32788_32>"}, {"name": "GetModuleFileNameW", "args": [4194304, "\u5002\ua98d\u00e5", 522], "addr_func": "14681632", "addr": 4247794, "ret": 3}, {"name": "GetModuleFileNameW", "args": [0, "1c673930e9d5ae603e4f179e47e2ac698491bf119fa3d484cfe4fad343c74652.exe", 261], "addr_func": "14681632", "addr": 4252572, "ret": 137}, {"name": "VirtualAlloc", "args": [0, 1310704, 4096, 4], "addr_func": "14681856", "addr": 4291915, "ret": 3223060480}, {"name": "RegOpenKeyExW", "args": [2147483649, "Software\\Embarcadero\\Locales", 0, 983065, 2147408052], "addr_func": "14681396", "addr": 4250822, "ret": "<BV32 retval_RegOpenKeyExW_32798_32>"}, {"name": "RegOpenKeyExW", "args": [2147483650, "Software\\Embarcadero\\Locales", 0, 983065, 2147408052], "addr_func": "14681396", "addr": 4250856, "ret": "<BV32 retval_RegOpenKeyExW_32799_32>"}, {"name": "RegOpenKeyExW", "args": [2147483649, "Software\\CodeGear\\Locales", 0, 983065, 2147408052], "addr_func": "14681396", "addr": 4250886, "ret": "<BV32 retval_RegOpenKeyExW_32806_32>"}, {"name": "GetModuleHandleW", "args": ["kernel32.dll"], "addr_func": "14681600", "addr": 4250225, "ret": 15732776}, {"name": "GetProcAddress", "args": [15732776, "GetLongPathNameW"], "addr_func": "14681876", "addr": 4250242, "ret": 15732792}, {"name": "GetLongPathNameW", "args": ["0c673940e9d5ae803e4f178e47d2ac698481bf019f`3d484cfd4fad343d746420exe", "", 261], "addr_func": "15732792", "addr": 4250269, "ret": "<BV32 retval_GetLongPathNameW_32818_32>"}, {"name": "CharNextW", "args": ["73940e9d5ae803e4f178e47d2ac698481bf019f`3d484cfd4fad343d746420exe"], "addr_func": "14680548", "addr": 4250167, "ret": "<BV32 retval_CharNextW_32834_32>"}, {"name": "FindFirstFileW", "args": ["0c", 2147406880], "addr_func": "14681908", "addr": 4250498, "ret": "<BV32 retval_FindFirstFileW_32845_32>"}, {"name": "RegQueryValueExW", "args": [0, "0c673940e9d5ae803e4f178e47d2ac698481bf019f`3d484cfd4fad343d746420exe", 0, 0, 0, 2147408048], "addr_func": "14681412", "addr": 4251040, "ret": "<BV32 retval_RegQueryValueExW_32850_32>"}, {"name": "RegQueryValueExW", "args": [0, "0c673940e9d5ae803e4f178e47d2ac698481bf019f`3d484cfd4fad343d746420exe", 0, 0, 0, 2147408048], "addr_func": "14681412", "addr": 4251083, "ret": "<BV32 retval_RegQueryValueExW_32854_32>"}, {"name": "RegCloseKey", "args": [0], "addr_func": "14681420", "addr": 4251206, "ret": "<BV32 retval_RegCloseKey_32864_32>"}, {"name": "GetUserDefaultUILanguage", "args": [], "addr_func": "14681912", "addr": 4252391, "ret": 0}, {"name": "EnterCriticalSection", "args": [10853396], "addr_func": "14681784", "addr": 4249902, "ret": "None"}, {"name": "LeaveCriticalSection", "args": [10853396], "addr_func": "14681872", "addr": 4249953, "ret": "None"}, {"name": "IsValidLocale", "args": ["retval_GetUserDefaultUILanguage_32873_32", 2], "addr_func": "14682012", "addr": 4249971, "ret": "<BV32 retval_IsValidLocale_32879_32>"}, {"name": "MultiByteToWideChar", "args": ["retval_GetACP_32773_32", 0, 4247960, 10, "", 2047], "addr_func": "14681948", "addr": 4259763, "ret": "<BV32 retval_MultiByteToWideChar_32897_32>"}, {"name": "MultiByteToWideChar", "args": ["retval_GetACP_32773_32", 0, 4247960, 10, "", 11], "addr_func": "14681948", "addr": 4259763, "ret": "<BV32 retval_MultiByteToWideChar_32921_32>"}, {"name": "IsValidLocale", "args": ["retval_GetUserDefaultUILanguage_32873_32", 2], "addr_func": "14682012", "addr": 4249250, "ret": "<BV32 retval_IsValidLocale_32926_32>"}, {"name": "GetSystemDefaultUILanguage", "args": [], "addr_func": "14682028", "addr": 4250009, "ret": 0}, {"name": "EnterCriticalSection", "args": [10853396], "addr_func": "14681784", "addr": 4250064, "ret": "None"}, {"name": "LeaveCriticalSection", "args": [10853396], "addr_func": "14681872", "addr": 4250105, "ret": "None"}, {"name": "GetSystemDefaultUILanguage", "args": [], "addr_func": "14682028", "addr": 4252431, "ret": 0}, {"name": "EnterCriticalSection", "args": [10853396], "addr_func": "14681784", "addr": 4249902, "ret": "None"}, {"name": "LeaveCriticalSection", "args": [10853396], "addr_func": "14681872", "addr": 4249953, "ret": "None"}, {"name": "IsValidLocale", "args": ["retval_GetSystemDefaultUILanguage_32941_32", 2], "addr_func": "14682012", "addr": 4249971, "ret": "<BV32 retval_IsValidLocale_32942_32>"}]}, "10": {"status": "ExcessLoop", "trace": [{"name": "main", "args": ["1c673930e9d5ae603e4f179e47e2ac698491bf119fa3d484cfe4fad343c74652.exe"], "addr": 10655012, "ret": "symbolic", "addr_func": 10655012}, {"name": "GetModuleHandleW", "args": [0], "addr_func": "14681600", "addr": 4265476, "ret": 4194304}, {"name": "SetThreadLocale", "args": [1024], "addr_func": "14682060", "addr": 10633261, "ret": "<BV32 retval_SetThreadLocale_32767_32>"}, {"name": "InitializeCriticalSection", "args": [10853396], "addr_func": "14681836", "addr": 4248449, "ret": "None"}, {"name": "GetVersion", "args": [], "addr_func": "14681692", "addr": 4248463, "ret": 0}, {"name": "GetSystemInfo", "args": [2147417456], "addr_func": "14681864", "addr": 4259780, "ret": "None"}, {"name": "GetCommandLineW", "args": [], "addr_func": "14681868", "addr": 10633362, "ret": 0}, {"name": "GetStartupInfoW", "args": [2147417420], "addr_func": "14681820", "addr": 4215565, "ret": "None"}, {"name": "GetACP", "args": [], "addr_func": "14681500", "addr": 10633382, "ret": 0}, {"name": "GetCurrentThreadId", "args": [], "addr_func": "14681756", "addr": 10633402, "ret": 0}, {"name": "GetVersion", "args": [], "addr_func": "14681692", "addr": 4259796, "ret": 0}, {"name": "GetVersionExW", "args": [2147417232], "addr_func": "14681888", "addr": 4290862, "ret": "<BV32 retval_GetVersionExW_32788_32>"}, {"name": "GetModuleFileNameW", "args": [4194304, "\u5002\ua98d\u00e5", 522], "addr_func": "14681632", "addr": 4247794, "ret": 3}, {"name": "GetModuleFileNameW", "args": [0, "1c673930e9d5ae603e4f179e47e2ac698491bf119fa3d484cfe4fad343c74652.exe", 261], "addr_func": "14681632", "addr": 4252572, "ret": 137}, {"name": "VirtualAlloc", "args": [0, 1310704, 4096, 4], "addr_func": "14681856", "addr": 4291915, "ret": 3223060480}, {"name": "RegOpenKeyExW", "args": [2147483649, "Software\\Embarcadero\\Locales", 0, 983065, 2147408052], "addr_func": "14681396", "addr": 4250822, "ret": "<BV32 retval_RegOpenKeyExW_32798_32>"}, {"name": "RegOpenKeyExW", "args": [2147483650, "Software\\Embarcadero\\Locales", 0, 983065, 2147408052], "addr_func": "14681396", "addr": 4250856, "ret": "<BV32 retval_RegOpenKeyExW_32799_32>"}, {"name": "RegOpenKeyExW", "args": [2147483649, "Software\\CodeGear\\Locales", 0, 983065, 2147408052], "addr_func": "14681396", "addr": 4250886, "ret": "<BV32 retval_RegOpenKeyExW_32806_32>"}, {"name": "GetModuleHandleW", "args": ["kernel32.dll"], "addr_func": "14681600", "addr": 4250225, "ret": 15732776}, {"name": "GetProcAddress", "args": [15732776, "GetLongPathNameW"], "addr_func": "14681876", "addr": 4250242, "ret": 15732792}, {"name": "GetLongPathNameW", "args": ["0c673940e9d5ae803e4f178e47d2ac698481bf019f`3d484cfd4fad343d746420exe", "", 261], "addr_func": "15732792", "addr": 4250269, "ret": "<BV32 retval_GetLongPathNameW_32818_32>"}, {"name": "CharNextW", "args": ["73940e9d5ae803e4f178e47d2ac698481bf019f`3d484cfd4fad343d746420exe"], "addr_func": "14680548", "addr": 4250167, "ret": "<BV32 retval_CharNextW_32834_32>"}, {"name": "FindFirstFileW", "args": ["0c", 2147406880], "addr_func": "14681908", "addr": 4250498, "ret": "<BV32 retval_FindFirstFileW_32845_32>"}, {"name": "RegQueryValueExW", "args": [0, "0c673940e9d5ae803e4f178e47d2ac698481bf019f`3d484cfd4fad343d746420exe", 0, 0, 0, 2147408048], "addr_func": "14681412", "addr": 4251040, "ret": "<BV32 retval_RegQueryValueExW_32850_32>"}, {"name": "RegQueryValueExW", "args": [0, "0c673940e9d5ae803e4f178e47d2ac698481bf019f`3d484cfd4fad343d746420exe", 0, 0, 0, 2147408048], "addr_func": "14681412", "addr": 4251083, "ret": "<BV32 retval_RegQueryValueExW_32854_32>"}, {"name": "RegCloseKey", "args": [0], "addr_func": "14681420", "addr": 4251206, "ret": "<BV32 retval_RegCloseKey_32864_32>"}, {"name": "GetUserDefaultUILanguage", "args": [], "addr_func": "14681912", "addr": 4252391, "ret": 0}, {"name": "EnterCriticalSection", "args": [10853396], "addr_func": "14681784", "addr": 4249902, "ret": "None"}, {"name": "LeaveCriticalSection", "args": [10853396], "addr_func": "14681872", "addr": 4249953, "ret": "None"}, {"name": "IsValidLocale", "args": ["retval_GetUserDefaultUILanguage_32873_32", 2], "addr_func": "14682012", "addr": 4249971, "ret": "<BV32 retval_IsValidLocale_32879_32>"}, {"name": "MultiByteToWideChar", "args": ["retval_GetACP_32773_32", 0, 4247960, 10, "", 2047], "addr_func": "14681948", "addr": 4259763, "ret": "<BV32 retval_MultiByteToWideChar_32897_32>"}, {"name": "MultiByteToWideChar", "args": ["retval_GetACP_32773_32", 0, 4247960, 10, "", 11], "addr_func": "14681948", "addr": 4259763, "ret": "<BV32 retval_MultiByteToWideChar_32921_32>"}, {"name": "IsValidLocale", "args": ["retval_GetUserDefaultUILanguage_32873_32", 2], "addr_func": "14682012", "addr": 4249250, "ret": "<BV32 retval_IsValidLocale_32926_32>"}, {"name": "GetSystemDefaultUILanguage", "args": [], "addr_func": "14682028", "addr": 4250009, "ret": 0}, {"name": "EnterCriticalSection", "args": [10853396], "addr_func": "14681784", "addr": 4250064, "ret": "None"}, {"name": "LeaveCriticalSection", "args": [10853396], "addr_func": "14681872", "addr": 4250105, "ret": "None"}, {"name": "GetSystemDefaultUILanguage", "args": [], "addr_func": "14682028", "addr": 4252431, "ret": 0}, {"name": "EnterCriticalSection", "args": [10853396], "addr_func": "14681784", "addr": 4249902, "ret": "None"}, {"name": "LeaveCriticalSection", "args": [10853396], "addr_func": "14681872", "addr": 4249953, "ret": "None"}, {"name": "IsValidLocale", "args": ["retval_GetSystemDefaultUILanguage_32941_32", 2], "addr_func": "14682012", "addr": 4249971, "ret": "<BV32 retval_IsValidLocale_32942_32>"}, {"name": "IsValidLocale", "args": ["retval_GetSystemDefaultUILanguage_32941_32", 2], "addr_func": "14682012", "addr": 4249250, "ret": "<BV32 retval_IsValidLocale_32943_32>"}, {"name": "GetSystemDefaultUILanguage", "args": [], "addr_func": "14682028", "addr": 4250009, "ret": 0}, {"name": "GetSystemDefaultUILanguage", "args": [], "addr_func": "14682028", "addr": 4250036, "ret": 0}]}, "11": {"status": "ExcessLoop", "trace": [{"name": "main", "args": ["1c673930e9d5ae603e4f179e47e2ac698491bf119fa3d484cfe4fad343c74652.exe"], "addr": 10655012, "ret": "symbolic", "addr_func": 10655012}, {"name": "GetModuleHandleW", "args": [0], "addr_func": "14681600", "addr": 4265476, "ret": 4194304}, {"name": "SetThreadLocale", "args": [1024], "addr_func": "14682060", "addr": 10633261, "ret": "<BV32 retval_SetThreadLocale_32767_32>"}, {"name": "InitializeCriticalSection", "args": [10853396], "addr_func": "14681836", "addr": 4248449, "ret": "None"}, {"name": "GetVersion", "args": [], "addr_func": "14681692", "addr": 4248463, "ret": 0}, {"name": "GetSystemInfo", "args": [2147417456], "addr_func": "14681864", "addr": 4259780, "ret": "None"}, {"name": "GetCommandLineW", "args": [], "addr_func": "14681868", "addr": 10633362, "ret": 0}, {"name": "GetStartupInfoW", "args": [2147417420], "addr_func": "14681820", "addr": 4215565, "ret": "None"}, {"name": "GetACP", "args": [], "addr_func": "14681500", "addr": 10633382, "ret": 0}, {"name": "GetCurrentThreadId", "args": [], "addr_func": "14681756", "addr": 10633402, "ret": 0}, {"name": "GetVersion", "args": [], "addr_func": "14681692", "addr": 4259796, "ret": 0}, {"name": "GetVersionExW", "args": [2147417232], "addr_func": "14681888", "addr": 4290862, "ret": "<BV32 retval_GetVersionExW_32788_32>"}, {"name": "GetModuleFileNameW", "args": [4194304, "\u5002\ua98d\u00e5", 522], "addr_func": "14681632", "addr": 4247794, "ret": 3}, {"name": "GetModuleFileNameW", "args": [0, "1c673930e9d5ae603e4f179e47e2ac698491bf119fa3d484cfe4fad343c74652.exe", 261], "addr_func": "14681632", "addr": 4252572, "ret": 137}, {"name": "VirtualAlloc", "args": [0, 1310704, 4096, 4], "addr_func": "14681856", "addr": 4291915, "ret": 3223060480}, {"name": "RegOpenKeyExW", "args": [2147483649, "Software\\Embarcadero\\Locales", 0, 983065, 2147408052], "addr_func": "14681396", "addr": 4250822, "ret": "<BV32 retval_RegOpenKeyExW_32798_32>"}, {"name": "RegOpenKeyExW", "args": [2147483650, "Software\\Embarcadero\\Locales", 0, 983065, 2147408052], "addr_func": "14681396", "addr": 4250856, "ret": "<BV32 retval_RegOpenKeyExW_32799_32>"}, {"name": "RegOpenKeyExW", "args": [2147483649, "Software\\CodeGear\\Locales", 0, 983065, 2147408052], "addr_func": "14681396", "addr": 4250886, "ret": "<BV32 retval_RegOpenKeyExW_32806_32>"}, {"name": "GetModuleHandleW", "args": ["kernel32.dll"], "addr_func": "14681600", "addr": 4250225, "ret": 15732776}, {"name": "GetProcAddress", "args": [15732776, "GetLongPathNameW"], "addr_func": "14681876", "addr": 4250242, "ret": 15732792}, {"name": "GetLongPathNameW", "args": ["0c673940e9d5ae803e4f178e47d2ac698481bf019f`3d484cfd4fad343d746420exe", "", 261], "addr_func": "15732792", "addr": 4250269, "ret": "<BV32 retval_GetLongPathNameW_32818_32>"}, {"name": "CharNextW", "args": ["73940e9d5ae803e4f178e47d2ac698481bf019f`3d484cfd4fad343d746420exe"], "addr_func": "14680548", "addr": 4250167, "ret": "<BV32 retval_CharNextW_32834_32>"}, {"name": "FindFirstFileW", "args": ["0c", 2147406880], "addr_func": "14681908", "addr": 4250498, "ret": "<BV32 retval_FindFirstFileW_32845_32>"}, {"name": "RegQueryValueExW", "args": [0, "0c673940e9d5ae803e4f178e47d2ac698481bf019f`3d484cfd4fad343d746420exe", 0, 0, 0, 2147408048], "addr_func": "14681412", "addr": 4251040, "ret": "<BV32 retval_RegQueryValueExW_32850_32>"}, {"name": "RegQueryValueExW", "args": [0, "0c673940e9d5ae803e4f178e47d2ac698481bf019f`3d484cfd4fad343d746420exe", 0, 0, 0, 2147408048], "addr_func": "14681412", "addr": 4251083, "ret": "<BV32 retval_RegQueryValueExW_32854_32>"}, {"name": "RegCloseKey", "args": [0], "addr_func": "14681420", "addr": 4251206, "ret": "<BV32 retval_RegCloseKey_32864_32>"}, {"name": "GetUserDefaultUILanguage", "args": [], "addr_func": "14681912", "addr": 4252391, "ret": 0}, {"name": "EnterCriticalSection", "args": [10853396], "addr_func": "14681784", "addr": 4249902, "ret": "None"}, {"name": "LeaveCriticalSection", "args": [10853396], "addr_func": "14681872", "addr": 4249953, "ret": "None"}, {"name": "IsValidLocale", "args": ["retval_GetUserDefaultUILanguage_32873_32", 2], "addr_func": "14682012", "addr": 4249971, "ret": "<BV32 retval_IsValidLocale_32879_32>"}, {"name": "MultiByteToWideChar", "args": ["retval_GetACP_32773_32", 0, 4247960, 10, "", 2047], "addr_func": "14681948", "addr": 4259763, "ret": "<BV32 retval_MultiByteToWideChar_32897_32>"}, {"name": "MultiByteToWideChar", "args": ["retval_GetACP_32773_32", 0, 4247960, 10, "", 11], "addr_func": "14681948", "addr": 4259763, "ret": "<BV32 retval_MultiByteToWideChar_32921_32>"}, {"name": "IsValidLocale", "args": ["retval_GetUserDefaultUILanguage_32873_32", 2], "addr_func": "14682012", "addr": 4249250, "ret": "<BV32 retval_IsValidLocale_32926_32>"}, {"name": "GetSystemDefaultUILanguage", "args": [], "addr_func": "14682028", "addr": 4250009, "ret": 0}, {"name": "EnterCriticalSection", "args": [10853396], "addr_func": "14681784", "addr": 4250064, "ret": "None"}, {"name": "LeaveCriticalSection", "args": [10853396], "addr_func": "14681872", "addr": 4250105, "ret": "None"}, {"name": "GetSystemDefaultUILanguage", "args": [], "addr_func": "14682028", "addr": 4252431, "ret": 0}, {"name": "EnterCriticalSection", "args": [10853396], "addr_func": "14681784", "addr": 4249902, "ret": "None"}, {"name": "LeaveCriticalSection", "args": [10853396], "addr_func": "14681872", "addr": 4249953, "ret": "None"}, {"name": "IsValidLocale", "args": ["retval_GetSystemDefaultUILanguage_32941_32", 2], "addr_func": "14682012", "addr": 4249971, "ret": "<BV32 retval_IsValidLocale_32942_32>"}, {"name": "IsValidLocale", "args": ["retval_GetSystemDefaultUILanguage_32941_32", 2], "addr_func": "14682012", "addr": 4249250, "ret": "<BV32 retval_IsValidLocale_32943_32>"}, {"name": "GetSystemDefaultUILanguage", "args": [], "addr_func": "14682028", "addr": 4250009, "ret": 0}, {"name": "GetSystemDefaultUILanguage", "args": [], "addr_func": "14682028", "addr": 4250036, "ret": 0}, {"name": "IsValidLocale", "args": ["retval_GetSystemDefaultUILanguage_32947_32", 2], "addr_func": "14682012", "addr": 4249250, "ret": "<BV32 retval_IsValidLocale_32948_32>"}, {"name": "EnterCriticalSection", "args": [10853396], "addr_func": "14681784", "addr": 4250064, "ret": "None"}, {"name": "LeaveCriticalSection", "args": [10853396], "addr_func": "14681872", "addr": 4250105, "ret": "None"}, {"name": "GetUserDefaultUILanguage", "args": [], "addr_func": "14681912", "addr": 4252066, "ret": 0}, {"name": "GetLocaleInfoW", "args": ["retval_GetUserDefaultUILanguage_32957_32", 3, "\udb44\u7ffe", 4], "addr_func": "14681964", "addr": 4252075, "ret": "<BV32 retval_GetLocaleInfoW_32958_32>"}, {"name": "FindFirstFileW", "args": ["\u5002\ua98d\u00e5\udb44\u7ffe", 2147407456], "addr_func": "14681908", "addr": 4251731, "ret": "<BV32 retval_FindFirstFileW_32966_32>"}, {"name": "FindClose", "args": ["retval_FindFirstFileW_32966_32"], "addr_func": "14681944", "addr": 4251747, "ret": "<BV32 retval_FindClose_32967_32>"}, {"name": "LoadLibraryExW", "args": ["\u5002\ua98d\u00e5\udb44\u7ffe", 0, 2], "addr_func": "14681744", "addr": 4252653, "ret": 15732800}, {"name": "LoadStringW", "args": [15732800, 65462, "", 4096], "addr_func": "14680656", "addr": 4259665, "ret": "<BV32 retval_LoadStringW_32978_32>"}, {"name": "LoadStringW", "args": [15732800, 65461, "", 4096], "addr_func": "14680656", "addr": 4259665, "ret": "<BV32 retval_LoadStringW_32979_32>"}, {"name": "LoadStringW", "args": [15732800, 65460, "", 4096], "addr_func": "14680656", "addr": 4259665, "ret": "<BV32 retval_LoadStringW_32983_32>"}, {"name": "LoadStringW", "args": [15732800, 65459, "", 4096], "addr_func": "14680656", "addr": 4259665, "ret": "<BV32 retval_LoadStringW_32989_32>"}]}, "12": {"status": "ExcessLoop", "trace": [{"name": "main", "args": ["1c673930e9d5ae603e4f179e47e2ac698491bf119fa3d484cfe4fad343c74652.exe"], "addr": 10655012, "ret": "symbolic", "addr_func": 10655012}, {"name": "GetModuleHandleW", "args": [0], "addr_func": "14681600", "addr": 4265476, "ret": 4194304}, {"name": "SetThreadLocale", "args": [1024], "addr_func": "14682060", "addr": 10633261, "ret": "<BV32 retval_SetThreadLocale_32767_32>"}, {"name": "InitializeCriticalSection", "args": [10853396], "addr_func": "14681836", "addr": 4248449, "ret": "None"}, {"name": "GetVersion", "args": [], "addr_func": "14681692", "addr": 4248463, "ret": 0}, {"name": "GetSystemInfo", "args": [2147417456], "addr_func": "14681864", "addr": 4259780, "ret": "None"}, {"name": "GetCommandLineW", "args": [], "addr_func": "14681868", "addr": 10633362, "ret": 0}, {"name": "GetStartupInfoW", "args": [2147417420], "addr_func": "14681820", "addr": 4215565, "ret": "None"}, {"name": "GetACP", "args": [], "addr_func": "14681500", "addr": 10633382, "ret": 0}, {"name": "GetCurrentThreadId", "args": [], "addr_func": "14681756", "addr": 10633402, "ret": 0}, {"name": "GetVersion", "args": [], "addr_func": "14681692", "addr": 4259796, "ret": 0}, {"name": "GetVersionExW", "args": [2147417232], "addr_func": "14681888", "addr": 4290862, "ret": "<BV32 retval_GetVersionExW_32788_32>"}, {"name": "GetModuleFileNameW", "args": [4194304, "\u5002\ua98d\u00e5", 522], "addr_func": "14681632", "addr": 4247794, "ret": 3}, {"name": "GetModuleFileNameW", "args": [0, "1c673930e9d5ae603e4f179e47e2ac698491bf119fa3d484cfe4fad343c74652.exe", 261], "addr_func": "14681632", "addr": 4252572, "ret": 137}, {"name": "VirtualAlloc", "args": [0, 1310704, 4096, 4], "addr_func": "14681856", "addr": 4291915, "ret": 3223060480}, {"name": "RegOpenKeyExW", "args": [2147483649, "Software\\Embarcadero\\Locales", 0, 983065, 2147408052], "addr_func": "14681396", "addr": 4250822, "ret": "<BV32 retval_RegOpenKeyExW_32798_32>"}, {"name": "RegOpenKeyExW", "args": [2147483650, "Software\\Embarcadero\\Locales", 0, 983065, 2147408052], "addr_func": "14681396", "addr": 4250856, "ret": "<BV32 retval_RegOpenKeyExW_32799_32>"}, {"name": "RegOpenKeyExW", "args": [2147483649, "Software\\CodeGear\\Locales", 0, 983065, 2147408052], "addr_func": "14681396", "addr": 4250886, "ret": "<BV32 retval_RegOpenKeyExW_32806_32>"}, {"name": "GetModuleHandleW", "args": ["kernel32.dll"], "addr_func": "14681600", "addr": 4250225, "ret": 15732776}, {"name": "GetProcAddress", "args": [15732776, "GetLongPathNameW"], "addr_func": "14681876", "addr": 4250242, "ret": 15732792}, {"name": "GetLongPathNameW", "args": ["0c673940e9d5ae803e4f178e47d2ac698481bf019f`3d484cfd4fad343d746420exe", "", 261], "addr_func": "15732792", "addr": 4250269, "ret": "<BV32 retval_GetLongPathNameW_32818_32>"}, {"name": "CharNextW", "args": ["73940e9d5ae803e4f178e47d2ac698481bf019f`3d484cfd4fad343d746420exe"], "addr_func": "14680548", "addr": 4250167, "ret": "<BV32 retval_CharNextW_32834_32>"}, {"name": "FindFirstFileW", "args": ["0c", 2147406880], "addr_func": "14681908", "addr": 4250498, "ret": "<BV32 retval_FindFirstFileW_32845_32>"}, {"name": "RegQueryValueExW", "args": [0, "0c673940e9d5ae803e4f178e47d2ac698481bf019f`3d484cfd4fad343d746420exe", 0, 0, 0, 2147408048], "addr_func": "14681412", "addr": 4251040, "ret": "<BV32 retval_RegQueryValueExW_32850_32>"}, {"name": "RegQueryValueExW", "args": [0, "0c673940e9d5ae803e4f178e47d2ac698481bf019f`3d484cfd4fad343d746420exe", 0, 0, 0, 2147408048], "addr_func": "14681412", "addr": 4251083, "ret": "<BV32 retval_RegQueryValueExW_32854_32>"}, {"name": "RegCloseKey", "args": [0], "addr_func": "14681420", "addr": 4251206, "ret": "<BV32 retval_RegCloseKey_32864_32>"}, {"name": "GetUserDefaultUILanguage", "args": [], "addr_func": "14681912", "addr": 4252391, "ret": 0}, {"name": "EnterCriticalSection", "args": [10853396], "addr_func": "14681784", "addr": 4249902, "ret": "None"}, {"name": "LeaveCriticalSection", "args": [10853396], "addr_func": "14681872", "addr": 4249953, "ret": "None"}, {"name": "IsValidLocale", "args": ["retval_GetUserDefaultUILanguage_32873_32", 2], "addr_func": "14682012", "addr": 4249971, "ret": "<BV32 retval_IsValidLocale_32879_32>"}, {"name": "MultiByteToWideChar", "args": ["retval_GetACP_32773_32", 0, 4247960, 10, "", 2047], "addr_func": "14681948", "addr": 4259763, "ret": "<BV32 retval_MultiByteToWideChar_32897_32>"}, {"name": "MultiByteToWideChar", "args": ["retval_GetACP_32773_32", 0, 4247960, 10, "", 11], "addr_func": "14681948", "addr": 4259763, "ret": "<BV32 retval_MultiByteToWideChar_32921_32>"}, {"name": "IsValidLocale", "args": ["retval_GetUserDefaultUILanguage_32873_32", 2], "addr_func": "14682012", "addr": 4249250, "ret": "<BV32 retval_IsValidLocale_32926_32>"}, {"name": "GetSystemDefaultUILanguage", "args": [], "addr_func": "14682028", "addr": 4250009, "ret": 0}, {"name": "EnterCriticalSection", "args": [10853396], "addr_func": "14681784", "addr": 4250064, "ret": "None"}, {"name": "LeaveCriticalSection", "args": [10853396], "addr_func": "14681872", "addr": 4250105, "ret": "None"}, {"name": "GetSystemDefaultUILanguage", "args": [], "addr_func": "14682028", "addr": 4252431, "ret": 0}, {"name": "EnterCriticalSection", "args": [10853396], "addr_func": "14681784", "addr": 4249902, "ret": "None"}, {"name": "LeaveCriticalSection", "args": [10853396], "addr_func": "14681872", "addr": 4249953, "ret": "None"}, {"name": "IsValidLocale", "args": ["retval_GetSystemDefaultUILanguage_32941_32", 2], "addr_func": "14682012", "addr": 4249971, "ret": "<BV32 retval_IsValidLocale_32942_32>"}, {"name": "IsValidLocale", "args": ["retval_GetSystemDefaultUILanguage_32941_32", 2], "addr_func": "14682012", "addr": 4249250, "ret": "<BV32 retval_IsValidLocale_32943_32>"}, {"name": "GetSystemDefaultUILanguage", "args": [], "addr_func": "14682028", "addr": 4250009, "ret": 0}, {"name": "GetSystemDefaultUILanguage", "args": [], "addr_func": "14682028", "addr": 4250036, "ret": 0}, {"name": "IsValidLocale", "args": ["retval_GetSystemDefaultUILanguage_32947_32", 2], "addr_func": "14682012", "addr": 4249250, "ret": "<BV32 retval_IsValidLocale_32948_32>"}, {"name": "EnterCriticalSection", "args": [10853396], "addr_func": "14681784", "addr": 4250064, "ret": "None"}, {"name": "LeaveCriticalSection", "args": [10853396], "addr_func": "14681872", "addr": 4250105, "ret": "None"}, {"name": "GetUserDefaultUILanguage", "args": [], "addr_func": "14681912", "addr": 4252066, "ret": 0}, {"name": "GetLocaleInfoW", "args": ["retval_GetUserDefaultUILanguage_32957_32", 3, "\udb44\u7ffe", 4], "addr_func": "14681964", "addr": 4252075, "ret": "<BV32 retval_GetLocaleInfoW_32958_32>"}, {"name": "FindFirstFileW", "args": ["\u5002\ua98d\u00e5\udb44\u7ffe", 2147407456], "addr_func": "14681908", "addr": 4251731, "ret": "<BV32 retval_FindFirstFileW_32966_32>"}, {"name": "FindClose", "args": ["retval_FindFirstFileW_32966_32"], "addr_func": "14681944", "addr": 4251747, "ret": "<BV32 retval_FindClose_32967_32>"}, {"name": "LoadLibraryExW", "args": ["\u5002\ua98d\u00e5\udb44\u7ffe", 0, 2], "addr_func": "14681744", "addr": 4252653, "ret": 15732800}, {"name": "LoadStringW", "args": [15732800, 65462, "", 4096], "addr_func": "14680656", "addr": 4259665, "ret": "<BV32 retval_LoadStringW_32978_32>"}, {"name": "LoadStringW", "args": [15732800, 65461, "", 4096], "addr_func": "14680656", "addr": 4259665, "ret": "<BV32 retval_LoadStringW_32979_32>"}, {"name": "LoadStringW", "args": [15732800, 65460, "", 4096], "addr_func": "14680656", "addr": 4259665, "ret": "<BV32 retval_LoadStringW_32983_32>"}, {"name": "LoadStringW", "args": [15732800, 65459, "", 4096], "addr_func": "14680656", "addr": 4259665, "ret": "<BV32 retval_LoadStringW_32990_32>"}]}, "13": {"status": "ExcessLoop", "trace": [{"name": "main", "args": ["1c673930e9d5ae603e4f179e47e2ac698491bf119fa3d484cfe4fad343c74652.exe"], "addr": 10655012, "ret": "symbolic", "addr_func": 10655012}, {"name": "GetModuleHandleW", "args": [0], "addr_func": "14681600", "addr": 4265476, "ret": 4194304}, {"name": "SetThreadLocale", "args": [1024], "addr_func": "14682060", "addr": 10633261, "ret": "<BV32 retval_SetThreadLocale_32767_32>"}, {"name": "InitializeCriticalSection", "args": [10853396], "addr_func": "14681836", "addr": 4248449, "ret": "None"}, {"name": "GetVersion", "args": [], "addr_func": "14681692", "addr": 4248463, "ret": 0}, {"name": "GetSystemInfo", "args": [2147417456], "addr_func": "14681864", "addr": 4259780, "ret": "None"}, {"name": "GetCommandLineW", "args": [], "addr_func": "14681868", "addr": 10633362, "ret": 0}, {"name": "GetStartupInfoW", "args": [2147417420], "addr_func": "14681820", "addr": 4215565, "ret": "None"}, {"name": "GetACP", "args": [], "addr_func": "14681500", "addr": 10633382, "ret": 0}, {"name": "GetCurrentThreadId", "args": [], "addr_func": "14681756", "addr": 10633402, "ret": 0}, {"name": "GetVersion", "args": [], "addr_func": "14681692", "addr": 4259796, "ret": 0}, {"name": "GetVersionExW", "args": [2147417232], "addr_func": "14681888", "addr": 4290862, "ret": "<BV32 retval_GetVersionExW_32788_32>"}, {"name": "GetModuleFileNameW", "args": [4194304, "\u5002\ua98d\u00e5", 522], "addr_func": "14681632", "addr": 4247794, "ret": 3}, {"name": "GetModuleFileNameW", "args": [0, "1c673930e9d5ae603e4f179e47e2ac698491bf119fa3d484cfe4fad343c74652.exe", 261], "addr_func": "14681632", "addr": 4252572, "ret": 137}, {"name": "VirtualAlloc", "args": [0, 1310704, 4096, 4], "addr_func": "14681856", "addr": 4291915, "ret": 3223060480}, {"name": "RegOpenKeyExW", "args": [2147483649, "Software\\Embarcadero\\Locales", 0, 983065, 2147408052], "addr_func": "14681396", "addr": 4250822, "ret": "<BV32 retval_RegOpenKeyExW_32798_32>"}, {"name": "RegOpenKeyExW", "args": [2147483650, "Software\\Embarcadero\\Locales", 0, 983065, 2147408052], "addr_func": "14681396", "addr": 4250856, "ret": "<BV32 retval_RegOpenKeyExW_32799_32>"}, {"name": "RegOpenKeyExW", "args": [2147483649, "Software\\CodeGear\\Locales", 0, 983065, 2147408052], "addr_func": "14681396", "addr": 4250886, "ret": "<BV32 retval_RegOpenKeyExW_32806_32>"}, {"name": "GetModuleHandleW", "args": ["kernel32.dll"], "addr_func": "14681600", "addr": 4250225, "ret": 15732776}, {"name": "GetProcAddress", "args": [15732776, "GetLongPathNameW"], "addr_func": "14681876", "addr": 4250242, "ret": 15732792}, {"name": "GetLongPathNameW", "args": ["0c673940e9d5ae803e4f178e47d2ac698481bf019f`3d484cfd4fad343d746420exe", "", 261], "addr_func": "15732792", "addr": 4250269, "ret": "<BV32 retval_GetLongPathNameW_32818_32>"}, {"name": "CharNextW", "args": ["73940e9d5ae803e4f178e47d2ac698481bf019f`3d484cfd4fad343d746420exe"], "addr_func": "14680548", "addr": 4250167, "ret": "<BV32 retval_CharNextW_32834_32>"}, {"name": "FindFirstFileW", "args": ["0c", 2147406880], "addr_func": "14681908", "addr": 4250498, "ret": "<BV32 retval_FindFirstFileW_32845_32>"}, {"name": "RegQueryValueExW", "args": [0, "0c673940e9d5ae803e4f178e47d2ac698481bf019f`3d484cfd4fad343d746420exe", 0, 0, 0, 2147408048], "addr_func": "14681412", "addr": 4251040, "ret": "<BV32 retval_RegQueryValueExW_32850_32>"}, {"name": "RegQueryValueExW", "args": [0, "0c673940e9d5ae803e4f178e47d2ac698481bf019f`3d484cfd4fad343d746420exe", 0, 0, 0, 2147408048], "addr_func": "14681412", "addr": 4251083, "ret": "<BV32 retval_RegQueryValueExW_32854_32>"}, {"name": "RegCloseKey", "args": [0], "addr_func": "14681420", "addr": 4251206, "ret": "<BV32 retval_RegCloseKey_32864_32>"}, {"name": "GetUserDefaultUILanguage", "args": [], "addr_func": "14681912", "addr": 4252391, "ret": 0}, {"name": "EnterCriticalSection", "args": [10853396], "addr_func": "14681784", "addr": 4249902, "ret": "None"}, {"name": "LeaveCriticalSection", "args": [10853396], "addr_func": "14681872", "addr": 4249953, "ret": "None"}, {"name": "IsValidLocale", "args": ["retval_GetUserDefaultUILanguage_32873_32", 2], "addr_func": "14682012", "addr": 4249971, "ret": "<BV32 retval_IsValidLocale_32879_32>"}, {"name": "MultiByteToWideChar", "args": ["retval_GetACP_32773_32", 0, 4247960, 10, "", 2047], "addr_func": "14681948", "addr": 4259763, "ret": "<BV32 retval_MultiByteToWideChar_32897_32>"}, {"name": "MultiByteToWideChar", "args": ["retval_GetACP_32773_32", 0, 4247960, 10, "", 11], "addr_func": "14681948", "addr": 4259763, "ret": "<BV32 retval_MultiByteToWideChar_32921_32>"}, {"name": "IsValidLocale", "args": ["retval_GetUserDefaultUILanguage_32873_32", 2], "addr_func": "14682012", "addr": 4249250, "ret": "<BV32 retval_IsValidLocale_32926_32>"}, {"name": "GetSystemDefaultUILanguage", "args": [], "addr_func": "14682028", "addr": 4250009, "ret": 0}, {"name": "EnterCriticalSection", "args": [10853396], "addr_func": "14681784", "addr": 4250064, "ret": "None"}, {"name": "LeaveCriticalSection", "args": [10853396], "addr_func": "14681872", "addr": 4250105, "ret": "None"}, {"name": "GetSystemDefaultUILanguage", "args": [], "addr_func": "14682028", "addr": 4252431, "ret": 0}, {"name": "EnterCriticalSection", "args": [10853396], "addr_func": "14681784", "addr": 4249902, "ret": "None"}, {"name": "LeaveCriticalSection", "args": [10853396], "addr_func": "14681872", "addr": 4249953, "ret": "None"}, {"name": "IsValidLocale", "args": ["retval_GetSystemDefaultUILanguage_32941_32", 2], "addr_func": "14682012", "addr": 4249971, "ret": "<BV32 retval_IsValidLocale_32942_32>"}, {"name": "IsValidLocale", "args": ["retval_GetSystemDefaultUILanguage_32941_32", 2], "addr_func": "14682012", "addr": 4249250, "ret": "<BV32 retval_IsValidLocale_32943_32>"}, {"name": "GetSystemDefaultUILanguage", "args": [], "addr_func": "14682028", "addr": 4250009, "ret": 0}, {"name": "GetSystemDefaultUILanguage", "args": [], "addr_func": "14682028", "addr": 4250036, "ret": 0}, {"name": "IsValidLocale", "args": ["retval_GetSystemDefaultUILanguage_32947_32", 2], "addr_func": "14682012", "addr": 4249250, "ret": "<BV32 retval_IsValidLocale_32948_32>"}, {"name": "EnterCriticalSection", "args": [10853396], "addr_func": "14681784", "addr": 4250064, "ret": "None"}, {"name": "LeaveCriticalSection", "args": [10853396], "addr_func": "14681872", "addr": 4250105, "ret": "None"}, {"name": "GetUserDefaultUILanguage", "args": [], "addr_func": "14681912", "addr": 4252066, "ret": 0}, {"name": "GetLocaleInfoW", "args": ["retval_GetUserDefaultUILanguage_32957_32", 3, "\udb44\u7ffe", 4], "addr_func": "14681964", "addr": 4252075, "ret": "<BV32 retval_GetLocaleInfoW_32958_32>"}, {"name": "FindFirstFileW", "args": ["\u5002\ua98d\u00e5\udb44\u7ffe", 2147407456], "addr_func": "14681908", "addr": 4251731, "ret": "<BV32 retval_FindFirstFileW_32966_32>"}, {"name": "FindClose", "args": ["retval_FindFirstFileW_32966_32"], "addr_func": "14681944", "addr": 4251747, "ret": "<BV32 retval_FindClose_32967_32>"}, {"name": "LoadLibraryExW", "args": ["\u5002\ua98d\u00e5\udb44\u7ffe", 0, 2], "addr_func": "14681744", "addr": 4252653, "ret": 15732800}, {"name": "LoadStringW", "args": [15732800, 65462, "", 4096], "addr_func": "14680656", "addr": 4259665, "ret": "<BV32 retval_LoadStringW_32978_32>"}, {"name": "LoadStringW", "args": [15732800, 65461, "", 4096], "addr_func": "14680656", "addr": 4259665, "ret": "<BV32 retval_LoadStringW_32979_32>"}, {"name": "LoadStringW", "args": [15732800, 65460, "", 4096], "addr_func": "14680656", "addr": 4259665, "ret": "<BV32 retval_LoadStringW_32983_32>"}, {"name": "LoadStringW", "args": [15732800, 65459, "", 4096], "addr_func": "14680656", "addr": 4259665, "ret": "<BV32 retval_LoadStringW_32991_32>"}]}, "14": {"status": "ExcessLoop", "trace": [{"name": "main", "args": ["1c673930e9d5ae603e4f179e47e2ac698491bf119fa3d484cfe4fad343c74652.exe"], "addr": 10655012, "ret": "symbolic", "addr_func": 10655012}, {"name": "GetModuleHandleW", "args": [0], "addr_func": "14681600", "addr": 4265476, "ret": 4194304}, {"name": "SetThreadLocale", "args": [1024], "addr_func": "14682060", "addr": 10633261, "ret": "<BV32 retval_SetThreadLocale_32767_32>"}, {"name": "InitializeCriticalSection", "args": [10853396], "addr_func": "14681836", "addr": 4248449, "ret": "None"}, {"name": "GetVersion", "args": [], "addr_func": "14681692", "addr": 4248463, "ret": 0}, {"name": "GetSystemInfo", "args": [2147417456], "addr_func": "14681864", "addr": 4259780, "ret": "None"}, {"name": "GetCommandLineW", "args": [], "addr_func": "14681868", "addr": 10633362, "ret": 0}, {"name": "GetStartupInfoW", "args": [2147417420], "addr_func": "14681820", "addr": 4215565, "ret": "None"}, {"name": "GetACP", "args": [], "addr_func": "14681500", "addr": 10633382, "ret": 0}, {"name": "GetCurrentThreadId", "args": [], "addr_func": "14681756", "addr": 10633402, "ret": 0}, {"name": "GetVersion", "args": [], "addr_func": "14681692", "addr": 4259796, "ret": 0}, {"name": "GetVersionExW", "args": [2147417232], "addr_func": "14681888", "addr": 4290862, "ret": "<BV32 retval_GetVersionExW_32788_32>"}, {"name": "GetModuleFileNameW", "args": [4194304, "\u5002\ua98d\u00e5", 522], "addr_func": "14681632", "addr": 4247794, "ret": 3}, {"name": "GetModuleFileNameW", "args": [0, "1c673930e9d5ae603e4f179e47e2ac698491bf119fa3d484cfe4fad343c74652.exe", 261], "addr_func": "14681632", "addr": 4252572, "ret": 137}, {"name": "VirtualAlloc", "args": [0, 1310704, 4096, 4], "addr_func": "14681856", "addr": 4291915, "ret": 3223060480}, {"name": "RegOpenKeyExW", "args": [2147483649, "Software\\Embarcadero\\Locales", 0, 983065, 2147408052], "addr_func": "14681396", "addr": 4250822, "ret": "<BV32 retval_RegOpenKeyExW_32798_32>"}, {"name": "RegOpenKeyExW", "args": [2147483650, "Software\\Embarcadero\\Locales", 0, 983065, 2147408052], "addr_func": "14681396", "addr": 4250856, "ret": "<BV32 retval_RegOpenKeyExW_32799_32>"}, {"name": "RegOpenKeyExW", "args": [2147483649, "Software\\CodeGear\\Locales", 0, 983065, 2147408052], "addr_func": "14681396", "addr": 4250886, "ret": "<BV32 retval_RegOpenKeyExW_32806_32>"}, {"name": "GetModuleHandleW", "args": ["kernel32.dll"], "addr_func": "14681600", "addr": 4250225, "ret": 15732776}, {"name": "GetProcAddress", "args": [15732776, "GetLongPathNameW"], "addr_func": "14681876", "addr": 4250242, "ret": 15732792}, {"name": "GetLongPathNameW", "args": ["0c673940e9d5ae803e4f178e47d2ac698481bf019f`3d484cfd4fad343d746420exe", "", 261], "addr_func": "15732792", "addr": 4250269, "ret": "<BV32 retval_GetLongPathNameW_32818_32>"}, {"name": "CharNextW", "args": ["73940e9d5ae803e4f178e47d2ac698481bf019f`3d484cfd4fad343d746420exe"], "addr_func": "14680548", "addr": 4250167, "ret": "<BV32 retval_CharNextW_32834_32>"}, {"name": "FindFirstFileW", "args": ["0c", 2147406880], "addr_func": "14681908", "addr": 4250498, "ret": "<BV32 retval_FindFirstFileW_32845_32>"}, {"name": "RegQueryValueExW", "args": [0, "0c673940e9d5ae803e4f178e47d2ac698481bf019f`3d484cfd4fad343d746420exe", 0, 0, 0, 2147408048], "addr_func": "14681412", "addr": 4251040, "ret": "<BV32 retval_RegQueryValueExW_32850_32>"}, {"name": "RegQueryValueExW", "args": [0, "0c673940e9d5ae803e4f178e47d2ac698481bf019f`3d484cfd4fad343d746420exe", 0, 0, 0, 2147408048], "addr_func": "14681412", "addr": 4251083, "ret": "<BV32 retval_RegQueryValueExW_32854_32>"}, {"name": "RegCloseKey", "args": [0], "addr_func": "14681420", "addr": 4251206, "ret": "<BV32 retval_RegCloseKey_32864_32>"}, {"name": "GetUserDefaultUILanguage", "args": [], "addr_func": "14681912", "addr": 4252391, "ret": 0}, {"name": "EnterCriticalSection", "args": [10853396], "addr_func": "14681784", "addr": 4249902, "ret": "None"}, {"name": "LeaveCriticalSection", "args": [10853396], "addr_func": "14681872", "addr": 4249953, "ret": "None"}, {"name": "IsValidLocale", "args": ["retval_GetUserDefaultUILanguage_32873_32", 2], "addr_func": "14682012", "addr": 4249971, "ret": "<BV32 retval_IsValidLocale_32879_32>"}, {"name": "MultiByteToWideChar", "args": ["retval_GetACP_32773_32", 0, 4247960, 10, "", 2047], "addr_func": "14681948", "addr": 4259763, "ret": "<BV32 retval_MultiByteToWideChar_32897_32>"}, {"name": "MultiByteToWideChar", "args": ["retval_GetACP_32773_32", 0, 4247960, 10, "", 11], "addr_func": "14681948", "addr": 4259763, "ret": "<BV32 retval_MultiByteToWideChar_32921_32>"}, {"name": "IsValidLocale", "args": ["retval_GetUserDefaultUILanguage_32873_32", 2], "addr_func": "14682012", "addr": 4249250, "ret": "<BV32 retval_IsValidLocale_32926_32>"}, {"name": "GetSystemDefaultUILanguage", "args": [], "addr_func": "14682028", "addr": 4250009, "ret": 0}, {"name": "EnterCriticalSection", "args": [10853396], "addr_func": "14681784", "addr": 4250064, "ret": "None"}, {"name": "LeaveCriticalSection", "args": [10853396], "addr_func": "14681872", "addr": 4250105, "ret": "None"}, {"name": "GetSystemDefaultUILanguage", "args": [], "addr_func": "14682028", "addr": 4252431, "ret": 0}, {"name": "EnterCriticalSection", "args": [10853396], "addr_func": "14681784", "addr": 4249902, "ret": "None"}, {"name": "LeaveCriticalSection", "args": [10853396], "addr_func": "14681872", "addr": 4249953, "ret": "None"}, {"name": "IsValidLocale", "args": ["retval_GetSystemDefaultUILanguage_32941_32", 2], "addr_func": "14682012", "addr": 4249971, "ret": "<BV32 retval_IsValidLocale_32942_32>"}, {"name": "IsValidLocale", "args": ["retval_GetSystemDefaultUILanguage_32941_32", 2], "addr_func": "14682012", "addr": 4249250, "ret": "<BV32 retval_IsValidLocale_32943_32>"}, {"name": "GetSystemDefaultUILanguage", "args": [], "addr_func": "14682028", "addr": 4250009, "ret": 0}, {"name": "GetSystemDefaultUILanguage", "args": [], "addr_func": "14682028", "addr": 4250036, "ret": 0}, {"name": "IsValidLocale", "args": ["retval_GetSystemDefaultUILanguage_32947_32", 2], "addr_func": "14682012", "addr": 4249250, "ret": "<BV32 retval_IsValidLocale_32948_32>"}, {"name": "EnterCriticalSection", "args": [10853396], "addr_func": "14681784", "addr": 4250064, "ret": "None"}, {"name": "LeaveCriticalSection", "args": [10853396], "addr_func": "14681872", "addr": 4250105, "ret": "None"}, {"name": "GetUserDefaultUILanguage", "args": [], "addr_func": "14681912", "addr": 4252066, "ret": 0}, {"name": "GetLocaleInfoW", "args": ["retval_GetUserDefaultUILanguage_32957_32", 3, "\udb44\u7ffe", 4], "addr_func": "14681964", "addr": 4252075, "ret": "<BV32 retval_GetLocaleInfoW_32958_32>"}, {"name": "FindFirstFileW", "args": ["\u5002\ua98d\u00e5\udb44\u7ffe", 2147407456], "addr_func": "14681908", "addr": 4251731, "ret": "<BV32 retval_FindFirstFileW_32966_32>"}, {"name": "FindClose", "args": ["retval_FindFirstFileW_32966_32"], "addr_func": "14681944", "addr": 4251747, "ret": "<BV32 retval_FindClose_32967_32>"}, {"name": "LoadLibraryExW", "args": ["\u5002\ua98d\u00e5\udb44\u7ffe", 0, 2], "addr_func": "14681744", "addr": 4252653, "ret": 15732800}, {"name": "LoadStringW", "args": [15732800, 65462, "", 4096], "addr_func": "14680656", "addr": 4259665, "ret": "<BV32 retval_LoadStringW_32978_32>"}, {"name": "LoadStringW", "args": [15732800, 65461, "", 4096], "addr_func": "14680656", "addr": 4259665, "ret": "<BV32 retval_LoadStringW_32979_32>"}, {"name": "LoadStringW", "args": [15732800, 65460, "", 4096], "addr_func": "14680656", "addr": 4259665, "ret": "<BV32 retval_LoadStringW_32983_32>"}, {"name": "LoadStringW", "args": [15732800, 65459, "", 4096], "addr_func": "14680656", "addr": 4259665, "ret": "<BV32 retval_LoadStringW_32992_32>"}]}, "15": {"status": "ExcessLoop", "trace": [{"name": "main", "args": ["1c673930e9d5ae603e4f179e47e2ac698491bf119fa3d484cfe4fad343c74652.exe"], "addr": 10655012, "ret": "symbolic", "addr_func": 10655012}, {"name": "GetModuleHandleW", "args": [0], "addr_func": "14681600", "addr": 4265476, "ret": 4194304}, {"name": "SetThreadLocale", "args": [1024], "addr_func": "14682060", "addr": 10633261, "ret": "<BV32 retval_SetThreadLocale_32767_32>"}, {"name": "InitializeCriticalSection", "args": [10853396], "addr_func": "14681836", "addr": 4248449, "ret": "None"}, {"name": "GetVersion", "args": [], "addr_func": "14681692", "addr": 4248463, "ret": 0}, {"name": "GetSystemInfo", "args": [2147417456], "addr_func": "14681864", "addr": 4259780, "ret": "None"}, {"name": "GetCommandLineW", "args": [], "addr_func": "14681868", "addr": 10633362, "ret": 0}, {"name": "GetStartupInfoW", "args": [2147417420], "addr_func": "14681820", "addr": 4215565, "ret": "None"}, {"name": "GetACP", "args": [], "addr_func": "14681500", "addr": 10633382, "ret": 0}, {"name": "GetCurrentThreadId", "args": [], "addr_func": "14681756", "addr": 10633402, "ret": 0}, {"name": "GetVersion", "args": [], "addr_func": "14681692", "addr": 4259796, "ret": 0}, {"name": "GetVersionExW", "args": [2147417232], "addr_func": "14681888", "addr": 4290862, "ret": "<BV32 retval_GetVersionExW_32788_32>"}, {"name": "GetModuleFileNameW", "args": [4194304, "\u5002\ua98d\u00e5", 522], "addr_func": "14681632", "addr": 4247794, "ret": 3}, {"name": "GetModuleFileNameW", "args": [0, "1c673930e9d5ae603e4f179e47e2ac698491bf119fa3d484cfe4fad343c74652.exe", 261], "addr_func": "14681632", "addr": 4252572, "ret": 137}, {"name": "VirtualAlloc", "args": [0, 1310704, 4096, 4], "addr_func": "14681856", "addr": 4291915, "ret": 3223060480}, {"name": "RegOpenKeyExW", "args": [2147483649, "Software\\Embarcadero\\Locales", 0, 983065, 2147408052], "addr_func": "14681396", "addr": 4250822, "ret": "<BV32 retval_RegOpenKeyExW_32798_32>"}, {"name": "RegOpenKeyExW", "args": [2147483650, "Software\\Embarcadero\\Locales", 0, 983065, 2147408052], "addr_func": "14681396", "addr": 4250856, "ret": "<BV32 retval_RegOpenKeyExW_32799_32>"}, {"name": "RegOpenKeyExW", "args": [2147483649, "Software\\CodeGear\\Locales", 0, 983065, 2147408052], "addr_func": "14681396", "addr": 4250886, "ret": "<BV32 retval_RegOpenKeyExW_32806_32>"}, {"name": "GetModuleHandleW", "args": ["kernel32.dll"], "addr_func": "14681600", "addr": 4250225, "ret": 15732776}, {"name": "GetProcAddress", "args": [15732776, "GetLongPathNameW"], "addr_func": "14681876", "addr": 4250242, "ret": 15732792}, {"name": "GetLongPathNameW", "args": ["0c673940e9d5ae803e4f178e47d2ac698481bf019f`3d484cfd4fad343d746420exe", "", 261], "addr_func": "15732792", "addr": 4250269, "ret": "<BV32 retval_GetLongPathNameW_32818_32>"}, {"name": "CharNextW", "args": ["73940e9d5ae803e4f178e47d2ac698481bf019f`3d484cfd4fad343d746420exe"], "addr_func": "14680548", "addr": 4250167, "ret": "<BV32 retval_CharNextW_32834_32>"}, {"name": "FindFirstFileW", "args": ["0c", 2147406880], "addr_func": "14681908", "addr": 4250498, "ret": "<BV32 retval_FindFirstFileW_32845_32>"}, {"name": "RegQueryValueExW", "args": [0, "0c673940e9d5ae803e4f178e47d2ac698481bf019f`3d484cfd4fad343d746420exe", 0, 0, 0, 2147408048], "addr_func": "14681412", "addr": 4251040, "ret": "<BV32 retval_RegQueryValueExW_32850_32>"}, {"name": "RegQueryValueExW", "args": [0, "0c673940e9d5ae803e4f178e47d2ac698481bf019f`3d484cfd4fad343d746420exe", 0, 0, 0, 2147408048], "addr_func": "14681412", "addr": 4251083, "ret": "<BV32 retval_RegQueryValueExW_32854_32>"}, {"name": "RegCloseKey", "args": [0], "addr_func": "14681420", "addr": 4251206, "ret": "<BV32 retval_RegCloseKey_32864_32>"}, {"name": "GetUserDefaultUILanguage", "args": [], "addr_func": "14681912", "addr": 4252391, "ret": 0}, {"name": "EnterCriticalSection", "args": [10853396], "addr_func": "14681784", "addr": 4249902, "ret": "None"}, {"name": "LeaveCriticalSection", "args": [10853396], "addr_func": "14681872", "addr": 4249953, "ret": "None"}, {"name": "IsValidLocale", "args": ["retval_GetUserDefaultUILanguage_32873_32", 2], "addr_func": "14682012", "addr": 4249971, "ret": "<BV32 retval_IsValidLocale_32879_32>"}, {"name": "MultiByteToWideChar", "args": ["retval_GetACP_32773_32", 0, 4247960, 10, "", 2047], "addr_func": "14681948", "addr": 4259763, "ret": "<BV32 retval_MultiByteToWideChar_32897_32>"}, {"name": "MultiByteToWideChar", "args": ["retval_GetACP_32773_32", 0, 4247960, 10, "", 11], "addr_func": "14681948", "addr": 4259763, "ret": "<BV32 retval_MultiByteToWideChar_32921_32>"}, {"name": "IsValidLocale", "args": ["retval_GetUserDefaultUILanguage_32873_32", 2], "addr_func": "14682012", "addr": 4249250, "ret": "<BV32 retval_IsValidLocale_32926_32>"}, {"name": "GetSystemDefaultUILanguage", "args": [], "addr_func": "14682028", "addr": 4250009, "ret": 0}, {"name": "EnterCriticalSection", "args": [10853396], "addr_func": "14681784", "addr": 4250064, "ret": "None"}, {"name": "LeaveCriticalSection", "args": [10853396], "addr_func": "14681872", "addr": 4250105, "ret": "None"}, {"name": "GetSystemDefaultUILanguage", "args": [], "addr_func": "14682028", "addr": 4252431, "ret": 0}, {"name": "EnterCriticalSection", "args": [10853396], "addr_func": "14681784", "addr": 4249902, "ret": "None"}, {"name": "LeaveCriticalSection", "args": [10853396], "addr_func": "14681872", "addr": 4249953, "ret": "None"}, {"name": "IsValidLocale", "args": ["retval_GetSystemDefaultUILanguage_32941_32", 2], "addr_func": "14682012", "addr": 4249971, "ret": "<BV32 retval_IsValidLocale_32942_32>"}, {"name": "IsValidLocale", "args": ["retval_GetSystemDefaultUILanguage_32941_32", 2], "addr_func": "14682012", "addr": 4249250, "ret": "<BV32 retval_IsValidLocale_32943_32>"}, {"name": "GetSystemDefaultUILanguage", "args": [], "addr_func": "14682028", "addr": 4250009, "ret": 0}, {"name": "GetSystemDefaultUILanguage", "args": [], "addr_func": "14682028", "addr": 4250036, "ret": 0}, {"name": "IsValidLocale", "args": ["retval_GetSystemDefaultUILanguage_32947_32", 2], "addr_func": "14682012", "addr": 4249250, "ret": "<BV32 retval_IsValidLocale_32948_32>"}, {"name": "EnterCriticalSection", "args": [10853396], "addr_func": "14681784", "addr": 4250064, "ret": "None"}, {"name": "LeaveCriticalSection", "args": [10853396], "addr_func": "14681872", "addr": 4250105, "ret": "None"}, {"name": "GetUserDefaultUILanguage", "args": [], "addr_func": "14681912", "addr": 4252066, "ret": 0}, {"name": "GetLocaleInfoW", "args": ["retval_GetUserDefaultUILanguage_32957_32", 3, "\udb44\u7ffe", 4], "addr_func": "14681964", "addr": 4252075, "ret": "<BV32 retval_GetLocaleInfoW_32958_32>"}, {"name": "FindFirstFileW", "args": ["\u5002\ua98d\u00e5\udb44\u7ffe", 2147407456], "addr_func": "14681908", "addr": 4251731, "ret": "<BV32 retval_FindFirstFileW_32966_32>"}, {"name": "FindClose", "args": ["retval_FindFirstFileW_32966_32"], "addr_func": "14681944", "addr": 4251747, "ret": "<BV32 retval_FindClose_32967_32>"}, {"name": "LoadLibraryExW", "args": ["\u5002\ua98d\u00e5\udb44\u7ffe", 0, 2], "addr_func": "14681744", "addr": 4252653, "ret": 15732800}, {"name": "LoadStringW", "args": [15732800, 65462, "", 4096], "addr_func": "14680656", "addr": 4259665, "ret": "<BV32 retval_LoadStringW_32978_32>"}, {"name": "LoadStringW", "args": [15732800, 65461, "", 4096], "addr_func": "14680656", "addr": 4259665, "ret": "<BV32 retval_LoadStringW_32979_32>"}, {"name": "LoadStringW", "args": [15732800, 65460, "", 4096], "addr_func": "14680656", "addr": 4259665, "ret": "<BV32 retval_LoadStringW_32983_32>"}, {"name": "LoadStringW", "args": [15732800, 65459, "", 4096], "addr_func": "14680656", "addr": 4259665, "ret": "<BV32 retval_LoadStringW_32993_32>"}]}, "sections": {".text": {"vaddr": 4198400, "memsize": 6432532, "is_readable": true, "is_writable": false, "is_executable": true}, ".itext": {"vaddr": 10633216, "memsize": 22380, "is_readable": true, "is_writable": false, "is_executable": true}, ".data": {"vaddr": 10657792, "memsize": 180932, "is_readable": true, "is_writable": true, "is_executable": false}, ".bss": {"vaddr": 10842112, "memsize": 302708, "is_readable": true, "is_writable": true, "is_executable": false}, ".idata": {"vaddr": 11145216, "memsize": 17222, "is_readable": true, "is_writable": true, "is_executable": false}, ".didata": {"vaddr": 11165696, "memsize": 3450, "is_readable": true, "is_writable": true, "is_executable": false}, ".edata": {"vaddr": 11169792, "memsize": 159, "is_readable": true, "is_writable": false, "is_executable": false}, ".tls": {"vaddr": 11173888, "memsize": 96, "is_readable": true, "is_writable": true, "is_executable": false}, ".rdata": {"vaddr": 11177984, "memsize": 93, "is_readable": true, "is_writable": false, "is_executable": false}, ".reloc": {"vaddr": 11182080, "memsize": 484412, "is_readable": true, "is_writable": false, "is_executable": false}, ".rsrc": {"vaddr": 11669504, "memsize": 2618880, "is_readable": true, "is_writable": false, "is_executable": false}}}