{"0": {"status": "active", "trace": [{"name": "main", "args": ["2a05cdf530c13588300ddfb136329a6ee69963503d1e842c3eef361e524a0032.exe"], "addr": 4237411, "ret": "symbolic", "addr_func": 4237411}, {"name": "GetVersion", "args": [], "addr_func": "5243156", "addr": 4237449, "ret": 0}, {"name": "HeapCreate", "args": [0, 4096, 0], "addr_func": "5243108", "addr": 4241122, "ret": 1}, {"name": "GetVersionExA", "args": [2147417308], "addr_func": "5243116", "addr": 4240808, "ret": "<BV32 retval_GetVersionExA_32768_32>"}, {"name": "GetEnvironmentVariableA", "args": ["__MSVCRT_HEAP_SELECT", "", 4240], "addr_func": "5243120", "addr": 4240861, "ret": 0}, {"name": "GetModuleHandleA", "args": [0], "addr_func": "5243164", "addr": 4240742, "ret": 4194304}, {"name": "HeapAlloc", "args": [1, 0, 320], "addr_func": "5243192", "addr": 4241211, "ret": 3221258256}, {"name": "InitializeCriticalSection", "args": [4850520], "addr_func": "5243096", "addr": 4245839, "ret": "None"}, {"name": "InitializeCriticalSection", "args": [4850568], "addr_func": "5243096", "addr": 4245847, "ret": "None"}, {"name": "InitializeCriticalSection", "args": [4850544], "addr_func": "5243096", "addr": 4245855, "ret": "None"}, {"name": "InitializeCriticalSection", "args": [4850496], "addr_func": "5243096", "addr": 4245863, "ret": "None"}, {"name": "TlsAlloc", "args": [], "addr_func": "5243140", "addr": 4239390, "ret": 0}, {"name": "EnterCriticalSection", "args": [4850544], "addr_func": "5243088", "addr": 4245955, "ret": "None"}, {"name": "HeapAlloc", "args": [1, 8, 16836], "addr_func": "5243192", "addr": 4242991, "ret": 3221258584}, {"name": "VirtualAlloc", "args": [0, 1048576, 8192, 4], "addr_func": "5243100", "addr": 4243017, "ret": 3222798336}, {"name": "VirtualAlloc", "args": [3222798336, 32768, 4096, 4], "addr_func": "5243100", "addr": 4243157, "ret": 3222798336}, {"name": "LeaveCriticalSection", "args": [4850544], "addr_func": "5243084", "addr": 4245977, "ret": "None"}, {"name": "TlsSetValue", "args": [1, 3222802304], "addr_func": "5243144", "addr": 4239430, "ret": 1}, {"name": "GetCurrentThreadId", "args": [], "addr_func": "5243148", "addr": 4239447, "ret": 0}, {"name": "HeapAlloc", "args": [1, 0, 1152], "addr_func": "5243192", "addr": 4236164, "ret": 3221275432}, {"name": "GetStartupInfoA", "args": [2147417396], "addr_func": "5243056", "addr": 4250355, "ret": "None"}, {"name": "GetStdHandle", "args": [4294967286], "addr_func": "5243064", "addr": 4250625, "ret": 1000}, {"name": "GetFileType", "args": [1000], "addr_func": "5243060", "addr": 4250639, "ret": "<BV32 retval_GetFileType_32771_32>"}, {"name": "GetStdHandle", "args": [4294967285], "addr_func": "5243064", "addr": 4250625, "ret": 1001}, {"name": "GetFileType", "args": [1001], "addr_func": "5243060", "addr": 4250639, "ret": "<BV32 retval_GetFileType_32774_32>"}, {"name": "GetStdHandle", "args": [4294967284], "addr_func": "5243064", "addr": 4250625, "ret": 1002}, {"name": "GetFileType", "args": [1002], "addr_func": "5243060", "addr": 4250639, "ret": "<BV32 retval_GetFileType_32781_32>"}, {"name": "SetHandleCount", "args": [32], "addr_func": "5243068", "addr": 4250694, "ret": "<BV32 retval_SetHandleCount_32792_32>"}, {"name": "GetCommandLineW", "args": [], "addr_func": "5243032", "addr": 4255014, "ret": 0}, {"name": "GetCommandLineW", "args": [], "addr_func": "5243032", "addr": 4255055, "ret": 0}, {"name": "GetEnvironmentStringsW", "args": [], "addr_func": "5243040", "addr": 4254654, "ret": 0}, {"name": "EnterCriticalSection", "args": [4850544], "addr_func": "5243088", "addr": 4245955, "ret": "None"}, {"name": "LeaveCriticalSection", "args": [4850544], "addr_func": "5243084", "addr": 4245977, "ret": "None"}, {"name": "FreeEnvironmentStringsW", "args": [3221225480], "addr_func": "5243044", "addr": 4254762, "ret": "<BV32 retval_FreeEnvironmentStringsW_32804_32>"}, {"name": "GetModuleFileNameW", "args": [0, "2a05cdf530c13588300ddfb136329a6ee69963503d1e842c3eef361e524a0032.exe", 260], "addr_func": "5242940", "addr": 4254091, "ret": 137}, {"name": "EnterCriticalSection", "args": [4850544], "addr_func": "5243088", "addr": 4245955, "ret": "None"}, {"name": "LeaveCriticalSection", "args": [4850544], "addr_func": "5243084", "addr": 4245977, "ret": "None"}, {"name": "EnterCriticalSection", "args": [4850544], "addr_func": "5243088", "addr": 4245955, "ret": "None"}, {"name": "LeaveCriticalSection", "args": [4850544], "addr_func": "5243084", "addr": 4245977, "ret": "None"}, {"name": "EnterCriticalSection", "args": [4850544], "addr_func": "5243088", "addr": 4245955, "ret": "None"}, {"name": "LeaveCriticalSection", "args": [4850544], "addr_func": "5243084", "addr": 4245977, "ret": "None"}, {"name": "EnterCriticalSection", "args": [4850544], "addr_func": "5243088", "addr": 4245955, "ret": "None"}, {"name": "LeaveCriticalSection", "args": [4850544], "addr_func": "5243084", "addr": 4245977, "ret": "None"}, {"name": "EnterCriticalSection", "args": [4850544], "addr_func": "5243088", "addr": 4245955, "ret": "None"}, {"name": "LeaveCriticalSection", "args": [4850544], "addr_func": "5243084", "addr": 4245977, "ret": "None"}, {"name": "GetModuleHandleA", "args": ["KERNEL32"], "addr_func": "5243164", "addr": 4238286, "ret": 6295592}, {"name": "GetProcAddress", "args": [6295592, "IsProcessorFeaturePresent"], "addr_func": "5243028", "addr": 4238302, "ret": 6295596}, {"name": "IsProcessorFeaturePresent", "args": [0], "addr_func": "6295596", "addr": 4238314, "ret": 0}, {"name": "GetSystemTimeAsFileTime", "args": [2147417440], "addr_func": "5243196", "addr": 4235301, "ret": "None"}, {"name": "EnterCriticalSection", "args": [4850544], "addr_func": "5243088", "addr": 4245955, "ret": "None"}, {"name": "LeaveCriticalSection", "args": [4850544], "addr_func": "5243084", "addr": 4245977, "ret": "None"}, {"name": "HeapAlloc", "args": [1, 8, 2048], "addr_func": "5243192", "addr": 4258906, "ret": 3221276592}, {"name": "EnterCriticalSection", "args": [4850544], "addr_func": "5243088", "addr": 4245955, "ret": "None"}, {"name": "LeaveCriticalSection", "args": [4850544], "addr_func": "5243084", "addr": 4245977, "ret": "None"}, {"name": "EnterCriticalSection", "args": [4850520], "addr_func": "5243088", "addr": 4245955, "ret": "None"}, {"name": "InitializeCriticalSection", "args": [3222802272], "addr_func": "5243096", "addr": 4245928, "ret": "None"}, {"name": "LeaveCriticalSection", "args": [4850520], "addr_func": "5243084", "addr": 4245977, "ret": "None"}, {"name": "EnterCriticalSection", "args": [3222802272], "addr_func": "5243088", "addr": 4245955, "ret": "None"}, {"name": "GetACP", "args": [], "addr_func": "5242980", "addr": 4271073, "ret": 0}, {"name": "GetCPInfo", "args": ["retval_GetACP_32811_32", 2147417376], "addr_func": "5242992", "addr": 4271669, "ret": "<BV32 retval_GetCPInfo_32820_32>"}, {"name": "GetStringTypeW", "args": [1, 4317012, 1, 2147416028], "addr_func": "5243020", "addr": 4264541, "ret": "<BV32 retval_GetStringTypeW_32856_32>"}, {"name": "GetStringTypeA", "args": [0, 1, "", 1, 2147416028], "addr_func": "5243024", "addr": 4264567, "ret": "<BV32 retval_GetStringTypeA_32857_32>"}, {"name": "LCMapStringW", "args": [0, 256, "", 1, 0, 0], "addr_func": "5243000", "addr": 4264873, "ret": "<BV32 retval_LCMapStringW_32860_32>"}, {"name": "LCMapStringA", "args": [0, 256, "", 1, 0, 0], "addr_func": "5243004", "addr": 4264901, "ret": "<BV32 retval_LCMapStringA_32861_32>"}, {"name": "LCMapStringW", "args": [0, 256, "", 1, 0, 0], "addr_func": "5243000", "addr": 4264873, "ret": "<BV32 retval_LCMapStringW_32866_32>"}, {"name": "LCMapStringA", "args": [0, 256, "", 1, 0, 0], "addr_func": "5243004", "addr": 4264901, "ret": "<BV32 retval_LCMapStringA_32868_32>"}, {"name": "LCMapStringA", "args": [1042, 512, 2147417120, 256, "", 256], "addr_func": "5243004", "addr": 4264974, "ret": "<BV32 retval_LCMapStringA_32878_32>"}, {"name": "LeaveCriticalSection", "args": [3222802272], "addr_func": "5243084", "addr": 4245977, "ret": "None"}, {"name": "GdiplusStartup", "args": [], "addr_func": "5243740", "addr": 4213695, "ret": 0}, {"name": "GetTempPathW", "args": [1024, ""], "addr_func": "5242956", "addr": 4213734, "ret": "<BV32 retval_GetTempPathW_32908_32>"}, {"name": "EnterCriticalSection", "args": [4850568], "addr_func": "5243088", "addr": 4245955, "ret": "None"}, {"name": "EnterCriticalSection", "args": [4850544], "addr_func": "5243088", "addr": 4245955, "ret": "None"}, {"name": "LeaveCriticalSection", "args": [4850544], "addr_func": "5243084", "addr": 4245977, "ret": "None"}, {"name": "LeaveCriticalSection", "args": [4850568], "addr_func": "5243084", "addr": 4245977, "ret": "None"}, {"name": "GetStartupInfoW", "args": [2147417500], "addr_func": "5243160", "addr": 4237587, "ret": "None"}, {"name": "GetModuleHandleA", "args": [0], "addr_func": "5243164", "addr": 4237622, "ret": 4194304}, {"name": "InitCommonControlsEx", "args": [2147417444], "addr_func": "5243652", "addr": 4207304, "ret": "<BV32 retval_InitCommonControlsEx_32924_32>"}, {"name": "InitCommonControls", "args": [], "addr_func": "5243648", "addr": 4207310, "ret": 0}, {"name": "LoadStringW", "args": [4194304, 103, "", 100], "addr_func": "5243312", "addr": 4207392, "ret": "<BV32 retval_LoadStringW_32928_32>"}, {"name": "LoadStringW", "args": [4194304, 103, "", 100], "addr_func": "5243312", "addr": 4207404, "ret": "<BV32 retval_LoadStringW_32930_32>"}, {"name": "LoadIconW", "args": [4194304, ""], "addr_func": "5243524", "addr": 4207584, "ret": "<BV32 retval_LoadIconW_32932_32>"}, {"name": "LoadCursorW", "args": [0, ""], "addr_func": "5243528", "addr": 4207596, "ret": "<BV32 retval_LoadCursorW_32934_32>"}, {"name": "LoadIconW", "args": [4194304, ""], "addr_func": "5243524", "addr": 4207631, "ret": "<BV32 retval_LoadIconW_32937_32>"}, {"name": "RegisterClassExW", "args": [2147417344], "addr_func": "5243532", "addr": 4207644, "ret": "<BV32 retval_RegisterClassExW_32942_32>"}, {"name": "GetModuleFileNameW", "args": [0, "2a05cdf530c13588300ddfb136329a6ee69963503d1e842c3eef361e524a0032.exe", 260], "addr_func": "5242940", "addr": 4207055, "ret": 137}]}, "1": {"status": "active", "trace": [{"name": "main", "args": ["2a05cdf530c13588300ddfb136329a6ee69963503d1e842c3eef361e524a0032.exe"], "addr": 4237411, "ret": "symbolic", "addr_func": 4237411}, {"name": "GetVersion", "args": [], "addr_func": "5243156", "addr": 4237449, "ret": 0}, {"name": "HeapCreate", "args": [0, 4096, 0], "addr_func": "5243108", "addr": 4241122, "ret": 1}, {"name": "GetVersionExA", "args": [2147417308], "addr_func": "5243116", "addr": 4240808, "ret": "<BV32 retval_GetVersionExA_32768_32>"}, {"name": "GetEnvironmentVariableA", "args": ["__MSVCRT_HEAP_SELECT", "", 4240], "addr_func": "5243120", "addr": 4240861, "ret": 0}, {"name": "GetModuleHandleA", "args": [0], "addr_func": "5243164", "addr": 4240742, "ret": 4194304}, {"name": "HeapAlloc", "args": [1, 0, 320], "addr_func": "5243192", "addr": 4241211, "ret": 3221258256}, {"name": "InitializeCriticalSection", "args": [4850520], "addr_func": "5243096", "addr": 4245839, "ret": "None"}, {"name": "InitializeCriticalSection", "args": [4850568], "addr_func": "5243096", "addr": 4245847, "ret": "None"}, {"name": "InitializeCriticalSection", "args": [4850544], "addr_func": "5243096", "addr": 4245855, "ret": "None"}, {"name": "InitializeCriticalSection", "args": [4850496], "addr_func": "5243096", "addr": 4245863, "ret": "None"}, {"name": "TlsAlloc", "args": [], "addr_func": "5243140", "addr": 4239390, "ret": 0}, {"name": "EnterCriticalSection", "args": [4850544], "addr_func": "5243088", "addr": 4245955, "ret": "None"}, {"name": "HeapAlloc", "args": [1, 8, 16836], "addr_func": "5243192", "addr": 4242991, "ret": 3221258584}, {"name": "VirtualAlloc", "args": [0, 1048576, 8192, 4], "addr_func": "5243100", "addr": 4243017, "ret": 3222798336}, {"name": "VirtualAlloc", "args": [3222798336, 32768, 4096, 4], "addr_func": "5243100", "addr": 4243157, "ret": 3222798336}, {"name": "LeaveCriticalSection", "args": [4850544], "addr_func": "5243084", "addr": 4245977, "ret": "None"}, {"name": "TlsSetValue", "args": [1, 3222802304], "addr_func": "5243144", "addr": 4239430, "ret": 1}, {"name": "GetCurrentThreadId", "args": [], "addr_func": "5243148", "addr": 4239447, "ret": 0}, {"name": "HeapAlloc", "args": [1, 0, 1152], "addr_func": "5243192", "addr": 4236164, "ret": 3221275432}, {"name": "GetStartupInfoA", "args": [2147417396], "addr_func": "5243056", "addr": 4250355, "ret": "None"}, {"name": "GetStdHandle", "args": [4294967286], "addr_func": "5243064", "addr": 4250625, "ret": 1000}, {"name": "GetFileType", "args": [1000], "addr_func": "5243060", "addr": 4250639, "ret": "<BV32 retval_GetFileType_32771_32>"}, {"name": "GetStdHandle", "args": [4294967285], "addr_func": "5243064", "addr": 4250625, "ret": 1001}, {"name": "GetFileType", "args": [1001], "addr_func": "5243060", "addr": 4250639, "ret": "<BV32 retval_GetFileType_32774_32>"}, {"name": "GetStdHandle", "args": [4294967284], "addr_func": "5243064", "addr": 4250625, "ret": 1002}, {"name": "GetFileType", "args": [1002], "addr_func": "5243060", "addr": 4250639, "ret": "<BV32 retval_GetFileType_32781_32>"}, {"name": "SetHandleCount", "args": [32], "addr_func": "5243068", "addr": 4250694, "ret": "<BV32 retval_SetHandleCount_32792_32>"}, {"name": "GetCommandLineW", "args": [], "addr_func": "5243032", "addr": 4255014, "ret": 0}, {"name": "GetCommandLineW", "args": [], "addr_func": "5243032", "addr": 4255055, "ret": 0}, {"name": "GetEnvironmentStringsW", "args": [], "addr_func": "5243040", "addr": 4254654, "ret": 0}, {"name": "EnterCriticalSection", "args": [4850544], "addr_func": "5243088", "addr": 4245955, "ret": "None"}, {"name": "LeaveCriticalSection", "args": [4850544], "addr_func": "5243084", "addr": 4245977, "ret": "None"}, {"name": "FreeEnvironmentStringsW", "args": [3221225480], "addr_func": "5243044", "addr": 4254762, "ret": "<BV32 retval_FreeEnvironmentStringsW_32804_32>"}, {"name": "GetModuleFileNameW", "args": [0, "2a05cdf530c13588300ddfb136329a6ee69963503d1e842c3eef361e524a0032.exe", 260], "addr_func": "5242940", "addr": 4254091, "ret": 137}, {"name": "EnterCriticalSection", "args": [4850544], "addr_func": "5243088", "addr": 4245955, "ret": "None"}, {"name": "LeaveCriticalSection", "args": [4850544], "addr_func": "5243084", "addr": 4245977, "ret": "None"}, {"name": "EnterCriticalSection", "args": [4850544], "addr_func": "5243088", "addr": 4245955, "ret": "None"}, {"name": "LeaveCriticalSection", "args": [4850544], "addr_func": "5243084", "addr": 4245977, "ret": "None"}, {"name": "EnterCriticalSection", "args": [4850544], "addr_func": "5243088", "addr": 4245955, "ret": "None"}, {"name": "LeaveCriticalSection", "args": [4850544], "addr_func": "5243084", "addr": 4245977, "ret": "None"}, {"name": "EnterCriticalSection", "args": [4850544], "addr_func": "5243088", "addr": 4245955, "ret": "None"}, {"name": "LeaveCriticalSection", "args": [4850544], "addr_func": "5243084", "addr": 4245977, "ret": "None"}, {"name": "EnterCriticalSection", "args": [4850544], "addr_func": "5243088", "addr": 4245955, "ret": "None"}, {"name": "LeaveCriticalSection", "args": [4850544], "addr_func": "5243084", "addr": 4245977, "ret": "None"}, {"name": "GetModuleHandleA", "args": ["KERNEL32"], "addr_func": "5243164", "addr": 4238286, "ret": 6295592}, {"name": "GetProcAddress", "args": [6295592, "IsProcessorFeaturePresent"], "addr_func": "5243028", "addr": 4238302, "ret": 6295596}, {"name": "IsProcessorFeaturePresent", "args": [0], "addr_func": "6295596", "addr": 4238314, "ret": 0}, {"name": "GetSystemTimeAsFileTime", "args": [2147417440], "addr_func": "5243196", "addr": 4235301, "ret": "None"}, {"name": "EnterCriticalSection", "args": [4850544], "addr_func": "5243088", "addr": 4245955, "ret": "None"}, {"name": "LeaveCriticalSection", "args": [4850544], "addr_func": "5243084", "addr": 4245977, "ret": "None"}, {"name": "HeapAlloc", "args": [1, 8, 2048], "addr_func": "5243192", "addr": 4258906, "ret": 3221276592}, {"name": "EnterCriticalSection", "args": [4850544], "addr_func": "5243088", "addr": 4245955, "ret": "None"}, {"name": "LeaveCriticalSection", "args": [4850544], "addr_func": "5243084", "addr": 4245977, "ret": "None"}, {"name": "EnterCriticalSection", "args": [4850520], "addr_func": "5243088", "addr": 4245955, "ret": "None"}, {"name": "InitializeCriticalSection", "args": [3222802272], "addr_func": "5243096", "addr": 4245928, "ret": "None"}, {"name": "LeaveCriticalSection", "args": [4850520], "addr_func": "5243084", "addr": 4245977, "ret": "None"}, {"name": "EnterCriticalSection", "args": [3222802272], "addr_func": "5243088", "addr": 4245955, "ret": "None"}, {"name": "GetACP", "args": [], "addr_func": "5242980", "addr": 4271073, "ret": 0}, {"name": "GetCPInfo", "args": ["retval_GetACP_32811_32", 2147417376], "addr_func": "5242992", "addr": 4271669, "ret": "<BV32 retval_GetCPInfo_32820_32>"}, {"name": "GetStringTypeW", "args": [1, 4317012, 1, 2147416028], "addr_func": "5243020", "addr": 4264541, "ret": "<BV32 retval_GetStringTypeW_32856_32>"}, {"name": "GetStringTypeA", "args": [0, 1, "", 1, 2147416028], "addr_func": "5243024", "addr": 4264567, "ret": "<BV32 retval_GetStringTypeA_32857_32>"}, {"name": "LCMapStringW", "args": [0, 256, "", 1, 0, 0], "addr_func": "5243000", "addr": 4264873, "ret": "<BV32 retval_LCMapStringW_32860_32>"}, {"name": "LCMapStringA", "args": [0, 256, "", 1, 0, 0], "addr_func": "5243004", "addr": 4264901, "ret": "<BV32 retval_LCMapStringA_32861_32>"}, {"name": "LCMapStringW", "args": [0, 256, "", 1, 0, 0], "addr_func": "5243000", "addr": 4264873, "ret": "<BV32 retval_LCMapStringW_32866_32>"}, {"name": "MultiByteToWideChar", "args": ["retval_GetACP_32811_32", 1, 2147417120, 256, 0, 0], "addr_func": "5243252", "addr": 4265030, "ret": "<BV32 retval_MultiByteToWideChar_32879_32>"}, {"name": "LeaveCriticalSection", "args": [3222802272], "addr_func": "5243084", "addr": 4245977, "ret": "None"}, {"name": "GdiplusStartup", "args": [], "addr_func": "5243740", "addr": 4213695, "ret": 0}, {"name": "GetTempPathW", "args": [1024, ""], "addr_func": "5242956", "addr": 4213734, "ret": "<BV32 retval_GetTempPathW_32909_32>"}, {"name": "EnterCriticalSection", "args": [4850568], "addr_func": "5243088", "addr": 4245955, "ret": "None"}, {"name": "EnterCriticalSection", "args": [4850544], "addr_func": "5243088", "addr": 4245955, "ret": "None"}, {"name": "LeaveCriticalSection", "args": [4850544], "addr_func": "5243084", "addr": 4245977, "ret": "None"}, {"name": "LeaveCriticalSection", "args": [4850568], "addr_func": "5243084", "addr": 4245977, "ret": "None"}, {"name": "GetStartupInfoW", "args": [2147417500], "addr_func": "5243160", "addr": 4237587, "ret": "None"}, {"name": "GetModuleHandleA", "args": [0], "addr_func": "5243164", "addr": 4237622, "ret": 4194304}, {"name": "InitCommonControlsEx", "args": [2147417444], "addr_func": "5243652", "addr": 4207304, "ret": "<BV32 retval_InitCommonControlsEx_32925_32>"}, {"name": "InitCommonControls", "args": [], "addr_func": "5243648", "addr": 4207310, "ret": 0}, {"name": "LoadStringW", "args": [4194304, 103, "", 100], "addr_func": "5243312", "addr": 4207392, "ret": "<BV32 retval_LoadStringW_32929_32>"}, {"name": "LoadStringW", "args": [4194304, 103, "", 100], "addr_func": "5243312", "addr": 4207404, "ret": "<BV32 retval_LoadStringW_32931_32>"}, {"name": "LoadIconW", "args": [4194304, ""], "addr_func": "5243524", "addr": 4207584, "ret": "<BV32 retval_LoadIconW_32933_32>"}, {"name": "LoadCursorW", "args": [0, ""], "addr_func": "5243528", "addr": 4207596, "ret": "<BV32 retval_LoadCursorW_32935_32>"}, {"name": "LoadIconW", "args": [4194304, ""], "addr_func": "5243524", "addr": 4207631, "ret": "<BV32 retval_LoadIconW_32938_32>"}, {"name": "RegisterClassExW", "args": [2147417344], "addr_func": "5243532", "addr": 4207644, "ret": "<BV32 retval_RegisterClassExW_32943_32>"}, {"name": "GetModuleFileNameW", "args": [0, "2a05cdf530c13588300ddfb136329a6ee69963503d1e842c3eef361e524a0032.exe", 260], "addr_func": "5242940", "addr": 4207055, "ret": 137}]}, "2": {"status": "active", "trace": [{"name": "main", "args": ["2a05cdf530c13588300ddfb136329a6ee69963503d1e842c3eef361e524a0032.exe"], "addr": 4237411, "ret": "symbolic", "addr_func": 4237411}, {"name": "GetVersion", "args": [], "addr_func": "5243156", "addr": 4237449, "ret": 0}, {"name": "HeapCreate", "args": [0, 4096, 0], "addr_func": "5243108", "addr": 4241122, "ret": 1}, {"name": "GetVersionExA", "args": [2147417308], "addr_func": "5243116", "addr": 4240808, "ret": "<BV32 retval_GetVersionExA_32768_32>"}, {"name": "GetEnvironmentVariableA", "args": ["__MSVCRT_HEAP_SELECT", "", 4240], "addr_func": "5243120", "addr": 4240861, "ret": 0}, {"name": "GetModuleHandleA", "args": [0], "addr_func": "5243164", "addr": 4240742, "ret": 4194304}, {"name": "HeapAlloc", "args": [1, 0, 320], "addr_func": "5243192", "addr": 4241211, "ret": 3221258256}, {"name": "InitializeCriticalSection", "args": [4850520], "addr_func": "5243096", "addr": 4245839, "ret": "None"}, {"name": "InitializeCriticalSection", "args": [4850568], "addr_func": "5243096", "addr": 4245847, "ret": "None"}, {"name": "InitializeCriticalSection", "args": [4850544], "addr_func": "5243096", "addr": 4245855, "ret": "None"}, {"name": "InitializeCriticalSection", "args": [4850496], "addr_func": "5243096", "addr": 4245863, "ret": "None"}, {"name": "TlsAlloc", "args": [], "addr_func": "5243140", "addr": 4239390, "ret": 0}, {"name": "EnterCriticalSection", "args": [4850544], "addr_func": "5243088", "addr": 4245955, "ret": "None"}, {"name": "HeapAlloc", "args": [1, 8, 16836], "addr_func": "5243192", "addr": 4242991, "ret": 3221258584}, {"name": "VirtualAlloc", "args": [0, 1048576, 8192, 4], "addr_func": "5243100", "addr": 4243017, "ret": 3222798336}, {"name": "VirtualAlloc", "args": [3222798336, 32768, 4096, 4], "addr_func": "5243100", "addr": 4243157, "ret": 3222798336}, {"name": "LeaveCriticalSection", "args": [4850544], "addr_func": "5243084", "addr": 4245977, "ret": "None"}, {"name": "TlsSetValue", "args": [1, 3222802304], "addr_func": "5243144", "addr": 4239430, "ret": 1}, {"name": "GetCurrentThreadId", "args": [], "addr_func": "5243148", "addr": 4239447, "ret": 0}, {"name": "HeapAlloc", "args": [1, 0, 1152], "addr_func": "5243192", "addr": 4236164, "ret": 3221275432}, {"name": "GetStartupInfoA", "args": [2147417396], "addr_func": "5243056", "addr": 4250355, "ret": "None"}, {"name": "GetStdHandle", "args": [4294967286], "addr_func": "5243064", "addr": 4250625, "ret": 1000}, {"name": "GetFileType", "args": [1000], "addr_func": "5243060", "addr": 4250639, "ret": "<BV32 retval_GetFileType_32771_32>"}, {"name": "GetStdHandle", "args": [4294967285], "addr_func": "5243064", "addr": 4250625, "ret": 1001}, {"name": "GetFileType", "args": [1001], "addr_func": "5243060", "addr": 4250639, "ret": "<BV32 retval_GetFileType_32774_32>"}, {"name": "GetStdHandle", "args": [4294967284], "addr_func": "5243064", "addr": 4250625, "ret": 1002}, {"name": "GetFileType", "args": [1002], "addr_func": "5243060", "addr": 4250639, "ret": "<BV32 retval_GetFileType_32781_32>"}, {"name": "SetHandleCount", "args": [32], "addr_func": "5243068", "addr": 4250694, "ret": "<BV32 retval_SetHandleCount_32792_32>"}, {"name": "GetCommandLineW", "args": [], "addr_func": "5243032", "addr": 4255014, "ret": 0}, {"name": "GetCommandLineW", "args": [], "addr_func": "5243032", "addr": 4255055, "ret": 0}, {"name": "GetEnvironmentStringsW", "args": [], "addr_func": "5243040", "addr": 4254654, "ret": 0}, {"name": "EnterCriticalSection", "args": [4850544], "addr_func": "5243088", "addr": 4245955, "ret": "None"}, {"name": "LeaveCriticalSection", "args": [4850544], "addr_func": "5243084", "addr": 4245977, "ret": "None"}, {"name": "FreeEnvironmentStringsW", "args": [3221225480], "addr_func": "5243044", "addr": 4254762, "ret": "<BV32 retval_FreeEnvironmentStringsW_32804_32>"}, {"name": "GetModuleFileNameW", "args": [0, "2a05cdf530c13588300ddfb136329a6ee69963503d1e842c3eef361e524a0032.exe", 260], "addr_func": "5242940", "addr": 4254091, "ret": 137}, {"name": "EnterCriticalSection", "args": [4850544], "addr_func": "5243088", "addr": 4245955, "ret": "None"}, {"name": "LeaveCriticalSection", "args": [4850544], "addr_func": "5243084", "addr": 4245977, "ret": "None"}, {"name": "EnterCriticalSection", "args": [4850544], "addr_func": "5243088", "addr": 4245955, "ret": "None"}, {"name": "LeaveCriticalSection", "args": [4850544], "addr_func": "5243084", "addr": 4245977, "ret": "None"}, {"name": "EnterCriticalSection", "args": [4850544], "addr_func": "5243088", "addr": 4245955, "ret": "None"}, {"name": "LeaveCriticalSection", "args": [4850544], "addr_func": "5243084", "addr": 4245977, "ret": "None"}, {"name": "EnterCriticalSection", "args": [4850544], "addr_func": "5243088", "addr": 4245955, "ret": "None"}, {"name": "LeaveCriticalSection", "args": [4850544], "addr_func": "5243084", "addr": 4245977, "ret": "None"}, {"name": "EnterCriticalSection", "args": [4850544], "addr_func": "5243088", "addr": 4245955, "ret": "None"}, {"name": "LeaveCriticalSection", "args": [4850544], "addr_func": "5243084", "addr": 4245977, "ret": "None"}, {"name": "GetModuleHandleA", "args": ["KERNEL32"], "addr_func": "5243164", "addr": 4238286, "ret": 6295592}, {"name": "GetProcAddress", "args": [6295592, "IsProcessorFeaturePresent"], "addr_func": "5243028", "addr": 4238302, "ret": 6295596}, {"name": "IsProcessorFeaturePresent", "args": [0], "addr_func": "6295596", "addr": 4238314, "ret": 0}, {"name": "GetSystemTimeAsFileTime", "args": [2147417440], "addr_func": "5243196", "addr": 4235301, "ret": "None"}, {"name": "EnterCriticalSection", "args": [4850544], "addr_func": "5243088", "addr": 4245955, "ret": "None"}, {"name": "LeaveCriticalSection", "args": [4850544], "addr_func": "5243084", "addr": 4245977, "ret": "None"}, {"name": "HeapAlloc", "args": [1, 8, 2048], "addr_func": "5243192", "addr": 4258906, "ret": 3221276592}, {"name": "EnterCriticalSection", "args": [4850544], "addr_func": "5243088", "addr": 4245955, "ret": "None"}, {"name": "LeaveCriticalSection", "args": [4850544], "addr_func": "5243084", "addr": 4245977, "ret": "None"}, {"name": "EnterCriticalSection", "args": [4850520], "addr_func": "5243088", "addr": 4245955, "ret": "None"}, {"name": "InitializeCriticalSection", "args": [3222802272], "addr_func": "5243096", "addr": 4245928, "ret": "None"}, {"name": "LeaveCriticalSection", "args": [4850520], "addr_func": "5243084", "addr": 4245977, "ret": "None"}, {"name": "EnterCriticalSection", "args": [3222802272], "addr_func": "5243088", "addr": 4245955, "ret": "None"}, {"name": "GetACP", "args": [], "addr_func": "5242980", "addr": 4271073, "ret": 0}, {"name": "GetCPInfo", "args": ["retval_GetACP_32811_32", 2147417376], "addr_func": "5242992", "addr": 4271669, "ret": "<BV32 retval_GetCPInfo_32820_32>"}, {"name": "GetStringTypeW", "args": [1, 4317012, 1, 2147416028], "addr_func": "5243020", "addr": 4264541, "ret": "<BV32 retval_GetStringTypeW_32856_32>"}, {"name": "GetStringTypeA", "args": [0, 1, "", 1, 2147416028], "addr_func": "5243024", "addr": 4264567, "ret": "<BV32 retval_GetStringTypeA_32857_32>"}, {"name": "LCMapStringW", "args": [0, 256, "", 1, 0, 0], "addr_func": "5243000", "addr": 4264873, "ret": "<BV32 retval_LCMapStringW_32860_32>"}, {"name": "LCMapStringA", "args": [0, 256, "", 1, 0, 0], "addr_func": "5243004", "addr": 4264901, "ret": "<BV32 retval_LCMapStringA_32861_32>"}, {"name": "LCMapStringW", "args": [0, 256, "", 1, 0, 0], "addr_func": "5243000", "addr": 4264873, "ret": "<BV32 retval_LCMapStringW_32866_32>"}, {"name": "MultiByteToWideChar", "args": ["retval_GetACP_32811_32", 1, 2147417120, 256, 0, 0], "addr_func": "5243252", "addr": 4265030, "ret": "<BV32 retval_MultiByteToWideChar_32879_32>"}, {"name": "MultiByteToWideChar", "args": ["retval_GetACP_32811_32", 1, 2147417120, 256, "retval_MultiByteToWideChar_32879_32", "retval_MultiByteToWideChar_32879_32"], "addr_func": "5243252", "addr": 4265118, "ret": "<BV32 retval_MultiByteToWideChar_32884_32>"}, {"name": "LeaveCriticalSection", "args": [3222802272], "addr_func": "5243084", "addr": 4245977, "ret": "None"}, {"name": "GdiplusStartup", "args": [], "addr_func": "5243740", "addr": 4213695, "ret": 0}, {"name": "GetTempPathW", "args": [1024, ""], "addr_func": "5242956", "addr": 4213734, "ret": "<BV32 retval_GetTempPathW_32911_32>"}, {"name": "EnterCriticalSection", "args": [4850568], "addr_func": "5243088", "addr": 4245955, "ret": "None"}, {"name": "EnterCriticalSection", "args": [4850544], "addr_func": "5243088", "addr": 4245955, "ret": "None"}, {"name": "LeaveCriticalSection", "args": [4850544], "addr_func": "5243084", "addr": 4245977, "ret": "None"}, {"name": "LeaveCriticalSection", "args": [4850568], "addr_func": "5243084", "addr": 4245977, "ret": "None"}, {"name": "GetStartupInfoW", "args": [2147417500], "addr_func": "5243160", "addr": 4237587, "ret": "None"}, {"name": "GetModuleHandleA", "args": [0], "addr_func": "5243164", "addr": 4237622, "ret": 4194304}, {"name": "InitCommonControlsEx", "args": [2147417444], "addr_func": "5243652", "addr": 4207304, "ret": "<BV32 retval_InitCommonControlsEx_32926_32>"}, {"name": "InitCommonControls", "args": [], "addr_func": "5243648", "addr": 4207310, "ret": 0}, {"name": "LoadStringW", "args": [4194304, 103, "", 100], "addr_func": "5243312", "addr": 4207392, "ret": "<BV32 retval_LoadStringW_32936_32>"}, {"name": "LoadStringW", "args": [4194304, 103, "", 100], "addr_func": "5243312", "addr": 4207404, "ret": "<BV32 retval_LoadStringW_32940_32>"}, {"name": "LoadIconW", "args": [4194304, ""], "addr_func": "5243524", "addr": 4207584, "ret": "<BV32 retval_LoadIconW_32946_32>"}, {"name": "LoadCursorW", "args": [0, ""], "addr_func": "5243528", "addr": 4207596, "ret": "<BV32 retval_LoadCursorW_32950_32>"}, {"name": "LoadIconW", "args": [4194304, ""], "addr_func": "5243524", "addr": 4207631, "ret": "<BV32 retval_LoadIconW_32952_32>"}, {"name": "RegisterClassExW", "args": [2147417344], "addr_func": "5243532", "addr": 4207644, "ret": "<BV32 retval_RegisterClassExW_32954_32>"}, {"name": "GetModuleFileNameW", "args": [0, "2a05cdf530c13588300ddfb136329a6ee69963503d1e842c3eef361e524a0032.exe", 260], "addr_func": "5242940", "addr": 4207055, "ret": 137}]}, "3": {"status": "active", "trace": [{"name": "main", "args": ["2a05cdf530c13588300ddfb136329a6ee69963503d1e842c3eef361e524a0032.exe"], "addr": 4237411, "ret": "symbolic", "addr_func": 4237411}, {"name": "GetVersion", "args": [], "addr_func": "5243156", "addr": 4237449, "ret": 0}, {"name": "HeapCreate", "args": [0, 4096, 0], "addr_func": "5243108", "addr": 4241122, "ret": 1}, {"name": "GetVersionExA", "args": [2147417308], "addr_func": "5243116", "addr": 4240808, "ret": "<BV32 retval_GetVersionExA_32768_32>"}, {"name": "GetEnvironmentVariableA", "args": ["__MSVCRT_HEAP_SELECT", "", 4240], "addr_func": "5243120", "addr": 4240861, "ret": 0}, {"name": "GetModuleHandleA", "args": [0], "addr_func": "5243164", "addr": 4240742, "ret": 4194304}, {"name": "HeapAlloc", "args": [1, 0, 320], "addr_func": "5243192", "addr": 4241211, "ret": 3221258256}, {"name": "InitializeCriticalSection", "args": [4850520], "addr_func": "5243096", "addr": 4245839, "ret": "None"}, {"name": "InitializeCriticalSection", "args": [4850568], "addr_func": "5243096", "addr": 4245847, "ret": "None"}, {"name": "InitializeCriticalSection", "args": [4850544], "addr_func": "5243096", "addr": 4245855, "ret": "None"}, {"name": "InitializeCriticalSection", "args": [4850496], "addr_func": "5243096", "addr": 4245863, "ret": "None"}, {"name": "TlsAlloc", "args": [], "addr_func": "5243140", "addr": 4239390, "ret": 0}, {"name": "EnterCriticalSection", "args": [4850544], "addr_func": "5243088", "addr": 4245955, "ret": "None"}, {"name": "HeapAlloc", "args": [1, 8, 16836], "addr_func": "5243192", "addr": 4242991, "ret": 3221258584}, {"name": "VirtualAlloc", "args": [0, 1048576, 8192, 4], "addr_func": "5243100", "addr": 4243017, "ret": 3222798336}, {"name": "VirtualAlloc", "args": [3222798336, 32768, 4096, 4], "addr_func": "5243100", "addr": 4243157, "ret": 3222798336}, {"name": "LeaveCriticalSection", "args": [4850544], "addr_func": "5243084", "addr": 4245977, "ret": "None"}, {"name": "TlsSetValue", "args": [1, 3222802304], "addr_func": "5243144", "addr": 4239430, "ret": 1}, {"name": "GetCurrentThreadId", "args": [], "addr_func": "5243148", "addr": 4239447, "ret": 0}, {"name": "HeapAlloc", "args": [1, 0, 1152], "addr_func": "5243192", "addr": 4236164, "ret": 3221275432}, {"name": "GetStartupInfoA", "args": [2147417396], "addr_func": "5243056", "addr": 4250355, "ret": "None"}, {"name": "GetStdHandle", "args": [4294967286], "addr_func": "5243064", "addr": 4250625, "ret": 1000}, {"name": "GetFileType", "args": [1000], "addr_func": "5243060", "addr": 4250639, "ret": "<BV32 retval_GetFileType_32771_32>"}, {"name": "GetStdHandle", "args": [4294967285], "addr_func": "5243064", "addr": 4250625, "ret": 1001}, {"name": "GetFileType", "args": [1001], "addr_func": "5243060", "addr": 4250639, "ret": "<BV32 retval_GetFileType_32774_32>"}, {"name": "GetStdHandle", "args": [4294967284], "addr_func": "5243064", "addr": 4250625, "ret": 1002}, {"name": "GetFileType", "args": [1002], "addr_func": "5243060", "addr": 4250639, "ret": "<BV32 retval_GetFileType_32781_32>"}, {"name": "SetHandleCount", "args": [32], "addr_func": "5243068", "addr": 4250694, "ret": "<BV32 retval_SetHandleCount_32792_32>"}, {"name": "GetCommandLineW", "args": [], "addr_func": "5243032", "addr": 4255014, "ret": 0}, {"name": "GetCommandLineW", "args": [], "addr_func": "5243032", "addr": 4255055, "ret": 0}, {"name": "GetEnvironmentStringsW", "args": [], "addr_func": "5243040", "addr": 4254654, "ret": 0}, {"name": "EnterCriticalSection", "args": [4850544], "addr_func": "5243088", "addr": 4245955, "ret": "None"}, {"name": "LeaveCriticalSection", "args": [4850544], "addr_func": "5243084", "addr": 4245977, "ret": "None"}, {"name": "FreeEnvironmentStringsW", "args": [3221225480], "addr_func": "5243044", "addr": 4254762, "ret": "<BV32 retval_FreeEnvironmentStringsW_32804_32>"}, {"name": "GetModuleFileNameW", "args": [0, "2a05cdf530c13588300ddfb136329a6ee69963503d1e842c3eef361e524a0032.exe", 260], "addr_func": "5242940", "addr": 4254091, "ret": 137}, {"name": "EnterCriticalSection", "args": [4850544], "addr_func": "5243088", "addr": 4245955, "ret": "None"}, {"name": "LeaveCriticalSection", "args": [4850544], "addr_func": "5243084", "addr": 4245977, "ret": "None"}, {"name": "EnterCriticalSection", "args": [4850544], "addr_func": "5243088", "addr": 4245955, "ret": "None"}, {"name": "LeaveCriticalSection", "args": [4850544], "addr_func": "5243084", "addr": 4245977, "ret": "None"}, {"name": "EnterCriticalSection", "args": [4850544], "addr_func": "5243088", "addr": 4245955, "ret": "None"}, {"name": "LeaveCriticalSection", "args": [4850544], "addr_func": "5243084", "addr": 4245977, "ret": "None"}, {"name": "EnterCriticalSection", "args": [4850544], "addr_func": "5243088", "addr": 4245955, "ret": "None"}, {"name": "LeaveCriticalSection", "args": [4850544], "addr_func": "5243084", "addr": 4245977, "ret": "None"}, {"name": "EnterCriticalSection", "args": [4850544], "addr_func": "5243088", "addr": 4245955, "ret": "None"}, {"name": "LeaveCriticalSection", "args": [4850544], "addr_func": "5243084", "addr": 4245977, "ret": "None"}, {"name": "GetModuleHandleA", "args": ["KERNEL32"], "addr_func": "5243164", "addr": 4238286, "ret": 6295592}, {"name": "GetProcAddress", "args": [6295592, "IsProcessorFeaturePresent"], "addr_func": "5243028", "addr": 4238302, "ret": 6295596}, {"name": "IsProcessorFeaturePresent", "args": [0], "addr_func": "6295596", "addr": 4238314, "ret": 0}, {"name": "GetSystemTimeAsFileTime", "args": [2147417440], "addr_func": "5243196", "addr": 4235301, "ret": "None"}, {"name": "EnterCriticalSection", "args": [4850544], "addr_func": "5243088", "addr": 4245955, "ret": "None"}, {"name": "LeaveCriticalSection", "args": [4850544], "addr_func": "5243084", "addr": 4245977, "ret": "None"}, {"name": "HeapAlloc", "args": [1, 8, 2048], "addr_func": "5243192", "addr": 4258906, "ret": 3221276592}, {"name": "EnterCriticalSection", "args": [4850544], "addr_func": "5243088", "addr": 4245955, "ret": "None"}, {"name": "LeaveCriticalSection", "args": [4850544], "addr_func": "5243084", "addr": 4245977, "ret": "None"}, {"name": "EnterCriticalSection", "args": [4850520], "addr_func": "5243088", "addr": 4245955, "ret": "None"}, {"name": "InitializeCriticalSection", "args": [3222802272], "addr_func": "5243096", "addr": 4245928, "ret": "None"}, {"name": "LeaveCriticalSection", "args": [4850520], "addr_func": "5243084", "addr": 4245977, "ret": "None"}, {"name": "EnterCriticalSection", "args": [3222802272], "addr_func": "5243088", "addr": 4245955, "ret": "None"}, {"name": "GetACP", "args": [], "addr_func": "5242980", "addr": 4271073, "ret": 0}, {"name": "GetCPInfo", "args": ["retval_GetACP_32811_32", 2147417376], "addr_func": "5242992", "addr": 4271669, "ret": "<BV32 retval_GetCPInfo_32820_32>"}, {"name": "GetStringTypeW", "args": [1, 4317012, 1, 2147416028], "addr_func": "5243020", "addr": 4264541, "ret": "<BV32 retval_GetStringTypeW_32856_32>"}, {"name": "GetStringTypeA", "args": [0, 1, "", 1, 2147416028], "addr_func": "5243024", "addr": 4264567, "ret": "<BV32 retval_GetStringTypeA_32857_32>"}, {"name": "LCMapStringW", "args": [0, 256, "", 1, 0, 0], "addr_func": "5243000", "addr": 4264873, "ret": "<BV32 retval_LCMapStringW_32860_32>"}, {"name": "LCMapStringA", "args": [0, 256, "", 1, 0, 0], "addr_func": "5243004", "addr": 4264901, "ret": "<BV32 retval_LCMapStringA_32861_32>"}, {"name": "LCMapStringW", "args": [0, 256, "", 1, 0, 0], "addr_func": "5243000", "addr": 4264873, "ret": "<BV32 retval_LCMapStringW_32866_32>"}, {"name": "MultiByteToWideChar", "args": ["retval_GetACP_32811_32", 1, 2147417120, 256, 0, 0], "addr_func": "5243252", "addr": 4265030, "ret": "<BV32 retval_MultiByteToWideChar_32879_32>"}, {"name": "MultiByteToWideChar", "args": ["retval_GetACP_32811_32", 1, 2147417120, 256, "retval_MultiByteToWideChar_32879_32", "retval_MultiByteToWideChar_32879_32"], "addr_func": "5243252", "addr": 4265118, "ret": "<BV32 retval_MultiByteToWideChar_32884_32>"}, {"name": "LCMapStringW", "args": [1042, 512, "retval_MultiByteToWideChar_32879_32", "retval_MultiByteToWideChar_32879_32", 0, 0], "addr_func": "5243000", "addr": 4265140, "ret": "<BV32 retval_LCMapStringW_32887_32>"}, {"name": "LeaveCriticalSection", "args": [3222802272], "addr_func": "5243084", "addr": 4245977, "ret": "None"}, {"name": "GdiplusStartup", "args": [], "addr_func": "5243740", "addr": 4213695, "ret": 0}, {"name": "GetTempPathW", "args": [1024, ""], "addr_func": "5242956", "addr": 4213734, "ret": "<BV32 retval_GetTempPathW_32913_32>"}, {"name": "EnterCriticalSection", "args": [4850568], "addr_func": "5243088", "addr": 4245955, "ret": "None"}, {"name": "EnterCriticalSection", "args": [4850544], "addr_func": "5243088", "addr": 4245955, "ret": "None"}, {"name": "LeaveCriticalSection", "args": [4850544], "addr_func": "5243084", "addr": 4245977, "ret": "None"}, {"name": "LeaveCriticalSection", "args": [4850568], "addr_func": "5243084", "addr": 4245977, "ret": "None"}, {"name": "GetStartupInfoW", "args": [2147417500], "addr_func": "5243160", "addr": 4237587, "ret": "None"}, {"name": "GetModuleHandleA", "args": [0], "addr_func": "5243164", "addr": 4237622, "ret": 4194304}, {"name": "InitCommonControlsEx", "args": [2147417444], "addr_func": "5243652", "addr": 4207304, "ret": "<BV32 retval_InitCommonControlsEx_32927_32>"}, {"name": "InitCommonControls", "args": [], "addr_func": "5243648", "addr": 4207310, "ret": 0}, {"name": "LoadStringW", "args": [4194304, 103, "", 100], "addr_func": "5243312", "addr": 4207392, "ret": "<BV32 retval_LoadStringW_32944_32>"}, {"name": "LoadStringW", "args": [4194304, 103, "", 100], "addr_func": "5243312", "addr": 4207404, "ret": "<BV32 retval_LoadStringW_32947_32>"}, {"name": "LoadIconW", "args": [4194304, ""], "addr_func": "5243524", "addr": 4207584, "ret": "<BV32 retval_LoadIconW_32951_32>"}, {"name": "LoadCursorW", "args": [0, ""], "addr_func": "5243528", "addr": 4207596, "ret": "<BV32 retval_LoadCursorW_32953_32>"}, {"name": "LoadIconW", "args": [4194304, ""], "addr_func": "5243524", "addr": 4207631, "ret": "<BV32 retval_LoadIconW_32955_32>"}, {"name": "RegisterClassExW", "args": [2147417344], "addr_func": "5243532", "addr": 4207644, "ret": "<BV32 retval_RegisterClassExW_32956_32>"}, {"name": "GetModuleFileNameW", "args": [0, "2a05cdf530c13588300ddfb136329a6ee69963503d1e842c3eef361e524a0032.exe", 260], "addr_func": "5242940", "addr": 4207055, "ret": 137}]}, "4": {"status": "active", "trace": [{"name": "main", "args": ["2a05cdf530c13588300ddfb136329a6ee69963503d1e842c3eef361e524a0032.exe"], "addr": 4237411, "ret": "symbolic", "addr_func": 4237411}, {"name": "GetVersion", "args": [], "addr_func": "5243156", "addr": 4237449, "ret": 0}, {"name": "HeapCreate", "args": [0, 4096, 0], "addr_func": "5243108", "addr": 4241122, "ret": 1}, {"name": "GetVersionExA", "args": [2147417308], "addr_func": "5243116", "addr": 4240808, "ret": "<BV32 retval_GetVersionExA_32768_32>"}, {"name": "GetEnvironmentVariableA", "args": ["__MSVCRT_HEAP_SELECT", "", 4240], "addr_func": "5243120", "addr": 4240861, "ret": 0}, {"name": "GetModuleHandleA", "args": [0], "addr_func": "5243164", "addr": 4240742, "ret": 4194304}, {"name": "HeapAlloc", "args": [1, 0, 320], "addr_func": "5243192", "addr": 4241211, "ret": 3221258256}, {"name": "InitializeCriticalSection", "args": [4850520], "addr_func": "5243096", "addr": 4245839, "ret": "None"}, {"name": "InitializeCriticalSection", "args": [4850568], "addr_func": "5243096", "addr": 4245847, "ret": "None"}, {"name": "InitializeCriticalSection", "args": [4850544], "addr_func": "5243096", "addr": 4245855, "ret": "None"}, {"name": "InitializeCriticalSection", "args": [4850496], "addr_func": "5243096", "addr": 4245863, "ret": "None"}, {"name": "TlsAlloc", "args": [], "addr_func": "5243140", "addr": 4239390, "ret": 0}, {"name": "EnterCriticalSection", "args": [4850544], "addr_func": "5243088", "addr": 4245955, "ret": "None"}, {"name": "HeapAlloc", "args": [1, 8, 16836], "addr_func": "5243192", "addr": 4242991, "ret": 3221258584}, {"name": "VirtualAlloc", "args": [0, 1048576, 8192, 4], "addr_func": "5243100", "addr": 4243017, "ret": 3222798336}, {"name": "VirtualAlloc", "args": [3222798336, 32768, 4096, 4], "addr_func": "5243100", "addr": 4243157, "ret": 3222798336}, {"name": "LeaveCriticalSection", "args": [4850544], "addr_func": "5243084", "addr": 4245977, "ret": "None"}, {"name": "TlsSetValue", "args": [1, 3222802304], "addr_func": "5243144", "addr": 4239430, "ret": 1}, {"name": "GetCurrentThreadId", "args": [], "addr_func": "5243148", "addr": 4239447, "ret": 0}, {"name": "HeapAlloc", "args": [1, 0, 1152], "addr_func": "5243192", "addr": 4236164, "ret": 3221275432}, {"name": "GetStartupInfoA", "args": [2147417396], "addr_func": "5243056", "addr": 4250355, "ret": "None"}, {"name": "GetStdHandle", "args": [4294967286], "addr_func": "5243064", "addr": 4250625, "ret": 1000}, {"name": "GetFileType", "args": [1000], "addr_func": "5243060", "addr": 4250639, "ret": "<BV32 retval_GetFileType_32771_32>"}, {"name": "GetStdHandle", "args": [4294967285], "addr_func": "5243064", "addr": 4250625, "ret": 1001}, {"name": "GetFileType", "args": [1001], "addr_func": "5243060", "addr": 4250639, "ret": "<BV32 retval_GetFileType_32774_32>"}, {"name": "GetStdHandle", "args": [4294967284], "addr_func": "5243064", "addr": 4250625, "ret": 1002}, {"name": "GetFileType", "args": [1002], "addr_func": "5243060", "addr": 4250639, "ret": "<BV32 retval_GetFileType_32781_32>"}, {"name": "SetHandleCount", "args": [32], "addr_func": "5243068", "addr": 4250694, "ret": "<BV32 retval_SetHandleCount_32792_32>"}, {"name": "GetCommandLineW", "args": [], "addr_func": "5243032", "addr": 4255014, "ret": 0}, {"name": "GetCommandLineW", "args": [], "addr_func": "5243032", "addr": 4255055, "ret": 0}, {"name": "GetEnvironmentStringsW", "args": [], "addr_func": "5243040", "addr": 4254654, "ret": 0}, {"name": "EnterCriticalSection", "args": [4850544], "addr_func": "5243088", "addr": 4245955, "ret": "None"}, {"name": "LeaveCriticalSection", "args": [4850544], "addr_func": "5243084", "addr": 4245977, "ret": "None"}, {"name": "FreeEnvironmentStringsW", "args": [3221225480], "addr_func": "5243044", "addr": 4254762, "ret": "<BV32 retval_FreeEnvironmentStringsW_32804_32>"}, {"name": "GetModuleFileNameW", "args": [0, "2a05cdf530c13588300ddfb136329a6ee69963503d1e842c3eef361e524a0032.exe", 260], "addr_func": "5242940", "addr": 4254091, "ret": 137}, {"name": "EnterCriticalSection", "args": [4850544], "addr_func": "5243088", "addr": 4245955, "ret": "None"}, {"name": "LeaveCriticalSection", "args": [4850544], "addr_func": "5243084", "addr": 4245977, "ret": "None"}, {"name": "EnterCriticalSection", "args": [4850544], "addr_func": "5243088", "addr": 4245955, "ret": "None"}, {"name": "LeaveCriticalSection", "args": [4850544], "addr_func": "5243084", "addr": 4245977, "ret": "None"}, {"name": "EnterCriticalSection", "args": [4850544], "addr_func": "5243088", "addr": 4245955, "ret": "None"}, {"name": "LeaveCriticalSection", "args": [4850544], "addr_func": "5243084", "addr": 4245977, "ret": "None"}, {"name": "EnterCriticalSection", "args": [4850544], "addr_func": "5243088", "addr": 4245955, "ret": "None"}, {"name": "LeaveCriticalSection", "args": [4850544], "addr_func": "5243084", "addr": 4245977, "ret": "None"}, {"name": "EnterCriticalSection", "args": [4850544], "addr_func": "5243088", "addr": 4245955, "ret": "None"}, {"name": "LeaveCriticalSection", "args": [4850544], "addr_func": "5243084", "addr": 4245977, "ret": "None"}, {"name": "GetModuleHandleA", "args": ["KERNEL32"], "addr_func": "5243164", "addr": 4238286, "ret": 6295592}, {"name": "GetProcAddress", "args": [6295592, "IsProcessorFeaturePresent"], "addr_func": "5243028", "addr": 4238302, "ret": 6295596}, {"name": "IsProcessorFeaturePresent", "args": [0], "addr_func": "6295596", "addr": 4238314, "ret": 0}, {"name": "GetSystemTimeAsFileTime", "args": [2147417440], "addr_func": "5243196", "addr": 4235301, "ret": "None"}, {"name": "EnterCriticalSection", "args": [4850544], "addr_func": "5243088", "addr": 4245955, "ret": "None"}, {"name": "LeaveCriticalSection", "args": [4850544], "addr_func": "5243084", "addr": 4245977, "ret": "None"}, {"name": "HeapAlloc", "args": [1, 8, 2048], "addr_func": "5243192", "addr": 4258906, "ret": 3221276592}, {"name": "EnterCriticalSection", "args": [4850544], "addr_func": "5243088", "addr": 4245955, "ret": "None"}, {"name": "LeaveCriticalSection", "args": [4850544], "addr_func": "5243084", "addr": 4245977, "ret": "None"}, {"name": "EnterCriticalSection", "args": [4850520], "addr_func": "5243088", "addr": 4245955, "ret": "None"}, {"name": "InitializeCriticalSection", "args": [3222802272], "addr_func": "5243096", "addr": 4245928, "ret": "None"}, {"name": "LeaveCriticalSection", "args": [4850520], "addr_func": "5243084", "addr": 4245977, "ret": "None"}, {"name": "EnterCriticalSection", "args": [3222802272], "addr_func": "5243088", "addr": 4245955, "ret": "None"}, {"name": "GetACP", "args": [], "addr_func": "5242980", "addr": 4271073, "ret": 0}, {"name": "GetCPInfo", "args": ["retval_GetACP_32811_32", 2147417376], "addr_func": "5242992", "addr": 4271669, "ret": "<BV32 retval_GetCPInfo_32820_32>"}, {"name": "GetStringTypeW", "args": [1, 4317012, 1, 2147416028], "addr_func": "5243020", "addr": 4264541, "ret": "<BV32 retval_GetStringTypeW_32856_32>"}, {"name": "GetStringTypeA", "args": [0, 1, "", 1, 2147416028], "addr_func": "5243024", "addr": 4264567, "ret": "<BV32 retval_GetStringTypeA_32857_32>"}, {"name": "LCMapStringW", "args": [0, 256, "", 1, 0, 0], "addr_func": "5243000", "addr": 4264873, "ret": "<BV32 retval_LCMapStringW_32860_32>"}, {"name": "LCMapStringA", "args": [0, 256, "", 1, 0, 0], "addr_func": "5243004", "addr": 4264901, "ret": "<BV32 retval_LCMapStringA_32861_32>"}, {"name": "LCMapStringW", "args": [0, 256, "", 1, 0, 0], "addr_func": "5243000", "addr": 4264873, "ret": "<BV32 retval_LCMapStringW_32866_32>"}, {"name": "MultiByteToWideChar", "args": ["retval_GetACP_32811_32", 1, 2147417120, 256, 0, 0], "addr_func": "5243252", "addr": 4265030, "ret": "<BV32 retval_MultiByteToWideChar_32879_32>"}, {"name": "MultiByteToWideChar", "args": ["retval_GetACP_32811_32", 1, 2147417120, 256, "retval_MultiByteToWideChar_32879_32", "retval_MultiByteToWideChar_32879_32"], "addr_func": "5243252", "addr": 4265118, "ret": "<BV32 retval_MultiByteToWideChar_32884_32>"}, {"name": "LCMapStringW", "args": [1042, 512, "retval_MultiByteToWideChar_32879_32", "retval_MultiByteToWideChar_32879_32", 0, 0], "addr_func": "5243000", "addr": 4265140, "ret": "<BV32 retval_LCMapStringW_32887_32>"}, {"name": "LCMapStringW", "args": [1042, 512, "retval_MultiByteToWideChar_32879_32", "retval_MultiByteToWideChar_32879_32", "retval_MultiByteToWideChar_32879_32_retval_LCMapStringW_32887_32", "retval_LCMapStringW_32887_32"], "addr_func": "5243000", "addr": 4265295, "ret": "<BV32 retval_LCMapStringW_32892_32>"}, {"name": "LeaveCriticalSection", "args": [3222802272], "addr_func": "5243084", "addr": 4245977, "ret": "None"}, {"name": "GdiplusStartup", "args": [], "addr_func": "5243740", "addr": 4213695, "ret": 0}, {"name": "GetTempPathW", "args": [1024, ""], "addr_func": "5242956", "addr": 4213734, "ret": "<BV32 retval_GetTempPathW_32916_32>"}, {"name": "EnterCriticalSection", "args": [4850568], "addr_func": "5243088", "addr": 4245955, "ret": "None"}, {"name": "EnterCriticalSection", "args": [4850544], "addr_func": "5243088", "addr": 4245955, "ret": "None"}, {"name": "LeaveCriticalSection", "args": [4850544], "addr_func": "5243084", "addr": 4245977, "ret": "None"}, {"name": "LeaveCriticalSection", "args": [4850568], "addr_func": "5243084", "addr": 4245977, "ret": "None"}, {"name": "GetStartupInfoW", "args": [2147417500], "addr_func": "5243160", "addr": 4237587, "ret": "None"}, {"name": "GetModuleHandleA", "args": [0], "addr_func": "5243164", "addr": 4237622, "ret": 4194304}, {"name": "InitCommonControlsEx", "args": [2147417444], "addr_func": "5243652", "addr": 4207304, "ret": "<BV32 retval_InitCommonControlsEx_32939_32>"}, {"name": "InitCommonControls", "args": [], "addr_func": "5243648", "addr": 4207310, "ret": 0}, {"name": "LoadStringW", "args": [4194304, 103, "", 100], "addr_func": "5243312", "addr": 4207392, "ret": "<BV32 retval_LoadStringW_32957_32>"}, {"name": "LoadStringW", "args": [4194304, 103, "", 100], "addr_func": "5243312", "addr": 4207404, "ret": "<BV32 retval_LoadStringW_32959_32>"}, {"name": "LoadIconW", "args": [4194304, ""], "addr_func": "5243524", "addr": 4207584, "ret": "<BV32 retval_LoadIconW_32964_32>"}, {"name": "LoadCursorW", "args": [0, ""], "addr_func": "5243528", "addr": 4207596, "ret": "<BV32 retval_LoadCursorW_32970_32>"}, {"name": "LoadIconW", "args": [4194304, ""], "addr_func": "5243524", "addr": 4207631, "ret": "<BV32 retval_LoadIconW_32974_32>"}, {"name": "RegisterClassExW", "args": [2147417344], "addr_func": "5243532", "addr": 4207644, "ret": "<BV32 retval_RegisterClassExW_32980_32>"}, {"name": "GetModuleFileNameW", "args": [0, "2a05cdf530c13588300ddfb136329a6ee69963503d1e842c3eef361e524a0032.exe", 260], "addr_func": "5242940", "addr": 4207055, "ret": 137}]}, "5": {"status": "active", "trace": [{"name": "main", "args": ["2a05cdf530c13588300ddfb136329a6ee69963503d1e842c3eef361e524a0032.exe"], "addr": 4237411, "ret": "symbolic", "addr_func": 4237411}, {"name": "GetVersion", "args": [], "addr_func": "5243156", "addr": 4237449, "ret": 0}, {"name": "HeapCreate", "args": [0, 4096, 0], "addr_func": "5243108", "addr": 4241122, "ret": 1}, {"name": "GetVersionExA", "args": [2147417308], "addr_func": "5243116", "addr": 4240808, "ret": "<BV32 retval_GetVersionExA_32768_32>"}, {"name": "GetEnvironmentVariableA", "args": ["__MSVCRT_HEAP_SELECT", "", 4240], "addr_func": "5243120", "addr": 4240861, "ret": 0}, {"name": "GetModuleHandleA", "args": [0], "addr_func": "5243164", "addr": 4240742, "ret": 4194304}, {"name": "HeapAlloc", "args": [1, 0, 320], "addr_func": "5243192", "addr": 4241211, "ret": 3221258256}, {"name": "InitializeCriticalSection", "args": [4850520], "addr_func": "5243096", "addr": 4245839, "ret": "None"}, {"name": "InitializeCriticalSection", "args": [4850568], "addr_func": "5243096", "addr": 4245847, "ret": "None"}, {"name": "InitializeCriticalSection", "args": [4850544], "addr_func": "5243096", "addr": 4245855, "ret": "None"}, {"name": "InitializeCriticalSection", "args": [4850496], "addr_func": "5243096", "addr": 4245863, "ret": "None"}, {"name": "TlsAlloc", "args": [], "addr_func": "5243140", "addr": 4239390, "ret": 0}, {"name": "EnterCriticalSection", "args": [4850544], "addr_func": "5243088", "addr": 4245955, "ret": "None"}, {"name": "HeapAlloc", "args": [1, 8, 16836], "addr_func": "5243192", "addr": 4242991, "ret": 3221258584}, {"name": "VirtualAlloc", "args": [0, 1048576, 8192, 4], "addr_func": "5243100", "addr": 4243017, "ret": 3222798336}, {"name": "VirtualAlloc", "args": [3222798336, 32768, 4096, 4], "addr_func": "5243100", "addr": 4243157, "ret": 3222798336}, {"name": "LeaveCriticalSection", "args": [4850544], "addr_func": "5243084", "addr": 4245977, "ret": "None"}, {"name": "TlsSetValue", "args": [1, 3222802304], "addr_func": "5243144", "addr": 4239430, "ret": 1}, {"name": "GetCurrentThreadId", "args": [], "addr_func": "5243148", "addr": 4239447, "ret": 0}, {"name": "HeapAlloc", "args": [1, 0, 1152], "addr_func": "5243192", "addr": 4236164, "ret": 3221275432}, {"name": "GetStartupInfoA", "args": [2147417396], "addr_func": "5243056", "addr": 4250355, "ret": "None"}, {"name": "GetStdHandle", "args": [4294967286], "addr_func": "5243064", "addr": 4250625, "ret": 1000}, {"name": "GetFileType", "args": [1000], "addr_func": "5243060", "addr": 4250639, "ret": "<BV32 retval_GetFileType_32771_32>"}, {"name": "GetStdHandle", "args": [4294967285], "addr_func": "5243064", "addr": 4250625, "ret": 1001}, {"name": "GetFileType", "args": [1001], "addr_func": "5243060", "addr": 4250639, "ret": "<BV32 retval_GetFileType_32774_32>"}, {"name": "GetStdHandle", "args": [4294967284], "addr_func": "5243064", "addr": 4250625, "ret": 1002}, {"name": "GetFileType", "args": [1002], "addr_func": "5243060", "addr": 4250639, "ret": "<BV32 retval_GetFileType_32781_32>"}, {"name": "SetHandleCount", "args": [32], "addr_func": "5243068", "addr": 4250694, "ret": "<BV32 retval_SetHandleCount_32792_32>"}, {"name": "GetCommandLineW", "args": [], "addr_func": "5243032", "addr": 4255014, "ret": 0}, {"name": "GetCommandLineW", "args": [], "addr_func": "5243032", "addr": 4255055, "ret": 0}, {"name": "GetEnvironmentStringsW", "args": [], "addr_func": "5243040", "addr": 4254654, "ret": 0}, {"name": "EnterCriticalSection", "args": [4850544], "addr_func": "5243088", "addr": 4245955, "ret": "None"}, {"name": "LeaveCriticalSection", "args": [4850544], "addr_func": "5243084", "addr": 4245977, "ret": "None"}, {"name": "FreeEnvironmentStringsW", "args": [3221225480], "addr_func": "5243044", "addr": 4254762, "ret": "<BV32 retval_FreeEnvironmentStringsW_32804_32>"}, {"name": "GetModuleFileNameW", "args": [0, "2a05cdf530c13588300ddfb136329a6ee69963503d1e842c3eef361e524a0032.exe", 260], "addr_func": "5242940", "addr": 4254091, "ret": 137}, {"name": "EnterCriticalSection", "args": [4850544], "addr_func": "5243088", "addr": 4245955, "ret": "None"}, {"name": "LeaveCriticalSection", "args": [4850544], "addr_func": "5243084", "addr": 4245977, "ret": "None"}, {"name": "EnterCriticalSection", "args": [4850544], "addr_func": "5243088", "addr": 4245955, "ret": "None"}, {"name": "LeaveCriticalSection", "args": [4850544], "addr_func": "5243084", "addr": 4245977, "ret": "None"}, {"name": "EnterCriticalSection", "args": [4850544], "addr_func": "5243088", "addr": 4245955, "ret": "None"}, {"name": "LeaveCriticalSection", "args": [4850544], "addr_func": "5243084", "addr": 4245977, "ret": "None"}, {"name": "EnterCriticalSection", "args": [4850544], "addr_func": "5243088", "addr": 4245955, "ret": "None"}, {"name": "LeaveCriticalSection", "args": [4850544], "addr_func": "5243084", "addr": 4245977, "ret": "None"}, {"name": "EnterCriticalSection", "args": [4850544], "addr_func": "5243088", "addr": 4245955, "ret": "None"}, {"name": "LeaveCriticalSection", "args": [4850544], "addr_func": "5243084", "addr": 4245977, "ret": "None"}, {"name": "GetModuleHandleA", "args": ["KERNEL32"], "addr_func": "5243164", "addr": 4238286, "ret": 6295592}, {"name": "GetProcAddress", "args": [6295592, "IsProcessorFeaturePresent"], "addr_func": "5243028", "addr": 4238302, "ret": 6295596}, {"name": "IsProcessorFeaturePresent", "args": [0], "addr_func": "6295596", "addr": 4238314, "ret": 0}, {"name": "GetSystemTimeAsFileTime", "args": [2147417440], "addr_func": "5243196", "addr": 4235301, "ret": "None"}, {"name": "EnterCriticalSection", "args": [4850544], "addr_func": "5243088", "addr": 4245955, "ret": "None"}, {"name": "LeaveCriticalSection", "args": [4850544], "addr_func": "5243084", "addr": 4245977, "ret": "None"}, {"name": "HeapAlloc", "args": [1, 8, 2048], "addr_func": "5243192", "addr": 4258906, "ret": 3221276592}, {"name": "EnterCriticalSection", "args": [4850544], "addr_func": "5243088", "addr": 4245955, "ret": "None"}, {"name": "LeaveCriticalSection", "args": [4850544], "addr_func": "5243084", "addr": 4245977, "ret": "None"}, {"name": "EnterCriticalSection", "args": [4850520], "addr_func": "5243088", "addr": 4245955, "ret": "None"}, {"name": "InitializeCriticalSection", "args": [3222802272], "addr_func": "5243096", "addr": 4245928, "ret": "None"}, {"name": "LeaveCriticalSection", "args": [4850520], "addr_func": "5243084", "addr": 4245977, "ret": "None"}, {"name": "EnterCriticalSection", "args": [3222802272], "addr_func": "5243088", "addr": 4245955, "ret": "None"}, {"name": "GetACP", "args": [], "addr_func": "5242980", "addr": 4271073, "ret": 0}, {"name": "GetCPInfo", "args": ["retval_GetACP_32811_32", 2147417376], "addr_func": "5242992", "addr": 4271669, "ret": "<BV32 retval_GetCPInfo_32820_32>"}, {"name": "GetStringTypeW", "args": [1, 4317012, 1, 2147416028], "addr_func": "5243020", "addr": 4264541, "ret": "<BV32 retval_GetStringTypeW_32856_32>"}, {"name": "GetStringTypeA", "args": [0, 1, "", 1, 2147416028], "addr_func": "5243024", "addr": 4264567, "ret": "<BV32 retval_GetStringTypeA_32857_32>"}, {"name": "LCMapStringW", "args": [0, 256, "", 1, 0, 0], "addr_func": "5243000", "addr": 4264873, "ret": "<BV32 retval_LCMapStringW_32860_32>"}, {"name": "LCMapStringA", "args": [0, 256, "", 1, 0, 0], "addr_func": "5243004", "addr": 4264901, "ret": "<BV32 retval_LCMapStringA_32861_32>"}, {"name": "LCMapStringW", "args": [0, 256, "", 1, 0, 0], "addr_func": "5243000", "addr": 4264873, "ret": "<BV32 retval_LCMapStringW_32866_32>"}, {"name": "MultiByteToWideChar", "args": ["retval_GetACP_32811_32", 1, 2147417120, 256, 0, 0], "addr_func": "5243252", "addr": 4265030, "ret": "<BV32 retval_MultiByteToWideChar_32879_32>"}, {"name": "MultiByteToWideChar", "args": ["retval_GetACP_32811_32", 1, 2147417120, 256, "retval_MultiByteToWideChar_32879_32", "retval_MultiByteToWideChar_32879_32"], "addr_func": "5243252", "addr": 4265118, "ret": "<BV32 retval_MultiByteToWideChar_32884_32>"}, {"name": "LCMapStringW", "args": [1042, 512, "retval_MultiByteToWideChar_32879_32", "retval_MultiByteToWideChar_32879_32", 0, 0], "addr_func": "5243000", "addr": 4265140, "ret": "<BV32 retval_LCMapStringW_32887_32>"}, {"name": "LCMapStringW", "args": [1042, 512, "retval_MultiByteToWideChar_32879_32", "retval_MultiByteToWideChar_32879_32", "retval_MultiByteToWideChar_32879_32_retval_LCMapStringW_32887_32", "retval_LCMapStringW_32887_32"], "addr_func": "5243000", "addr": 4265295, "ret": "<BV32 retval_LCMapStringW_32892_32>"}, {"name": "WideCharToMultiByte", "args": ["retval_GetACP_32811_32", 544, "retval_MultiByteToWideChar_32879_32_retval_LCMapStringW_32887_32", "retval_LCMapStringW_32887_32", "", 256, 0, 0], "addr_func": "5243228", "addr": 4265332, "ret": "<BV32 retval_WideCharToMultiByte_32896_32>"}, {"name": "LeaveCriticalSection", "args": [3222802272], "addr_func": "5243084", "addr": 4245977, "ret": "None"}, {"name": "GdiplusStartup", "args": [], "addr_func": "5243740", "addr": 4213695, "ret": 0}, {"name": "GetTempPathW", "args": [1024, ""], "addr_func": "5242956", "addr": 4213734, "ret": "<BV32 retval_GetTempPathW_32922_32>"}, {"name": "EnterCriticalSection", "args": [4850568], "addr_func": "5243088", "addr": 4245955, "ret": "None"}, {"name": "EnterCriticalSection", "args": [4850544], "addr_func": "5243088", "addr": 4245955, "ret": "None"}, {"name": "LeaveCriticalSection", "args": [4850544], "addr_func": "5243084", "addr": 4245977, "ret": "None"}, {"name": "LeaveCriticalSection", "args": [4850568], "addr_func": "5243084", "addr": 4245977, "ret": "None"}, {"name": "GetStartupInfoW", "args": [2147417500], "addr_func": "5243160", "addr": 4237587, "ret": "None"}, {"name": "GetModuleHandleA", "args": [0], "addr_func": "5243164", "addr": 4237622, "ret": 4194304}, {"name": "InitCommonControlsEx", "args": [2147417444], "addr_func": "5243652", "addr": 4207304, "ret": "<BV32 retval_InitCommonControlsEx_32948_32>"}, {"name": "InitCommonControls", "args": [], "addr_func": "5243648", "addr": 4207310, "ret": 0}, {"name": "LoadStringW", "args": [4194304, 103, "", 100], "addr_func": "5243312", "addr": 4207392, "ret": "<BV32 retval_LoadStringW_32963_32>"}, {"name": "LoadStringW", "args": [4194304, 103, "", 100], "addr_func": "5243312", "addr": 4207404, "ret": "<BV32 retval_LoadStringW_32967_32>"}, {"name": "LoadIconW", "args": [4194304, ""], "addr_func": "5243524", "addr": 4207584, "ret": "<BV32 retval_LoadIconW_32975_32>"}, {"name": "LoadCursorW", "args": [0, ""], "addr_func": "5243528", "addr": 4207596, "ret": "<BV32 retval_LoadCursorW_32981_32>"}, {"name": "LoadIconW", "args": [4194304, ""], "addr_func": "5243524", "addr": 4207631, "ret": "<BV32 retval_LoadIconW_32986_32>"}, {"name": "RegisterClassExW", "args": [2147417344], "addr_func": "5243532", "addr": 4207644, "ret": "<BV32 retval_RegisterClassExW_32990_32>"}, {"name": "GetModuleFileNameW", "args": [0, "2a05cdf530c13588300ddfb136329a6ee69963503d1e842c3eef361e524a0032.exe", 260], "addr_func": "5242940", "addr": 4207055, "ret": 137}]}, "6": {"status": "active", "trace": [{"name": "main", "args": ["2a05cdf530c13588300ddfb136329a6ee69963503d1e842c3eef361e524a0032.exe"], "addr": 4237411, "ret": "symbolic", "addr_func": 4237411}, {"name": "GetVersion", "args": [], "addr_func": "5243156", "addr": 4237449, "ret": 0}, {"name": "HeapCreate", "args": [0, 4096, 0], "addr_func": "5243108", "addr": 4241122, "ret": 1}, {"name": "GetVersionExA", "args": [2147417308], "addr_func": "5243116", "addr": 4240808, "ret": "<BV32 retval_GetVersionExA_32768_32>"}, {"name": "GetEnvironmentVariableA", "args": ["__MSVCRT_HEAP_SELECT", "", 4240], "addr_func": "5243120", "addr": 4240861, "ret": 0}, {"name": "GetModuleHandleA", "args": [0], "addr_func": "5243164", "addr": 4240742, "ret": 4194304}, {"name": "HeapAlloc", "args": [1, 0, 320], "addr_func": "5243192", "addr": 4241211, "ret": 3221258256}, {"name": "InitializeCriticalSection", "args": [4850520], "addr_func": "5243096", "addr": 4245839, "ret": "None"}, {"name": "InitializeCriticalSection", "args": [4850568], "addr_func": "5243096", "addr": 4245847, "ret": "None"}, {"name": "InitializeCriticalSection", "args": [4850544], "addr_func": "5243096", "addr": 4245855, "ret": "None"}, {"name": "InitializeCriticalSection", "args": [4850496], "addr_func": "5243096", "addr": 4245863, "ret": "None"}, {"name": "TlsAlloc", "args": [], "addr_func": "5243140", "addr": 4239390, "ret": 0}, {"name": "EnterCriticalSection", "args": [4850544], "addr_func": "5243088", "addr": 4245955, "ret": "None"}, {"name": "HeapAlloc", "args": [1, 8, 16836], "addr_func": "5243192", "addr": 4242991, "ret": 3221258584}, {"name": "VirtualAlloc", "args": [0, 1048576, 8192, 4], "addr_func": "5243100", "addr": 4243017, "ret": 3222798336}, {"name": "VirtualAlloc", "args": [3222798336, 32768, 4096, 4], "addr_func": "5243100", "addr": 4243157, "ret": 3222798336}, {"name": "LeaveCriticalSection", "args": [4850544], "addr_func": "5243084", "addr": 4245977, "ret": "None"}, {"name": "TlsSetValue", "args": [1, 3222802304], "addr_func": "5243144", "addr": 4239430, "ret": 1}, {"name": "GetCurrentThreadId", "args": [], "addr_func": "5243148", "addr": 4239447, "ret": 0}, {"name": "HeapAlloc", "args": [1, 0, 1152], "addr_func": "5243192", "addr": 4236164, "ret": 3221275432}, {"name": "GetStartupInfoA", "args": [2147417396], "addr_func": "5243056", "addr": 4250355, "ret": "None"}, {"name": "GetStdHandle", "args": [4294967286], "addr_func": "5243064", "addr": 4250625, "ret": 1000}, {"name": "GetFileType", "args": [1000], "addr_func": "5243060", "addr": 4250639, "ret": "<BV32 retval_GetFileType_32771_32>"}, {"name": "GetStdHandle", "args": [4294967285], "addr_func": "5243064", "addr": 4250625, "ret": 1001}, {"name": "GetFileType", "args": [1001], "addr_func": "5243060", "addr": 4250639, "ret": "<BV32 retval_GetFileType_32774_32>"}, {"name": "GetStdHandle", "args": [4294967284], "addr_func": "5243064", "addr": 4250625, "ret": 1002}, {"name": "GetFileType", "args": [1002], "addr_func": "5243060", "addr": 4250639, "ret": "<BV32 retval_GetFileType_32781_32>"}, {"name": "SetHandleCount", "args": [32], "addr_func": "5243068", "addr": 4250694, "ret": "<BV32 retval_SetHandleCount_32792_32>"}, {"name": "GetCommandLineW", "args": [], "addr_func": "5243032", "addr": 4255014, "ret": 0}, {"name": "GetCommandLineW", "args": [], "addr_func": "5243032", "addr": 4255055, "ret": 0}, {"name": "GetEnvironmentStringsW", "args": [], "addr_func": "5243040", "addr": 4254654, "ret": 0}, {"name": "EnterCriticalSection", "args": [4850544], "addr_func": "5243088", "addr": 4245955, "ret": "None"}, {"name": "LeaveCriticalSection", "args": [4850544], "addr_func": "5243084", "addr": 4245977, "ret": "None"}, {"name": "FreeEnvironmentStringsW", "args": [3221225480], "addr_func": "5243044", "addr": 4254762, "ret": "<BV32 retval_FreeEnvironmentStringsW_32804_32>"}, {"name": "GetModuleFileNameW", "args": [0, "2a05cdf530c13588300ddfb136329a6ee69963503d1e842c3eef361e524a0032.exe", 260], "addr_func": "5242940", "addr": 4254091, "ret": 137}, {"name": "EnterCriticalSection", "args": [4850544], "addr_func": "5243088", "addr": 4245955, "ret": "None"}, {"name": "LeaveCriticalSection", "args": [4850544], "addr_func": "5243084", "addr": 4245977, "ret": "None"}, {"name": "EnterCriticalSection", "args": [4850544], "addr_func": "5243088", "addr": 4245955, "ret": "None"}, {"name": "LeaveCriticalSection", "args": [4850544], "addr_func": "5243084", "addr": 4245977, "ret": "None"}, {"name": "EnterCriticalSection", "args": [4850544], "addr_func": "5243088", "addr": 4245955, "ret": "None"}, {"name": "LeaveCriticalSection", "args": [4850544], "addr_func": "5243084", "addr": 4245977, "ret": "None"}, {"name": "EnterCriticalSection", "args": [4850544], "addr_func": "5243088", "addr": 4245955, "ret": "None"}, {"name": "LeaveCriticalSection", "args": [4850544], "addr_func": "5243084", "addr": 4245977, "ret": "None"}, {"name": "EnterCriticalSection", "args": [4850544], "addr_func": "5243088", "addr": 4245955, "ret": "None"}, {"name": "LeaveCriticalSection", "args": [4850544], "addr_func": "5243084", "addr": 4245977, "ret": "None"}, {"name": "GetModuleHandleA", "args": ["KERNEL32"], "addr_func": "5243164", "addr": 4238286, "ret": 6295592}, {"name": "GetProcAddress", "args": [6295592, "IsProcessorFeaturePresent"], "addr_func": "5243028", "addr": 4238302, "ret": 6295596}, {"name": "IsProcessorFeaturePresent", "args": [0], "addr_func": "6295596", "addr": 4238314, "ret": 0}, {"name": "GetSystemTimeAsFileTime", "args": [2147417440], "addr_func": "5243196", "addr": 4235301, "ret": "None"}, {"name": "EnterCriticalSection", "args": [4850544], "addr_func": "5243088", "addr": 4245955, "ret": "None"}, {"name": "LeaveCriticalSection", "args": [4850544], "addr_func": "5243084", "addr": 4245977, "ret": "None"}, {"name": "HeapAlloc", "args": [1, 8, 2048], "addr_func": "5243192", "addr": 4258906, "ret": 3221276592}, {"name": "EnterCriticalSection", "args": [4850544], "addr_func": "5243088", "addr": 4245955, "ret": "None"}, {"name": "LeaveCriticalSection", "args": [4850544], "addr_func": "5243084", "addr": 4245977, "ret": "None"}, {"name": "EnterCriticalSection", "args": [4850520], "addr_func": "5243088", "addr": 4245955, "ret": "None"}, {"name": "InitializeCriticalSection", "args": [3222802272], "addr_func": "5243096", "addr": 4245928, "ret": "None"}, {"name": "LeaveCriticalSection", "args": [4850520], "addr_func": "5243084", "addr": 4245977, "ret": "None"}, {"name": "EnterCriticalSection", "args": [3222802272], "addr_func": "5243088", "addr": 4245955, "ret": "None"}, {"name": "GetACP", "args": [], "addr_func": "5242980", "addr": 4271073, "ret": 0}, {"name": "GetCPInfo", "args": ["retval_GetACP_32811_32", 2147417376], "addr_func": "5242992", "addr": 4271669, "ret": "<BV32 retval_GetCPInfo_32820_32>"}, {"name": "GetStringTypeW", "args": [1, 4317012, 1, 2147416028], "addr_func": "5243020", "addr": 4264541, "ret": "<BV32 retval_GetStringTypeW_32856_32>"}, {"name": "GetStringTypeA", "args": [0, 1, "", 1, 2147416028], "addr_func": "5243024", "addr": 4264567, "ret": "<BV32 retval_GetStringTypeA_32857_32>"}, {"name": "LCMapStringW", "args": [0, 256, "", 1, 0, 0], "addr_func": "5243000", "addr": 4264873, "ret": "<BV32 retval_LCMapStringW_32860_32>"}, {"name": "LCMapStringA", "args": [0, 256, "", 1, 0, 0], "addr_func": "5243004", "addr": 4264901, "ret": "<BV32 retval_LCMapStringA_32861_32>"}, {"name": "LCMapStringW", "args": [0, 256, "", 1, 0, 0], "addr_func": "5243000", "addr": 4264873, "ret": "<BV32 retval_LCMapStringW_32866_32>"}, {"name": "MultiByteToWideChar", "args": ["retval_GetACP_32811_32", 1, 2147417120, 256, 0, 0], "addr_func": "5243252", "addr": 4265030, "ret": "<BV32 retval_MultiByteToWideChar_32879_32>"}, {"name": "MultiByteToWideChar", "args": ["retval_GetACP_32811_32", 1, 2147417120, 256, "retval_MultiByteToWideChar_32879_32", "retval_MultiByteToWideChar_32879_32"], "addr_func": "5243252", "addr": 4265118, "ret": "<BV32 retval_MultiByteToWideChar_32884_32>"}, {"name": "LCMapStringW", "args": [1042, 512, "retval_MultiByteToWideChar_32879_32", "retval_MultiByteToWideChar_32879_32", 0, 0], "addr_func": "5243000", "addr": 4265140, "ret": "<BV32 retval_LCMapStringW_32887_32>"}, {"name": "LCMapStringW", "args": [1042, 512, "retval_MultiByteToWideChar_32879_32", "retval_MultiByteToWideChar_32879_32", "retval_MultiByteToWideChar_32879_32_retval_LCMapStringW_32887_32", "retval_LCMapStringW_32887_32"], "addr_func": "5243000", "addr": 4265295, "ret": "<BV32 retval_LCMapStringW_32892_32>"}, {"name": "WideCharToMultiByte", "args": ["retval_GetACP_32811_32", 544, "retval_MultiByteToWideChar_32879_32_retval_LCMapStringW_32887_32", "retval_LCMapStringW_32887_32", "", 256, 0, 0], "addr_func": "5243228", "addr": 4265332, "ret": "<BV32 retval_WideCharToMultiByte_32896_32>"}, {"name": "LeaveCriticalSection", "args": [3222802272], "addr_func": "5243084", "addr": 4245977, "ret": "None"}, {"name": "GdiplusStartup", "args": [], "addr_func": "5243740", "addr": 4213695, "ret": 0}, {"name": "GetTempPathW", "args": [1024, ""], "addr_func": "5242956", "addr": 4213734, "ret": "<BV32 retval_GetTempPathW_32923_32>"}, {"name": "EnterCriticalSection", "args": [4850568], "addr_func": "5243088", "addr": 4245955, "ret": "None"}, {"name": "EnterCriticalSection", "args": [4850544], "addr_func": "5243088", "addr": 4245955, "ret": "None"}, {"name": "LeaveCriticalSection", "args": [4850544], "addr_func": "5243084", "addr": 4245977, "ret": "None"}, {"name": "LeaveCriticalSection", "args": [4850568], "addr_func": "5243084", "addr": 4245977, "ret": "None"}, {"name": "GetStartupInfoW", "args": [2147417500], "addr_func": "5243160", "addr": 4237587, "ret": "None"}, {"name": "GetModuleHandleA", "args": [0], "addr_func": "5243164", "addr": 4237622, "ret": 4194304}, {"name": "InitCommonControlsEx", "args": [2147417444], "addr_func": "5243652", "addr": 4207304, "ret": "<BV32 retval_InitCommonControlsEx_32949_32>"}, {"name": "InitCommonControls", "args": [], "addr_func": "5243648", "addr": 4207310, "ret": 0}, {"name": "LoadStringW", "args": [4194304, 103, "", 100], "addr_func": "5243312", "addr": 4207392, "ret": "<BV32 retval_LoadStringW_32965_32>"}, {"name": "LoadStringW", "args": [4194304, 103, "", 100], "addr_func": "5243312", "addr": 4207404, "ret": "<BV32 retval_LoadStringW_32971_32>"}, {"name": "LoadIconW", "args": [4194304, ""], "addr_func": "5243524", "addr": 4207584, "ret": "<BV32 retval_LoadIconW_32977_32>"}, {"name": "LoadCursorW", "args": [0, ""], "addr_func": "5243528", "addr": 4207596, "ret": "<BV32 retval_LoadCursorW_32983_32>"}, {"name": "LoadIconW", "args": [4194304, ""], "addr_func": "5243524", "addr": 4207631, "ret": "<BV32 retval_LoadIconW_32988_32>"}, {"name": "RegisterClassExW", "args": [2147417344], "addr_func": "5243532", "addr": 4207644, "ret": "<BV32 retval_RegisterClassExW_32991_32>"}, {"name": "GetModuleFileNameW", "args": [0, "2a05cdf530c13588300ddfb136329a6ee69963503d1e842c3eef361e524a0032.exe", 260], "addr_func": "5242940", "addr": 4207055, "ret": 137}]}, "7": {"status": "active", "trace": [{"name": "main", "args": ["2a05cdf530c13588300ddfb136329a6ee69963503d1e842c3eef361e524a0032.exe"], "addr": 4237411, "ret": "symbolic", "addr_func": 4237411}, {"name": "GetVersion", "args": [], "addr_func": "5243156", "addr": 4237449, "ret": 0}, {"name": "HeapCreate", "args": [0, 4096, 0], "addr_func": "5243108", "addr": 4241122, "ret": 1}, {"name": "GetVersionExA", "args": [2147417308], "addr_func": "5243116", "addr": 4240808, "ret": "<BV32 retval_GetVersionExA_32768_32>"}, {"name": "GetEnvironmentVariableA", "args": ["__MSVCRT_HEAP_SELECT", "", 4240], "addr_func": "5243120", "addr": 4240861, "ret": 0}, {"name": "GetModuleHandleA", "args": [0], "addr_func": "5243164", "addr": 4240742, "ret": 4194304}, {"name": "HeapAlloc", "args": [1, 0, 320], "addr_func": "5243192", "addr": 4241211, "ret": 3221258256}, {"name": "InitializeCriticalSection", "args": [4850520], "addr_func": "5243096", "addr": 4245839, "ret": "None"}, {"name": "InitializeCriticalSection", "args": [4850568], "addr_func": "5243096", "addr": 4245847, "ret": "None"}, {"name": "InitializeCriticalSection", "args": [4850544], "addr_func": "5243096", "addr": 4245855, "ret": "None"}, {"name": "InitializeCriticalSection", "args": [4850496], "addr_func": "5243096", "addr": 4245863, "ret": "None"}, {"name": "TlsAlloc", "args": [], "addr_func": "5243140", "addr": 4239390, "ret": 0}, {"name": "EnterCriticalSection", "args": [4850544], "addr_func": "5243088", "addr": 4245955, "ret": "None"}, {"name": "HeapAlloc", "args": [1, 8, 16836], "addr_func": "5243192", "addr": 4242991, "ret": 3221258584}, {"name": "VirtualAlloc", "args": [0, 1048576, 8192, 4], "addr_func": "5243100", "addr": 4243017, "ret": 3222798336}, {"name": "VirtualAlloc", "args": [3222798336, 32768, 4096, 4], "addr_func": "5243100", "addr": 4243157, "ret": 3222798336}, {"name": "LeaveCriticalSection", "args": [4850544], "addr_func": "5243084", "addr": 4245977, "ret": "None"}, {"name": "TlsSetValue", "args": [1, 3222802304], "addr_func": "5243144", "addr": 4239430, "ret": 1}, {"name": "GetCurrentThreadId", "args": [], "addr_func": "5243148", "addr": 4239447, "ret": 0}, {"name": "HeapAlloc", "args": [1, 0, 1152], "addr_func": "5243192", "addr": 4236164, "ret": 3221275432}, {"name": "GetStartupInfoA", "args": [2147417396], "addr_func": "5243056", "addr": 4250355, "ret": "None"}, {"name": "GetStdHandle", "args": [4294967286], "addr_func": "5243064", "addr": 4250625, "ret": 1000}, {"name": "GetFileType", "args": [1000], "addr_func": "5243060", "addr": 4250639, "ret": "<BV32 retval_GetFileType_32771_32>"}, {"name": "GetStdHandle", "args": [4294967285], "addr_func": "5243064", "addr": 4250625, "ret": 1001}, {"name": "GetFileType", "args": [1001], "addr_func": "5243060", "addr": 4250639, "ret": "<BV32 retval_GetFileType_32774_32>"}, {"name": "GetStdHandle", "args": [4294967284], "addr_func": "5243064", "addr": 4250625, "ret": 1002}, {"name": "GetFileType", "args": [1002], "addr_func": "5243060", "addr": 4250639, "ret": "<BV32 retval_GetFileType_32781_32>"}, {"name": "SetHandleCount", "args": [32], "addr_func": "5243068", "addr": 4250694, "ret": "<BV32 retval_SetHandleCount_32792_32>"}, {"name": "GetCommandLineW", "args": [], "addr_func": "5243032", "addr": 4255014, "ret": 0}, {"name": "GetCommandLineW", "args": [], "addr_func": "5243032", "addr": 4255055, "ret": 0}, {"name": "GetEnvironmentStringsW", "args": [], "addr_func": "5243040", "addr": 4254654, "ret": 0}, {"name": "EnterCriticalSection", "args": [4850544], "addr_func": "5243088", "addr": 4245955, "ret": "None"}, {"name": "LeaveCriticalSection", "args": [4850544], "addr_func": "5243084", "addr": 4245977, "ret": "None"}, {"name": "FreeEnvironmentStringsW", "args": [3221225480], "addr_func": "5243044", "addr": 4254762, "ret": "<BV32 retval_FreeEnvironmentStringsW_32804_32>"}, {"name": "GetModuleFileNameW", "args": [0, "2a05cdf530c13588300ddfb136329a6ee69963503d1e842c3eef361e524a0032.exe", 260], "addr_func": "5242940", "addr": 4254091, "ret": 137}, {"name": "EnterCriticalSection", "args": [4850544], "addr_func": "5243088", "addr": 4245955, "ret": "None"}, {"name": "LeaveCriticalSection", "args": [4850544], "addr_func": "5243084", "addr": 4245977, "ret": "None"}, {"name": "EnterCriticalSection", "args": [4850544], "addr_func": "5243088", "addr": 4245955, "ret": "None"}, {"name": "LeaveCriticalSection", "args": [4850544], "addr_func": "5243084", "addr": 4245977, "ret": "None"}, {"name": "EnterCriticalSection", "args": [4850544], "addr_func": "5243088", "addr": 4245955, "ret": "None"}, {"name": "LeaveCriticalSection", "args": [4850544], "addr_func": "5243084", "addr": 4245977, "ret": "None"}, {"name": "EnterCriticalSection", "args": [4850544], "addr_func": "5243088", "addr": 4245955, "ret": "None"}, {"name": "LeaveCriticalSection", "args": [4850544], "addr_func": "5243084", "addr": 4245977, "ret": "None"}, {"name": "EnterCriticalSection", "args": [4850544], "addr_func": "5243088", "addr": 4245955, "ret": "None"}, {"name": "LeaveCriticalSection", "args": [4850544], "addr_func": "5243084", "addr": 4245977, "ret": "None"}, {"name": "GetModuleHandleA", "args": ["KERNEL32"], "addr_func": "5243164", "addr": 4238286, "ret": 6295592}, {"name": "GetProcAddress", "args": [6295592, "IsProcessorFeaturePresent"], "addr_func": "5243028", "addr": 4238302, "ret": 6295596}, {"name": "IsProcessorFeaturePresent", "args": [0], "addr_func": "6295596", "addr": 4238314, "ret": 0}, {"name": "GetSystemTimeAsFileTime", "args": [2147417440], "addr_func": "5243196", "addr": 4235301, "ret": "None"}, {"name": "EnterCriticalSection", "args": [4850544], "addr_func": "5243088", "addr": 4245955, "ret": "None"}, {"name": "LeaveCriticalSection", "args": [4850544], "addr_func": "5243084", "addr": 4245977, "ret": "None"}, {"name": "HeapAlloc", "args": [1, 8, 2048], "addr_func": "5243192", "addr": 4258906, "ret": 3221276592}, {"name": "EnterCriticalSection", "args": [4850544], "addr_func": "5243088", "addr": 4245955, "ret": "None"}, {"name": "LeaveCriticalSection", "args": [4850544], "addr_func": "5243084", "addr": 4245977, "ret": "None"}, {"name": "EnterCriticalSection", "args": [4850520], "addr_func": "5243088", "addr": 4245955, "ret": "None"}, {"name": "InitializeCriticalSection", "args": [3222802272], "addr_func": "5243096", "addr": 4245928, "ret": "None"}, {"name": "LeaveCriticalSection", "args": [4850520], "addr_func": "5243084", "addr": 4245977, "ret": "None"}, {"name": "EnterCriticalSection", "args": [3222802272], "addr_func": "5243088", "addr": 4245955, "ret": "None"}, {"name": "GetACP", "args": [], "addr_func": "5242980", "addr": 4271073, "ret": 0}, {"name": "GetCPInfo", "args": ["retval_GetACP_32811_32", 2147417376], "addr_func": "5242992", "addr": 4271669, "ret": "<BV32 retval_GetCPInfo_32820_32>"}, {"name": "GetStringTypeW", "args": [1, 4317012, 1, 2147416028], "addr_func": "5243020", "addr": 4264541, "ret": "<BV32 retval_GetStringTypeW_32856_32>"}, {"name": "GetStringTypeA", "args": [0, 1, "", 1, 2147416028], "addr_func": "5243024", "addr": 4264567, "ret": "<BV32 retval_GetStringTypeA_32857_32>"}, {"name": "LCMapStringW", "args": [0, 256, "", 1, 0, 0], "addr_func": "5243000", "addr": 4264873, "ret": "<BV32 retval_LCMapStringW_32860_32>"}, {"name": "LCMapStringA", "args": [0, 256, "", 1, 0, 0], "addr_func": "5243004", "addr": 4264901, "ret": "<BV32 retval_LCMapStringA_32861_32>"}, {"name": "LCMapStringW", "args": [0, 256, "", 1, 0, 0], "addr_func": "5243000", "addr": 4264873, "ret": "<BV32 retval_LCMapStringW_32866_32>"}, {"name": "LCMapStringA", "args": [0, 256, "", 1, 0, 0], "addr_func": "5243004", "addr": 4264901, "ret": "<BV32 retval_LCMapStringA_32868_32>"}, {"name": "LeaveCriticalSection", "args": [3222802272], "addr_func": "5243084", "addr": 4245977, "ret": "None"}, {"name": "GdiplusStartup", "args": [], "addr_func": "5243740", "addr": 4213695, "ret": 0}, {"name": "GetTempPathW", "args": [1024, ""], "addr_func": "5242956", "addr": 4213734, "ret": "<BV32 retval_GetTempPathW_32898_32>"}, {"name": "EnterCriticalSection", "args": [4850568], "addr_func": "5243088", "addr": 4245955, "ret": "None"}, {"name": "EnterCriticalSection", "args": [4850544], "addr_func": "5243088", "addr": 4245955, "ret": "None"}, {"name": "LeaveCriticalSection", "args": [4850544], "addr_func": "5243084", "addr": 4245977, "ret": "None"}, {"name": "LeaveCriticalSection", "args": [4850568], "addr_func": "5243084", "addr": 4245977, "ret": "None"}, {"name": "GetStartupInfoW", "args": [2147417500], "addr_func": "5243160", "addr": 4237587, "ret": "None"}, {"name": "GetModuleHandleA", "args": [0], "addr_func": "5243164", "addr": 4237622, "ret": 4194304}, {"name": "InitCommonControlsEx", "args": [2147417444], "addr_func": "5243652", "addr": 4207304, "ret": "<BV32 retval_InitCommonControlsEx_32899_32>"}, {"name": "InitCommonControls", "args": [], "addr_func": "5243648", "addr": 4207310, "ret": 0}, {"name": "LoadStringW", "args": [4194304, 103, "", 100], "addr_func": "5243312", "addr": 4207392, "ret": "<BV32 retval_LoadStringW_32900_32>"}, {"name": "LoadStringW", "args": [4194304, 103, "", 100], "addr_func": "5243312", "addr": 4207404, "ret": "<BV32 retval_LoadStringW_32901_32>"}, {"name": "LoadIconW", "args": [4194304, ""], "addr_func": "5243524", "addr": 4207584, "ret": "<BV32 retval_LoadIconW_32902_32>"}, {"name": "LoadCursorW", "args": [0, ""], "addr_func": "5243528", "addr": 4207596, "ret": "<BV32 retval_LoadCursorW_32903_32>"}, {"name": "LoadIconW", "args": [4194304, ""], "addr_func": "5243524", "addr": 4207631, "ret": "<BV32 retval_LoadIconW_32904_32>"}, {"name": "RegisterClassExW", "args": [2147417344], "addr_func": "5243532", "addr": 4207644, "ret": "<BV32 retval_RegisterClassExW_32905_32>"}, {"name": "GetModuleFileNameW", "args": [0, "2a05cdf530c13588300ddfb136329a6ee69963503d1e842c3eef361e524a0032.exe", 260], "addr_func": "5242940", "addr": 4207055, "ret": 137}, {"name": "CreateFileW", "args": ["2a05cdf530c13588300ddfb136329a6ee69963503d1e842c3eef361e524a0032.exe\\DesktopSnowOK.ini", 1073741824, 1, 0, 3, 128, 0], "addr_func": "5242936", "addr": 4207140, "ret": 3}, {"name": "CloseHandle", "args": [3], "addr_func": "5242932", "addr": 4207148, "ret": "<BV32 retval_CloseHandle_32961_32>"}, {"name": "SHGetSpecialFolderPathW", "args": [0, "", 26, 0], "addr_func": "5243632", "addr": 4207201, "ret": "<BV32 retval_SHGetSpecialFolderPathW_32969_32>"}, {"name": "GetUserDefaultLangID", "args": [], "addr_func": "5242924", "addr": 4206515, "ret": 0}, {"name": "GetUserDefaultLangID", "args": [], "addr_func": "5242924", "addr": 4206517, "ret": 0}, {"name": "GetUserDefaultLangID", "args": [], "addr_func": "5242924", "addr": 4206528, "ret": 0}]}, "8": {"status": "active", "trace": [{"name": "main", "args": ["2a05cdf530c13588300ddfb136329a6ee69963503d1e842c3eef361e524a0032.exe"], "addr": 4237411, "ret": "symbolic", "addr_func": 4237411}, {"name": "GetVersion", "args": [], "addr_func": "5243156", "addr": 4237449, "ret": 0}, {"name": "HeapCreate", "args": [0, 4096, 0], "addr_func": "5243108", "addr": 4241122, "ret": 1}, {"name": "GetVersionExA", "args": [2147417308], "addr_func": "5243116", "addr": 4240808, "ret": "<BV32 retval_GetVersionExA_32768_32>"}, {"name": "GetEnvironmentVariableA", "args": ["__MSVCRT_HEAP_SELECT", "", 4240], "addr_func": "5243120", "addr": 4240861, "ret": 0}, {"name": "GetModuleHandleA", "args": [0], "addr_func": "5243164", "addr": 4240742, "ret": 4194304}, {"name": "HeapAlloc", "args": [1, 0, 320], "addr_func": "5243192", "addr": 4241211, "ret": 3221258256}, {"name": "InitializeCriticalSection", "args": [4850520], "addr_func": "5243096", "addr": 4245839, "ret": "None"}, {"name": "InitializeCriticalSection", "args": [4850568], "addr_func": "5243096", "addr": 4245847, "ret": "None"}, {"name": "InitializeCriticalSection", "args": [4850544], "addr_func": "5243096", "addr": 4245855, "ret": "None"}, {"name": "InitializeCriticalSection", "args": [4850496], "addr_func": "5243096", "addr": 4245863, "ret": "None"}, {"name": "TlsAlloc", "args": [], "addr_func": "5243140", "addr": 4239390, "ret": 0}, {"name": "EnterCriticalSection", "args": [4850544], "addr_func": "5243088", "addr": 4245955, "ret": "None"}, {"name": "HeapAlloc", "args": [1, 8, 16836], "addr_func": "5243192", "addr": 4242991, "ret": 3221258584}, {"name": "VirtualAlloc", "args": [0, 1048576, 8192, 4], "addr_func": "5243100", "addr": 4243017, "ret": 3222798336}, {"name": "VirtualAlloc", "args": [3222798336, 32768, 4096, 4], "addr_func": "5243100", "addr": 4243157, "ret": 3222798336}, {"name": "LeaveCriticalSection", "args": [4850544], "addr_func": "5243084", "addr": 4245977, "ret": "None"}, {"name": "TlsSetValue", "args": [1, 3222802304], "addr_func": "5243144", "addr": 4239430, "ret": 1}, {"name": "GetCurrentThreadId", "args": [], "addr_func": "5243148", "addr": 4239447, "ret": 0}, {"name": "HeapAlloc", "args": [1, 0, 1152], "addr_func": "5243192", "addr": 4236164, "ret": 3221275432}, {"name": "GetStartupInfoA", "args": [2147417396], "addr_func": "5243056", "addr": 4250355, "ret": "None"}, {"name": "GetStdHandle", "args": [4294967286], "addr_func": "5243064", "addr": 4250625, "ret": 1000}, {"name": "GetFileType", "args": [1000], "addr_func": "5243060", "addr": 4250639, "ret": "<BV32 retval_GetFileType_32771_32>"}, {"name": "GetStdHandle", "args": [4294967285], "addr_func": "5243064", "addr": 4250625, "ret": 1001}, {"name": "GetFileType", "args": [1001], "addr_func": "5243060", "addr": 4250639, "ret": "<BV32 retval_GetFileType_32774_32>"}, {"name": "GetStdHandle", "args": [4294967284], "addr_func": "5243064", "addr": 4250625, "ret": 1002}, {"name": "GetFileType", "args": [1002], "addr_func": "5243060", "addr": 4250639, "ret": "<BV32 retval_GetFileType_32781_32>"}, {"name": "SetHandleCount", "args": [32], "addr_func": "5243068", "addr": 4250694, "ret": "<BV32 retval_SetHandleCount_32792_32>"}, {"name": "GetCommandLineW", "args": [], "addr_func": "5243032", "addr": 4255014, "ret": 0}, {"name": "GetCommandLineW", "args": [], "addr_func": "5243032", "addr": 4255055, "ret": 0}, {"name": "GetEnvironmentStringsW", "args": [], "addr_func": "5243040", "addr": 4254654, "ret": 0}, {"name": "EnterCriticalSection", "args": [4850544], "addr_func": "5243088", "addr": 4245955, "ret": "None"}, {"name": "LeaveCriticalSection", "args": [4850544], "addr_func": "5243084", "addr": 4245977, "ret": "None"}, {"name": "FreeEnvironmentStringsW", "args": [3221225480], "addr_func": "5243044", "addr": 4254762, "ret": "<BV32 retval_FreeEnvironmentStringsW_32804_32>"}, {"name": "GetModuleFileNameW", "args": [0, "2a05cdf530c13588300ddfb136329a6ee69963503d1e842c3eef361e524a0032.exe", 260], "addr_func": "5242940", "addr": 4254091, "ret": 137}, {"name": "EnterCriticalSection", "args": [4850544], "addr_func": "5243088", "addr": 4245955, "ret": "None"}, {"name": "LeaveCriticalSection", "args": [4850544], "addr_func": "5243084", "addr": 4245977, "ret": "None"}, {"name": "EnterCriticalSection", "args": [4850544], "addr_func": "5243088", "addr": 4245955, "ret": "None"}, {"name": "LeaveCriticalSection", "args": [4850544], "addr_func": "5243084", "addr": 4245977, "ret": "None"}, {"name": "EnterCriticalSection", "args": [4850544], "addr_func": "5243088", "addr": 4245955, "ret": "None"}, {"name": "LeaveCriticalSection", "args": [4850544], "addr_func": "5243084", "addr": 4245977, "ret": "None"}, {"name": "EnterCriticalSection", "args": [4850544], "addr_func": "5243088", "addr": 4245955, "ret": "None"}, {"name": "LeaveCriticalSection", "args": [4850544], "addr_func": "5243084", "addr": 4245977, "ret": "None"}, {"name": "EnterCriticalSection", "args": [4850544], "addr_func": "5243088", "addr": 4245955, "ret": "None"}, {"name": "LeaveCriticalSection", "args": [4850544], "addr_func": "5243084", "addr": 4245977, "ret": "None"}, {"name": "GetModuleHandleA", "args": ["KERNEL32"], "addr_func": "5243164", "addr": 4238286, "ret": 6295592}, {"name": "GetProcAddress", "args": [6295592, "IsProcessorFeaturePresent"], "addr_func": "5243028", "addr": 4238302, "ret": 6295596}, {"name": "IsProcessorFeaturePresent", "args": [0], "addr_func": "6295596", "addr": 4238314, "ret": 0}, {"name": "GetSystemTimeAsFileTime", "args": [2147417440], "addr_func": "5243196", "addr": 4235301, "ret": "None"}, {"name": "EnterCriticalSection", "args": [4850544], "addr_func": "5243088", "addr": 4245955, "ret": "None"}, {"name": "LeaveCriticalSection", "args": [4850544], "addr_func": "5243084", "addr": 4245977, "ret": "None"}, {"name": "HeapAlloc", "args": [1, 8, 2048], "addr_func": "5243192", "addr": 4258906, "ret": 3221276592}, {"name": "EnterCriticalSection", "args": [4850544], "addr_func": "5243088", "addr": 4245955, "ret": "None"}, {"name": "LeaveCriticalSection", "args": [4850544], "addr_func": "5243084", "addr": 4245977, "ret": "None"}, {"name": "EnterCriticalSection", "args": [4850520], "addr_func": "5243088", "addr": 4245955, "ret": "None"}, {"name": "InitializeCriticalSection", "args": [3222802272], "addr_func": "5243096", "addr": 4245928, "ret": "None"}, {"name": "LeaveCriticalSection", "args": [4850520], "addr_func": "5243084", "addr": 4245977, "ret": "None"}, {"name": "EnterCriticalSection", "args": [3222802272], "addr_func": "5243088", "addr": 4245955, "ret": "None"}, {"name": "GetACP", "args": [], "addr_func": "5242980", "addr": 4271073, "ret": 0}, {"name": "GetCPInfo", "args": ["retval_GetACP_32811_32", 2147417376], "addr_func": "5242992", "addr": 4271669, "ret": "<BV32 retval_GetCPInfo_32820_32>"}, {"name": "GetStringTypeW", "args": [1, 4317012, 1, 2147416028], "addr_func": "5243020", "addr": 4264541, "ret": "<BV32 retval_GetStringTypeW_32856_32>"}, {"name": "GetStringTypeA", "args": [0, 1, "", 1, 2147416028], "addr_func": "5243024", "addr": 4264567, "ret": "<BV32 retval_GetStringTypeA_32857_32>"}, {"name": "LCMapStringW", "args": [0, 256, "", 1, 0, 0], "addr_func": "5243000", "addr": 4264873, "ret": "<BV32 retval_LCMapStringW_32860_32>"}, {"name": "LCMapStringA", "args": [0, 256, "", 1, 0, 0], "addr_func": "5243004", "addr": 4264901, "ret": "<BV32 retval_LCMapStringA_32861_32>"}, {"name": "LCMapStringW", "args": [0, 256, "", 1, 0, 0], "addr_func": "5243000", "addr": 4264873, "ret": "<BV32 retval_LCMapStringW_32866_32>"}, {"name": "MultiByteToWideChar", "args": ["retval_GetACP_32811_32", 1, 2147417120, 256, 0, 0], "addr_func": "5243252", "addr": 4265030, "ret": "<BV32 retval_MultiByteToWideChar_32879_32>"}, {"name": "MultiByteToWideChar", "args": ["retval_GetACP_32811_32", 1, 2147417120, 256, "retval_MultiByteToWideChar_32879_32", "retval_MultiByteToWideChar_32879_32"], "addr_func": "5243252", "addr": 4265118, "ret": "<BV32 retval_MultiByteToWideChar_32884_32>"}, {"name": "LCMapStringW", "args": [1042, 512, "retval_MultiByteToWideChar_32879_32", "retval_MultiByteToWideChar_32879_32", 0, 0], "addr_func": "5243000", "addr": 4265140, "ret": "<BV32 retval_LCMapStringW_32887_32>"}, {"name": "LCMapStringW", "args": [1042, 512, "retval_MultiByteToWideChar_32879_32", "retval_MultiByteToWideChar_32879_32", "retval_MultiByteToWideChar_32879_32_retval_LCMapStringW_32887_32", "retval_LCMapStringW_32887_32"], "addr_func": "5243000", "addr": 4265295, "ret": "<BV32 retval_LCMapStringW_32893_32>"}, {"name": "LeaveCriticalSection", "args": [3222802272], "addr_func": "5243084", "addr": 4245977, "ret": "None"}, {"name": "GdiplusStartup", "args": [], "addr_func": "5243740", "addr": 4213695, "ret": 0}, {"name": "GetTempPathW", "args": [1024, ""], "addr_func": "5242956", "addr": 4213734, "ret": "<BV32 retval_GetTempPathW_32917_32>"}, {"name": "EnterCriticalSection", "args": [4850568], "addr_func": "5243088", "addr": 4245955, "ret": "None"}, {"name": "EnterCriticalSection", "args": [4850544], "addr_func": "5243088", "addr": 4245955, "ret": "None"}, {"name": "LeaveCriticalSection", "args": [4850544], "addr_func": "5243084", "addr": 4245977, "ret": "None"}, {"name": "LeaveCriticalSection", "args": [4850568], "addr_func": "5243084", "addr": 4245977, "ret": "None"}, {"name": "GetStartupInfoW", "args": [2147417500], "addr_func": "5243160", "addr": 4237587, "ret": "None"}, {"name": "GetModuleHandleA", "args": [0], "addr_func": "5243164", "addr": 4237622, "ret": 4194304}, {"name": "InitCommonControlsEx", "args": [2147417444], "addr_func": "5243652", "addr": 4207304, "ret": "<BV32 retval_InitCommonControlsEx_32941_32>"}, {"name": "InitCommonControls", "args": [], "addr_func": "5243648", "addr": 4207310, "ret": 0}, {"name": "LoadStringW", "args": [4194304, 103, "", 100], "addr_func": "5243312", "addr": 4207392, "ret": "<BV32 retval_LoadStringW_32958_32>"}, {"name": "LoadStringW", "args": [4194304, 103, "", 100], "addr_func": "5243312", "addr": 4207404, "ret": "<BV32 retval_LoadStringW_32960_32>"}, {"name": "LoadIconW", "args": [4194304, ""], "addr_func": "5243524", "addr": 4207584, "ret": "<BV32 retval_LoadIconW_32968_32>"}, {"name": "LoadCursorW", "args": [0, ""], "addr_func": "5243528", "addr": 4207596, "ret": "<BV32 retval_LoadCursorW_32972_32>"}, {"name": "LoadIconW", "args": [4194304, ""], "addr_func": "5243524", "addr": 4207631, "ret": "<BV32 retval_LoadIconW_32978_32>"}, {"name": "RegisterClassExW", "args": [2147417344], "addr_func": "5243532", "addr": 4207644, "ret": "<BV32 retval_RegisterClassExW_32984_32>"}, {"name": "GetModuleFileNameW", "args": [0, "2a05cdf530c13588300ddfb136329a6ee69963503d1e842c3eef361e524a0032.exe", 260], "addr_func": "5242940", "addr": 4207055, "ret": 137}]}, "9": {"status": "ExcessLoop", "trace": [{"name": "main", "args": ["2a05cdf530c13588300ddfb136329a6ee69963503d1e842c3eef361e524a0032.exe"], "addr": 4237411, "ret": "symbolic", "addr_func": 4237411}, {"name": "GetVersion", "args": [], "addr_func": "5243156", "addr": 4237449, "ret": 0}, {"name": "HeapCreate", "args": [0, 4096, 0], "addr_func": "5243108", "addr": 4241122, "ret": 1}, {"name": "GetVersionExA", "args": [2147417308], "addr_func": "5243116", "addr": 4240808, "ret": "<BV32 retval_GetVersionExA_32768_32>"}, {"name": "GetEnvironmentVariableA", "args": ["__MSVCRT_HEAP_SELECT", "", 4240], "addr_func": "5243120", "addr": 4240861, "ret": 0}, {"name": "GetModuleHandleA", "args": [0], "addr_func": "5243164", "addr": 4240742, "ret": 4194304}, {"name": "HeapAlloc", "args": [1, 0, 320], "addr_func": "5243192", "addr": 4241211, "ret": 3221258256}, {"name": "InitializeCriticalSection", "args": [4850520], "addr_func": "5243096", "addr": 4245839, "ret": "None"}, {"name": "InitializeCriticalSection", "args": [4850568], "addr_func": "5243096", "addr": 4245847, "ret": "None"}, {"name": "InitializeCriticalSection", "args": [4850544], "addr_func": "5243096", "addr": 4245855, "ret": "None"}, {"name": "InitializeCriticalSection", "args": [4850496], "addr_func": "5243096", "addr": 4245863, "ret": "None"}, {"name": "TlsAlloc", "args": [], "addr_func": "5243140", "addr": 4239390, "ret": 0}, {"name": "EnterCriticalSection", "args": [4850544], "addr_func": "5243088", "addr": 4245955, "ret": "None"}, {"name": "HeapAlloc", "args": [1, 8, 16836], "addr_func": "5243192", "addr": 4242991, "ret": 3221258584}, {"name": "VirtualAlloc", "args": [0, 1048576, 8192, 4], "addr_func": "5243100", "addr": 4243017, "ret": 3222798336}, {"name": "VirtualAlloc", "args": [3222798336, 32768, 4096, 4], "addr_func": "5243100", "addr": 4243157, "ret": 3222798336}, {"name": "LeaveCriticalSection", "args": [4850544], "addr_func": "5243084", "addr": 4245977, "ret": "None"}, {"name": "TlsSetValue", "args": [1, 3222802304], "addr_func": "5243144", "addr": 4239430, "ret": 1}, {"name": "GetCurrentThreadId", "args": [], "addr_func": "5243148", "addr": 4239447, "ret": 0}, {"name": "HeapAlloc", "args": [1, 0, 1152], "addr_func": "5243192", "addr": 4236164, "ret": 3221275432}, {"name": "GetStartupInfoA", "args": [2147417396], "addr_func": "5243056", "addr": 4250355, "ret": "None"}, {"name": "GetStdHandle", "args": [4294967286], "addr_func": "5243064", "addr": 4250625, "ret": 1000}, {"name": "GetFileType", "args": [1000], "addr_func": "5243060", "addr": 4250639, "ret": "<BV32 retval_GetFileType_32771_32>"}, {"name": "GetStdHandle", "args": [4294967285], "addr_func": "5243064", "addr": 4250625, "ret": 1001}, {"name": "GetFileType", "args": [1001], "addr_func": "5243060", "addr": 4250639, "ret": "<BV32 retval_GetFileType_32774_32>"}, {"name": "GetStdHandle", "args": [4294967284], "addr_func": "5243064", "addr": 4250625, "ret": 1002}, {"name": "GetFileType", "args": [1002], "addr_func": "5243060", "addr": 4250639, "ret": "<BV32 retval_GetFileType_32781_32>"}, {"name": "SetHandleCount", "args": [32], "addr_func": "5243068", "addr": 4250694, "ret": "<BV32 retval_SetHandleCount_32792_32>"}, {"name": "GetCommandLineW", "args": [], "addr_func": "5243032", "addr": 4255014, "ret": 0}, {"name": "GetCommandLineW", "args": [], "addr_func": "5243032", "addr": 4255055, "ret": 0}, {"name": "GetEnvironmentStringsW", "args": [], "addr_func": "5243040", "addr": 4254654, "ret": 0}]}, "sections": {".text": {"vaddr": 4198400, "memsize": 74592, "is_readable": true, "is_writable": false, "is_executable": true}, ".rdata": {"vaddr": 4276224, "memsize": 8058, "is_readable": true, "is_writable": false, "is_executable": false}, ".data": {"vaddr": 4284416, "memsize": 572156, "is_readable": true, "is_writable": true, "is_executable": false}, ".rsrc": {"vaddr": 4857856, "memsize": 87352, "is_readable": true, "is_writable": false, "is_executable": false}}}