{"0": {"status": "active", "trace": [{"name": "main", "args": ["2a21c7e33ac8d2b8102fe0cfb3265338f8a2a732d9fbeaa3471a24efb330201c.exe"], "addr": 4237976, "ret": "symbolic", "addr_func": 4237976}, {"name": "GetModuleHandleA", "args": [0], "addr_func": "5242928", "addr": 4206819, "ret": 4194304}, {"name": "GetCommandLineA", "args": [], "addr_func": "5242936", "addr": 4206830, "ret": 0}, {"name": "GetModuleHandleA", "args": ["kernel32.dll"], "addr_func": "5242928", "addr": 4212335, "ret": 6295592}, {"name": "GetVersion", "args": [], "addr_func": "5243088", "addr": 4212342, "ret": 0}, {"name": "GetProcAddress", "args": [6295592, "SetDefaultDllDirectories"], "addr_func": "5243108", "addr": 4212363, "ret": 6295596}, {"name": "SetDefaultDllDirectories", "args": [2048], "addr_func": "6295596", "addr": 4212379, "ret": "<BV32 retval_SetDefaultDllDirectories_32768_32>"}, {"name": "GetProcAddress", "args": [6295592, "SetSearchPathMode"], "addr_func": "5243108", "addr": 4212917, "ret": 6295604}, {"name": "SetSearchPathMode", "args": [32769], "addr_func": "6295604", "addr": 4212931, "ret": "<BV32 retval_SetSearchPathMode_32771_32>"}, {"name": "GetProcAddress", "args": [6295592, "SetProcessDEPPolicy"], "addr_func": "5243108", "addr": 4212939, "ret": 6295608}, {"name": "SetProcessDEPPolicy", "args": [1], "addr_func": "6295608", "addr": 4212950, "ret": "<BV32 retval_SetProcessDEPPolicy_32772_32>"}, {"name": "InitCommonControls", "args": [], "addr_func": "5243212", "addr": 4213364, "ret": 0}, {"name": "InitializeCriticalSection", "args": [4248604], "addr_func": "5242892", "addr": 4200750, "ret": "None"}, {"name": "LocalAlloc", "args": [0, 4088], "addr_func": "5242908", "addr": 4200811, "ret": 3221258256}, {"name": "VirtualAlloc", "args": [0, 1048576, 8192, 1], "addr_func": "5242900", "addr": 4199519, "ret": 3222798336}, {"name": "LocalAlloc", "args": [0, 1604], "addr_func": "5242908", "addr": 4199071, "ret": 3221262352}, {"name": "VirtualAlloc", "args": [3222798336, 16384, 4096, 4], "addr_func": "5242900", "addr": 4199985, "ret": 3222798336}, {"name": "LoadStringA", "args": [4194304, 65415, "", 1024], "addr_func": "5243184", "addr": 4215113, "ret": "<BV32 retval_LoadStringA_32774_32>"}, {"name": "GetSystemDefaultLCID", "args": [], "addr_func": "5243104", "addr": 4216559, "ret": 0}, {"name": "LoadStringA", "args": [4194304, 65472, "", 1024], "addr_func": "5243184", "addr": 4215113, "ret": "<BV32 retval_LoadStringA_32781_32>"}, {"name": "GetLocaleInfoA", "args": ["retval_GetSystemDefaultLCID_32779_32", 68, "", 256], "addr_func": "5243116", "addr": 4216442, "ret": "<BV32 retval_GetLocaleInfoA_32783_32>"}, {"name": "LoadStringA", "args": [4194304, 65488, "", 1024], "addr_func": "5243184", "addr": 4215113, "ret": "<BV32 retval_LoadStringA_32793_32>"}, {"name": "GetLocaleInfoA", "args": ["retval_GetSystemDefaultLCID_32779_32", 56, "", 256], "addr_func": "5243116", "addr": 4216442, "ret": "<BV32 retval_GetLocaleInfoA_32795_32>"}, {"name": "VirtualAlloc", "args": [3222814720, 1032192, 4096, 4], "addr_func": "5242900", "addr": 4199985, "ret": 3222814720}]}, "1": {"status": "active", "trace": [{"name": "main", "args": ["2a21c7e33ac8d2b8102fe0cfb3265338f8a2a732d9fbeaa3471a24efb330201c.exe"], "addr": 4237976, "ret": "symbolic", "addr_func": 4237976}, {"name": "GetModuleHandleA", "args": [0], "addr_func": "5242928", "addr": 4206819, "ret": 4194304}, {"name": "GetCommandLineA", "args": [], "addr_func": "5242936", "addr": 4206830, "ret": 0}, {"name": "GetModuleHandleA", "args": ["kernel32.dll"], "addr_func": "5242928", "addr": 4212335, "ret": 6295592}, {"name": "GetVersion", "args": [], "addr_func": "5243088", "addr": 4212342, "ret": 0}, {"name": "GetProcAddress", "args": [6295592, "SetDefaultDllDirectories"], "addr_func": "5243108", "addr": 4212363, "ret": 6295596}, {"name": "SetDefaultDllDirectories", "args": [2048], "addr_func": "6295596", "addr": 4212379, "ret": "<BV32 retval_SetDefaultDllDirectories_32768_32>"}, {"name": "GetProcAddress", "args": [6295592, "SetSearchPathMode"], "addr_func": "5243108", "addr": 4212917, "ret": 6295604}, {"name": "SetSearchPathMode", "args": [32769], "addr_func": "6295604", "addr": 4212931, "ret": "<BV32 retval_SetSearchPathMode_32771_32>"}, {"name": "GetProcAddress", "args": [6295592, "SetProcessDEPPolicy"], "addr_func": "5243108", "addr": 4212939, "ret": 6295608}, {"name": "SetProcessDEPPolicy", "args": [1], "addr_func": "6295608", "addr": 4212950, "ret": "<BV32 retval_SetProcessDEPPolicy_32772_32>"}, {"name": "InitCommonControls", "args": [], "addr_func": "5243212", "addr": 4213364, "ret": 0}, {"name": "InitializeCriticalSection", "args": [4248604], "addr_func": "5242892", "addr": 4200750, "ret": "None"}, {"name": "LocalAlloc", "args": [0, 4088], "addr_func": "5242908", "addr": 4200811, "ret": 3221258256}, {"name": "VirtualAlloc", "args": [0, 1048576, 8192, 1], "addr_func": "5242900", "addr": 4199519, "ret": 3222798336}, {"name": "LocalAlloc", "args": [0, 1604], "addr_func": "5242908", "addr": 4199071, "ret": 3221262352}, {"name": "VirtualAlloc", "args": [3222798336, 16384, 4096, 4], "addr_func": "5242900", "addr": 4199985, "ret": 3222798336}, {"name": "LoadStringA", "args": [4194304, 65415, "", 1024], "addr_func": "5243184", "addr": 4215113, "ret": "<BV32 retval_LoadStringA_32774_32>"}, {"name": "GetSystemDefaultLCID", "args": [], "addr_func": "5243104", "addr": 4216559, "ret": 0}, {"name": "LoadStringA", "args": [4194304, 65472, "", 1024], "addr_func": "5243184", "addr": 4215113, "ret": "<BV32 retval_LoadStringA_32781_32>"}, {"name": "GetLocaleInfoA", "args": ["retval_GetSystemDefaultLCID_32779_32", 68, "", 256], "addr_func": "5243116", "addr": 4216442, "ret": "<BV32 retval_GetLocaleInfoA_32783_32>"}, {"name": "LoadStringA", "args": [4194304, 65488, "", 1024], "addr_func": "5243184", "addr": 4215113, "ret": "<BV32 retval_LoadStringA_32793_32>"}, {"name": "GetLocaleInfoA", "args": ["retval_GetSystemDefaultLCID_32779_32", 56, "", 256], "addr_func": "5243116", "addr": 4216442, "ret": "<BV32 retval_GetLocaleInfoA_32795_32>"}, {"name": "VirtualAlloc", "args": [3222814720, 1032192, 4096, 4], "addr_func": "5242900", "addr": 4199985, "ret": 3222814720}, {"name": "VirtualAlloc", "args": [0, 1048576, 8192, 1], "addr_func": "5242900", "addr": 4199519, "ret": 3223846912}, {"name": "VirtualAlloc", "args": [0, 1048576, 8192, 1], "addr_func": "5242900", "addr": 4199519, "ret": 3224895488}, {"name": "VirtualAlloc", "args": [0, 1048576, 8192, 1], "addr_func": "5242900", "addr": 4199519, "ret": 3225944064}, {"name": "VirtualAlloc", "args": [0, 1048576, 8192, 1], "addr_func": "5242900", "addr": 4199519, "ret": 3226992640}, {"name": "VirtualAlloc", "args": [0, 1048576, 8192, 1], "addr_func": "5242900", "addr": 4199519, "ret": 3228041216}, {"name": "VirtualAlloc", "args": [0, 1048576, 8192, 1], "addr_func": "5242900", "addr": 4199519, "ret": 3229089792}, {"name": "VirtualAlloc", "args": [0, 1048576, 8192, 1], "addr_func": "5242900", "addr": 4199519, "ret": 3230138368}, {"name": "VirtualAlloc", "args": [0, 1048576, 8192, 1], "addr_func": "5242900", "addr": 4199519, "ret": 3231186944}, {"name": "VirtualAlloc", "args": [0, 1048576, 8192, 1], "addr_func": "5242900", "addr": 4199519, "ret": 3232235520}, {"name": "VirtualAlloc", "args": [0, 1048576, 8192, 1], "addr_func": "5242900", "addr": 4199519, "ret": 3233284096}, {"name": "VirtualAlloc", "args": [0, 1048576, 8192, 1], "addr_func": "5242900", "addr": 4199519, "ret": 3234332672}, {"name": "VirtualAlloc", "args": [0, 1048576, 8192, 1], "addr_func": "5242900", "addr": 4199519, "ret": 3235381248}, {"name": "VirtualAlloc", "args": [0, 1048576, 8192, 1], "addr_func": "5242900", "addr": 4199519, "ret": 3236429824}, {"name": "VirtualAlloc", "args": [0, 1048576, 8192, 1], "addr_func": "5242900", "addr": 4199519, "ret": 3237478400}, {"name": "VirtualAlloc", "args": [0, 1048576, 8192, 1], "addr_func": "5242900", "addr": 4199519, "ret": 3238526976}, {"name": "VirtualAlloc", "args": [0, 1048576, 8192, 1], "addr_func": "5242900", "addr": 4199519, "ret": 3239575552}, {"name": "VirtualAlloc", "args": [0, 1048576, 8192, 1], "addr_func": "5242900", "addr": 4199519, "ret": 3240624128}, {"name": "VirtualAlloc", "args": [0, 1048576, 8192, 1], "addr_func": "5242900", "addr": 4199519, "ret": 3241672704}, {"name": "VirtualAlloc", "args": [0, 1048576, 8192, 1], "addr_func": "5242900", "addr": 4199519, "ret": 3242721280}]}, "2": {"status": "active", "trace": [{"name": "main", "args": ["2a21c7e33ac8d2b8102fe0cfb3265338f8a2a732d9fbeaa3471a24efb330201c.exe"], "addr": 4237976, "ret": "symbolic", "addr_func": 4237976}, {"name": "GetModuleHandleA", "args": [0], "addr_func": "5242928", "addr": 4206819, "ret": 4194304}, {"name": "GetCommandLineA", "args": [], "addr_func": "5242936", "addr": 4206830, "ret": 0}, {"name": "GetModuleHandleA", "args": ["kernel32.dll"], "addr_func": "5242928", "addr": 4212335, "ret": 6295592}, {"name": "GetVersion", "args": [], "addr_func": "5243088", "addr": 4212342, "ret": 0}, {"name": "GetProcAddress", "args": [6295592, "SetDefaultDllDirectories"], "addr_func": "5243108", "addr": 4212363, "ret": 6295596}, {"name": "SetDefaultDllDirectories", "args": [2048], "addr_func": "6295596", "addr": 4212379, "ret": "<BV32 retval_SetDefaultDllDirectories_32768_32>"}, {"name": "GetProcAddress", "args": [6295592, "SetSearchPathMode"], "addr_func": "5243108", "addr": 4212917, "ret": 6295604}, {"name": "SetSearchPathMode", "args": [32769], "addr_func": "6295604", "addr": 4212931, "ret": "<BV32 retval_SetSearchPathMode_32771_32>"}, {"name": "GetProcAddress", "args": [6295592, "SetProcessDEPPolicy"], "addr_func": "5243108", "addr": 4212939, "ret": 6295608}, {"name": "SetProcessDEPPolicy", "args": [1], "addr_func": "6295608", "addr": 4212950, "ret": "<BV32 retval_SetProcessDEPPolicy_32772_32>"}, {"name": "InitCommonControls", "args": [], "addr_func": "5243212", "addr": 4213364, "ret": 0}, {"name": "InitializeCriticalSection", "args": [4248604], "addr_func": "5242892", "addr": 4200750, "ret": "None"}, {"name": "LocalAlloc", "args": [0, 4088], "addr_func": "5242908", "addr": 4200811, "ret": 3221258256}, {"name": "VirtualAlloc", "args": [0, 1048576, 8192, 1], "addr_func": "5242900", "addr": 4199519, "ret": 3222798336}, {"name": "LocalAlloc", "args": [0, 1604], "addr_func": "5242908", "addr": 4199071, "ret": 3221262352}, {"name": "VirtualAlloc", "args": [3222798336, 16384, 4096, 4], "addr_func": "5242900", "addr": 4199985, "ret": 3222798336}, {"name": "LoadStringA", "args": [4194304, 65415, "", 1024], "addr_func": "5243184", "addr": 4215113, "ret": "<BV32 retval_LoadStringA_32774_32>"}, {"name": "GetSystemDefaultLCID", "args": [], "addr_func": "5243104", "addr": 4216559, "ret": 0}, {"name": "LoadStringA", "args": [4194304, 65472, "", 1024], "addr_func": "5243184", "addr": 4215113, "ret": "<BV32 retval_LoadStringA_32781_32>"}, {"name": "GetLocaleInfoA", "args": ["retval_GetSystemDefaultLCID_32779_32", 68, "", 256], "addr_func": "5243116", "addr": 4216442, "ret": "<BV32 retval_GetLocaleInfoA_32783_32>"}, {"name": "LoadStringA", "args": [4194304, 65488, "", 1024], "addr_func": "5243184", "addr": 4215113, "ret": "<BV32 retval_LoadStringA_32793_32>"}, {"name": "GetLocaleInfoA", "args": ["retval_GetSystemDefaultLCID_32779_32", 56, "", 256], "addr_func": "5243116", "addr": 4216442, "ret": "<BV32 retval_GetLocaleInfoA_32795_32>"}, {"name": "VirtualAlloc", "args": [3222814720, 1032192, 4096, 4], "addr_func": "5242900", "addr": 4199985, "ret": 3222814720}, {"name": "VirtualAlloc", "args": [3222798336, "retval_GetLocaleInfoA_32795_32_32800_32_retval_GetLocaleInfoA_32795_32", 4096, 4], "addr_func": "5242900", "addr": 4199985, "ret": 3222798336}]}, "3": {"status": "ExcessLoop", "trace": [{"name": "main", "args": ["2a21c7e33ac8d2b8102fe0cfb3265338f8a2a732d9fbeaa3471a24efb330201c.exe"], "addr": 4237976, "ret": "symbolic", "addr_func": 4237976}, {"name": "GetModuleHandleA", "args": [0], "addr_func": "5242928", "addr": 4206819, "ret": 4194304}, {"name": "GetCommandLineA", "args": [], "addr_func": "5242936", "addr": 4206830, "ret": 0}, {"name": "GetModuleHandleA", "args": ["kernel32.dll"], "addr_func": "5242928", "addr": 4212335, "ret": 6295592}, {"name": "GetVersion", "args": [], "addr_func": "5243088", "addr": 4212342, "ret": 0}, {"name": "GetProcAddress", "args": [6295592, "SetDefaultDllDirectories"], "addr_func": "5243108", "addr": 4212363, "ret": 6295596}, {"name": "SetDefaultDllDirectories", "args": [2048], "addr_func": "6295596", "addr": 4212379, "ret": "<BV32 retval_SetDefaultDllDirectories_32768_32>"}, {"name": "GetProcAddress", "args": [6295592, "SetSearchPathMode"], "addr_func": "5243108", "addr": 4212917, "ret": 6295604}, {"name": "SetSearchPathMode", "args": [32769], "addr_func": "6295604", "addr": 4212931, "ret": "<BV32 retval_SetSearchPathMode_32771_32>"}, {"name": "GetProcAddress", "args": [6295592, "SetProcessDEPPolicy"], "addr_func": "5243108", "addr": 4212939, "ret": 6295608}, {"name": "SetProcessDEPPolicy", "args": [1], "addr_func": "6295608", "addr": 4212950, "ret": "<BV32 retval_SetProcessDEPPolicy_32772_32>"}, {"name": "InitCommonControls", "args": [], "addr_func": "5243212", "addr": 4213364, "ret": 0}, {"name": "InitializeCriticalSection", "args": [4248604], "addr_func": "5242892", "addr": 4200750, "ret": "None"}, {"name": "LocalAlloc", "args": [0, 4088], "addr_func": "5242908", "addr": 4200811, "ret": 3221258256}, {"name": "VirtualAlloc", "args": [0, 1048576, 8192, 1], "addr_func": "5242900", "addr": 4199519, "ret": 3222798336}, {"name": "LocalAlloc", "args": [0, 1604], "addr_func": "5242908", "addr": 4199071, "ret": 3221262352}, {"name": "VirtualAlloc", "args": [3222798336, 16384, 4096, 4], "addr_func": "5242900", "addr": 4199985, "ret": 3222798336}, {"name": "LoadStringA", "args": [4194304, 65415, "", 1024], "addr_func": "5243184", "addr": 4215113, "ret": "<BV32 retval_LoadStringA_32774_32>"}, {"name": "GetSystemDefaultLCID", "args": [], "addr_func": "5243104", "addr": 4216559, "ret": 0}, {"name": "LoadStringA", "args": [4194304, 65472, "", 1024], "addr_func": "5243184", "addr": 4215113, "ret": "<BV32 retval_LoadStringA_32781_32>"}, {"name": "GetLocaleInfoA", "args": ["retval_GetSystemDefaultLCID_32779_32", 68, "", 256], "addr_func": "5243116", "addr": 4216442, "ret": "<BV32 retval_GetLocaleInfoA_32783_32>"}, {"name": "LoadStringA", "args": [4194304, 65488, "", 1024], "addr_func": "5243184", "addr": 4215113, "ret": "<BV32 retval_LoadStringA_32793_32>"}, {"name": "GetLocaleInfoA", "args": ["retval_GetSystemDefaultLCID_32779_32", 56, "", 256], "addr_func": "5243116", "addr": 4216442, "ret": "<BV32 retval_GetLocaleInfoA_32795_32>"}]}, "4": {"status": "ExcessLoop", "trace": [{"name": "main", "args": ["2a21c7e33ac8d2b8102fe0cfb3265338f8a2a732d9fbeaa3471a24efb330201c.exe"], "addr": 4237976, "ret": "symbolic", "addr_func": 4237976}, {"name": "GetModuleHandleA", "args": [0], "addr_func": "5242928", "addr": 4206819, "ret": 4194304}, {"name": "GetCommandLineA", "args": [], "addr_func": "5242936", "addr": 4206830, "ret": 0}, {"name": "GetModuleHandleA", "args": ["kernel32.dll"], "addr_func": "5242928", "addr": 4212335, "ret": 6295592}, {"name": "GetVersion", "args": [], "addr_func": "5243088", "addr": 4212342, "ret": 0}, {"name": "GetProcAddress", "args": [6295592, "SetDefaultDllDirectories"], "addr_func": "5243108", "addr": 4212363, "ret": 6295596}, {"name": "SetDefaultDllDirectories", "args": [2048], "addr_func": "6295596", "addr": 4212379, "ret": "<BV32 retval_SetDefaultDllDirectories_32768_32>"}, {"name": "GetProcAddress", "args": [6295592, "SetSearchPathMode"], "addr_func": "5243108", "addr": 4212917, "ret": 6295604}, {"name": "SetSearchPathMode", "args": [32769], "addr_func": "6295604", "addr": 4212931, "ret": "<BV32 retval_SetSearchPathMode_32771_32>"}, {"name": "GetProcAddress", "args": [6295592, "SetProcessDEPPolicy"], "addr_func": "5243108", "addr": 4212939, "ret": 6295608}, {"name": "SetProcessDEPPolicy", "args": [1], "addr_func": "6295608", "addr": 4212950, "ret": "<BV32 retval_SetProcessDEPPolicy_32772_32>"}, {"name": "InitCommonControls", "args": [], "addr_func": "5243212", "addr": 4213364, "ret": 0}, {"name": "InitializeCriticalSection", "args": [4248604], "addr_func": "5242892", "addr": 4200750, "ret": "None"}, {"name": "LocalAlloc", "args": [0, 4088], "addr_func": "5242908", "addr": 4200811, "ret": 3221258256}, {"name": "VirtualAlloc", "args": [0, 1048576, 8192, 1], "addr_func": "5242900", "addr": 4199519, "ret": 3222798336}, {"name": "LocalAlloc", "args": [0, 1604], "addr_func": "5242908", "addr": 4199071, "ret": 3221262352}, {"name": "VirtualAlloc", "args": [3222798336, 16384, 4096, 4], "addr_func": "5242900", "addr": 4199985, "ret": 3222798336}, {"name": "LoadStringA", "args": [4194304, 65415, "", 1024], "addr_func": "5243184", "addr": 4215113, "ret": "<BV32 retval_LoadStringA_32774_32>"}, {"name": "GetSystemDefaultLCID", "args": [], "addr_func": "5243104", "addr": 4216559, "ret": 0}, {"name": "LoadStringA", "args": [4194304, 65472, "", 1024], "addr_func": "5243184", "addr": 4215113, "ret": "<BV32 retval_LoadStringA_32781_32>"}, {"name": "GetLocaleInfoA", "args": ["retval_GetSystemDefaultLCID_32779_32", 68, "", 256], "addr_func": "5243116", "addr": 4216442, "ret": "<BV32 retval_GetLocaleInfoA_32783_32>"}]}, "sections": {"CODE": {"vaddr": 4198400, "memsize": 41424, "is_readable": true, "is_writable": false, "is_executable": true}, "DATA": {"vaddr": 4243456, "memsize": 592, "is_readable": true, "is_writable": true, "is_executable": false}, "BSS": {"vaddr": 4247552, "memsize": 3732, "is_readable": true, "is_writable": true, "is_executable": false}, ".idata": {"vaddr": 4251648, "memsize": 2428, "is_readable": true, "is_writable": true, "is_executable": false}, ".tls": {"vaddr": 4255744, "memsize": 8, "is_readable": true, "is_writable": true, "is_executable": false}, ".rdata": {"vaddr": 4259840, "memsize": 24, "is_readable": true, "is_writable": false, "is_executable": false}, ".reloc": {"vaddr": 4263936, "memsize": 2332, "is_readable": true, "is_writable": false, "is_executable": false}, ".rsrc": {"vaddr": 4268032, "memsize": 11264, "is_readable": true, "is_writable": false, "is_executable": false}}}