{"0": {"status": "deadendend", "trace": [{"name": "main", "args": ["2ad81945d83e1b61a09d07638da6f65aac715001d697ce113aa705b8c96526e8.exe"], "addr": 4236031, "ret": "symbolic", "addr_func": 4236031}, {"name": "GetVersionExA", "args": [2147417392], "addr_func": "5243400", "addr": 4236063, "ret": "<BV32 retval_GetVersionExA_32767_32>"}, {"name": "GetModuleHandleA", "args": [0], "addr_func": "5243308", "addr": 4236140, "ret": 4194304}, {"name": "HeapCreate", "args": [0, 4096, 0], "addr_func": "5242976", "addr": 4242706, "ret": 1}, {"name": "HeapAlloc", "args": [1, 0, 320], "addr_func": "5242904", "addr": 4242783, "ret": 3221258256}, {"name": "GetModuleHandleA", "args": ["kernel32.dll"], "addr_func": "5243308", "addr": 4268361, "ret": 6295592}, {"name": "GetProcAddress", "args": [6295592, "InitializeCriticalSectionAndSpinCount"], "addr_func": "5243208", "addr": 4268377, "ret": 6295596}, {"name": "InitializeCriticalSectionAndSpinCount", "args": [4393960, 4000], "addr_func": "6295596", "addr": 4268412, "ret": 1}, {"name": "InitializeCriticalSectionAndSpinCount", "args": [4393984, 4000], "addr_func": "6295596", "addr": 4268412, "ret": 1}, {"name": "InitializeCriticalSectionAndSpinCount", "args": [4394008, 4000], "addr_func": "6295596", "addr": 4268412, "ret": 1}, {"name": "InitializeCriticalSectionAndSpinCount", "args": [4394032, 4000], "addr_func": "6295596", "addr": 4268412, "ret": 1}, {"name": "InitializeCriticalSectionAndSpinCount", "args": [4394056, 4000], "addr_func": "6295596", "addr": 4268412, "ret": 1}, {"name": "InitializeCriticalSectionAndSpinCount", "args": [4394080, 4000], "addr_func": "6295596", "addr": 4268412, "ret": 1}, {"name": "InitializeCriticalSectionAndSpinCount", "args": [4394104, 4000], "addr_func": "6295596", "addr": 4268412, "ret": 1}, {"name": "InitializeCriticalSectionAndSpinCount", "args": [4394128, 4000], "addr_func": "6295596", "addr": 4268412, "ret": 1}, {"name": "InitializeCriticalSectionAndSpinCount", "args": [4394152, 4000], "addr_func": "6295596", "addr": 4268412, "ret": 1}, {"name": "InitializeCriticalSectionAndSpinCount", "args": [4394176, 4000], "addr_func": "6295596", "addr": 4268412, "ret": 1}, {"name": "InitializeCriticalSectionAndSpinCount", "args": [4394200, 4000], "addr_func": "6295596", "addr": 4268412, "ret": 1}, {"name": "InitializeCriticalSectionAndSpinCount", "args": [4394224, 4000], "addr_func": "6295596", "addr": 4268412, "ret": 1}, {"name": "InitializeCriticalSectionAndSpinCount", "args": [4394248, 4000], "addr_func": "6295596", "addr": 4268412, "ret": 1}, {"name": "InitializeCriticalSectionAndSpinCount", "args": [4394272, 4000], "addr_func": "6295596", "addr": 4268412, "ret": 1}, {"name": "GetModuleHandleA", "args": ["kernel32.dll"], "addr_func": "5243308", "addr": 4248068, "ret": 6295592}, {"name": "GetProcAddress", "args": [6295592, "FlsAlloc"], "addr_func": "5243208", "addr": 4248092, "ret": 6295600}, {"name": "GetProcAddress", "args": [6295592, "FlsGetValue"], "addr_func": "5243208", "addr": 4248105, "ret": 6295604}, {"name": "GetProcAddress", "args": [6295592, "FlsSetValue"], "addr_func": "5243208", "addr": 4248118, "ret": 6295608}, {"name": "GetProcAddress", "args": [6295592, "FlsFree"], "addr_func": "5243208", "addr": 4248131, "ret": 6295612}, {"name": "FlsAlloc", "args": [4247717], "addr_func": "6295600", "addr": 4248192, "ret": 1}, {"name": "EnterCriticalSection", "args": [4394032], "addr_func": "5243140", "addr": 4242654, "ret": "None"}, {"name": "HeapAlloc", "args": [1, 8, 16836], "addr_func": "5242904", "addr": 4243773, "ret": 3221258584}, {"name": "VirtualAlloc", "args": [0, 1048576, 8192, 4], "addr_func": "5242916", "addr": 4243803, "ret": 3222798336}, {"name": "VirtualAlloc", "args": [3222798336, 32768, 4096, 4], "addr_func": "5242916", "addr": 4243942, "ret": 3222798336}, {"name": "LeaveCriticalSection", "args": [4394032], "addr_func": "5243152", "addr": 4242446, "ret": "None"}, {"name": "FlsSetValue", "args": [1, 3222802272], "addr_func": "6295608", "addr": 4248237, "ret": 1}, {"name": "GetCurrentThreadId", "args": [], "addr_func": "5243172", "addr": 4248257, "ret": 0}, {"name": "HeapAlloc", "args": [1, 0, 1152], "addr_func": "5242904", "addr": 4228317, "ret": 3221275432}, {"name": "GetStartupInfoA", "args": [2147417320], "addr_func": "5243040", "addr": 4261204, "ret": "None"}, {"name": "GetStdHandle", "args": [4294967286], "addr_func": "5243008", "addr": 4261503, "ret": 1000}, {"name": "GetFileType", "args": [1000], "addr_func": "5243036", "addr": 4261517, "ret": "<BV32 retval_GetFileType_32769_32>"}, {"name": "GetStdHandle", "args": [4294967285], "addr_func": "5243008", "addr": 4261503, "ret": 1001}, {"name": "GetFileType", "args": [1001], "addr_func": "5243036", "addr": 4261517, "ret": "<BV32 retval_GetFileType_32770_32>"}, {"name": "GetStdHandle", "args": [4294967284], "addr_func": "5243008", "addr": 4261503, "ret": 1002}, {"name": "GetFileType", "args": [1002], "addr_func": "5243036", "addr": 4261517, "ret": "<BV32 retval_GetFileType_32771_32>"}, {"name": "InitializeCriticalSectionAndSpinCount", "args": [3221275516, 4000], "addr_func": "6295596", "addr": 4268412, "ret": 1}, {"name": "SetHandleCount", "args": [32], "addr_func": "5243032", "addr": 4261605, "ret": "<BV32 retval_SetHandleCount_32779_32>"}, {"name": "GetCommandLineA", "args": [], "addr_func": "5243304", "addr": 4236290, "ret": 0}, {"name": "GetEnvironmentStringsW", "args": [], "addr_func": "5243028", "addr": 4260849, "ret": 0}, {"name": "WideCharToMultiByte", "args": [0, 0, 3221225480, 22, 0, 0, 0, 0], "addr_func": "5243392", "addr": 4260955, "ret": "<BV32 retval_WideCharToMultiByte_32795_32>"}, {"name": "FreeEnvironmentStringsW", "args": [3221225480], "addr_func": "5243024", "addr": 4261014, "ret": "<BV32 retval_FreeEnvironmentStringsW_32804_32>"}, {"name": "EnterCriticalSection", "args": [4394176], "addr_func": "5243140", "addr": 4242654, "ret": "None"}, {"name": "GetACP", "args": [], "addr_func": "5243412", "addr": 4241561, "ret": 0}, {"name": "LeaveCriticalSection", "args": [4394176], "addr_func": "5243152", "addr": 4242446, "ret": "None"}, {"name": "GetModuleFileNameA", "args": [0, "2ad81945d83e1b61a09d07638da6f65aac715001d697ce113aa705b8c96526e8.exe", 260], "addr_func": "5243212", "addr": 4260701, "ret": 68}, {"name": "EnterCriticalSection", "args": [4394032], "addr_func": "5243140", "addr": 4242654, "ret": "None"}, {"name": "LeaveCriticalSection", "args": [4394032], "addr_func": "5243152", "addr": 4242446, "ret": "None"}, {"name": "GetStdHandle", "args": [4294967284], "addr_func": "5243008", "addr": 4259642, "ret": 1002}, {"name": "WriteFile", "args": [1002, "\r\n", 2, 2147417376, 0], "addr_func": "5243272", "addr": 4259649, "ret": "<BV32 retval_WriteFile_32834_32>"}, {"name": "GetStdHandle", "args": [4294967284], "addr_func": "5243008", "addr": 4259642, "ret": 1002}, {"name": "WriteFile", "args": [1002, "runtime error ", 14, 2147417376, 0], "addr_func": "5243272", "addr": 4259649, "ret": "<BV32 retval_WriteFile_32835_32>"}, {"name": "GetStdHandle", "args": [4294967284], "addr_func": "5243008", "addr": 4259642, "ret": 1002}, {"name": "WriteFile", "args": [1002, "R6009\r\n- not enough space for environment\r\n", 43, 2147417380, 0], "addr_func": "5243272", "addr": 4259649, "ret": "<BV32 retval_WriteFile_32836_32>"}, {"name": "EnterCriticalSection", "args": [4394104], "addr_func": "5243140", "addr": 4242654, "ret": "None"}, {"name": "SetUnhandledExceptionFilter", "args": [0], "addr_func": "5243004", "addr": 4259301, "ret": "<BV32 retval_SetUnhandledExceptionFilter_32837_32>"}, {"name": "GetModuleHandleA", "args": ["mscoree.dll"], "addr_func": "5243308", "addr": 4238267, "ret": 6295616}, {"name": "GetProcAddress", "args": [6295616, "CorExitProcess"], "addr_func": "5243208", "addr": 4238283, "ret": 6295620}, {"name": "CorExitProcess", "args": [255], "addr_func": "6295620", "addr": 4238297, "ret": "None"}, {"name": "ExitProcess", "args": [], "addr_func": "5242956", "addr": 4238303, "ret": 0}]}, "1": {"status": "active", "trace": [{"name": "main", "args": ["2ad81945d83e1b61a09d07638da6f65aac715001d697ce113aa705b8c96526e8.exe"], "addr": 4236031, "ret": "symbolic", "addr_func": 4236031}, {"name": "GetVersionExA", "args": [2147417392], "addr_func": "5243400", "addr": 4236063, "ret": "<BV32 retval_GetVersionExA_32767_32>"}, {"name": "GetModuleHandleA", "args": [0], "addr_func": "5243308", "addr": 4236140, "ret": 4194304}, {"name": "HeapCreate", "args": [0, 4096, 0], "addr_func": "5242976", "addr": 4242706, "ret": 1}, {"name": "HeapAlloc", "args": [1, 0, 320], "addr_func": "5242904", "addr": 4242783, "ret": 3221258256}, {"name": "GetModuleHandleA", "args": ["kernel32.dll"], "addr_func": "5243308", "addr": 4268361, "ret": 6295592}, {"name": "GetProcAddress", "args": [6295592, "InitializeCriticalSectionAndSpinCount"], "addr_func": "5243208", "addr": 4268377, "ret": 6295596}, {"name": "InitializeCriticalSectionAndSpinCount", "args": [4393960, 4000], "addr_func": "6295596", "addr": 4268412, "ret": 1}, {"name": "InitializeCriticalSectionAndSpinCount", "args": [4393984, 4000], "addr_func": "6295596", "addr": 4268412, "ret": 1}, {"name": "InitializeCriticalSectionAndSpinCount", "args": [4394008, 4000], "addr_func": "6295596", "addr": 4268412, "ret": 1}, {"name": "InitializeCriticalSectionAndSpinCount", "args": [4394032, 4000], "addr_func": "6295596", "addr": 4268412, "ret": 1}, {"name": "InitializeCriticalSectionAndSpinCount", "args": [4394056, 4000], "addr_func": "6295596", "addr": 4268412, "ret": 1}, {"name": "InitializeCriticalSectionAndSpinCount", "args": [4394080, 4000], "addr_func": "6295596", "addr": 4268412, "ret": 1}, {"name": "InitializeCriticalSectionAndSpinCount", "args": [4394104, 4000], "addr_func": "6295596", "addr": 4268412, "ret": 1}, {"name": "InitializeCriticalSectionAndSpinCount", "args": [4394128, 4000], "addr_func": "6295596", "addr": 4268412, "ret": 1}, {"name": "InitializeCriticalSectionAndSpinCount", "args": [4394152, 4000], "addr_func": "6295596", "addr": 4268412, "ret": 1}, {"name": "InitializeCriticalSectionAndSpinCount", "args": [4394176, 4000], "addr_func": "6295596", "addr": 4268412, "ret": 1}, {"name": "InitializeCriticalSectionAndSpinCount", "args": [4394200, 4000], "addr_func": "6295596", "addr": 4268412, "ret": 1}, {"name": "InitializeCriticalSectionAndSpinCount", "args": [4394224, 4000], "addr_func": "6295596", "addr": 4268412, "ret": 1}, {"name": "InitializeCriticalSectionAndSpinCount", "args": [4394248, 4000], "addr_func": "6295596", "addr": 4268412, "ret": 1}, {"name": "InitializeCriticalSectionAndSpinCount", "args": [4394272, 4000], "addr_func": "6295596", "addr": 4268412, "ret": 1}, {"name": "GetModuleHandleA", "args": ["kernel32.dll"], "addr_func": "5243308", "addr": 4248068, "ret": 6295592}, {"name": "GetProcAddress", "args": [6295592, "FlsAlloc"], "addr_func": "5243208", "addr": 4248092, "ret": 6295600}, {"name": "GetProcAddress", "args": [6295592, "FlsGetValue"], "addr_func": "5243208", "addr": 4248105, "ret": 6295604}, {"name": "GetProcAddress", "args": [6295592, "FlsSetValue"], "addr_func": "5243208", "addr": 4248118, "ret": 6295608}, {"name": "GetProcAddress", "args": [6295592, "FlsFree"], "addr_func": "5243208", "addr": 4248131, "ret": 6295612}, {"name": "FlsAlloc", "args": [4247717], "addr_func": "6295600", "addr": 4248192, "ret": 1}, {"name": "EnterCriticalSection", "args": [4394032], "addr_func": "5243140", "addr": 4242654, "ret": "None"}, {"name": "HeapAlloc", "args": [1, 8, 16836], "addr_func": "5242904", "addr": 4243773, "ret": 3221258584}, {"name": "VirtualAlloc", "args": [0, 1048576, 8192, 4], "addr_func": "5242916", "addr": 4243803, "ret": 3222798336}, {"name": "VirtualAlloc", "args": [3222798336, 32768, 4096, 4], "addr_func": "5242916", "addr": 4243942, "ret": 3222798336}, {"name": "LeaveCriticalSection", "args": [4394032], "addr_func": "5243152", "addr": 4242446, "ret": "None"}, {"name": "FlsSetValue", "args": [1, 3222802272], "addr_func": "6295608", "addr": 4248237, "ret": 1}, {"name": "GetCurrentThreadId", "args": [], "addr_func": "5243172", "addr": 4248257, "ret": 0}, {"name": "HeapAlloc", "args": [1, 0, 1152], "addr_func": "5242904", "addr": 4228317, "ret": 3221275432}, {"name": "GetStartupInfoA", "args": [2147417320], "addr_func": "5243040", "addr": 4261204, "ret": "None"}, {"name": "GetStdHandle", "args": [4294967286], "addr_func": "5243008", "addr": 4261503, "ret": 1000}, {"name": "GetFileType", "args": [1000], "addr_func": "5243036", "addr": 4261517, "ret": "<BV32 retval_GetFileType_32769_32>"}, {"name": "GetStdHandle", "args": [4294967285], "addr_func": "5243008", "addr": 4261503, "ret": 1001}, {"name": "GetFileType", "args": [1001], "addr_func": "5243036", "addr": 4261517, "ret": "<BV32 retval_GetFileType_32770_32>"}, {"name": "GetStdHandle", "args": [4294967284], "addr_func": "5243008", "addr": 4261503, "ret": 1002}, {"name": "GetFileType", "args": [1002], "addr_func": "5243036", "addr": 4261517, "ret": "<BV32 retval_GetFileType_32771_32>"}, {"name": "InitializeCriticalSectionAndSpinCount", "args": [3221275516, 4000], "addr_func": "6295596", "addr": 4268412, "ret": 1}, {"name": "SetHandleCount", "args": [32], "addr_func": "5243032", "addr": 4261605, "ret": "<BV32 retval_SetHandleCount_32779_32>"}, {"name": "GetCommandLineA", "args": [], "addr_func": "5243304", "addr": 4236290, "ret": 0}, {"name": "GetEnvironmentStringsW", "args": [], "addr_func": "5243028", "addr": 4260849, "ret": 0}, {"name": "WideCharToMultiByte", "args": [0, 0, 3221225480, 20, 0, 0, 0, 0], "addr_func": "5243392", "addr": 4260955, "ret": "<BV32 retval_WideCharToMultiByte_32792_32>"}, {"name": "FreeEnvironmentStringsW", "args": [3221225480], "addr_func": "5243024", "addr": 4261014, "ret": "<BV32 retval_FreeEnvironmentStringsW_32803_32>"}, {"name": "EnterCriticalSection", "args": [4394176], "addr_func": "5243140", "addr": 4242654, "ret": "None"}, {"name": "GetACP", "args": [], "addr_func": "5243412", "addr": 4241561, "ret": 0}, {"name": "EnterCriticalSection", "args": [4394032], "addr_func": "5243140", "addr": 4242654, "ret": "None"}, {"name": "LeaveCriticalSection", "args": [4394032], "addr_func": "5243152", "addr": 4242446, "ret": "None"}, {"name": "GetCPInfo", "args": ["retval_GetACP_32816_32", 2147417216], "addr_func": "5242896", "addr": 4240606, "ret": "<BV32 retval_GetCPInfo_32848_32>"}, {"name": "GetStringTypeW", "args": [1, 4350284, 1, 2147415868], "addr_func": "5242992", "addr": 4248319, "ret": "<BV32 retval_GetStringTypeW_32864_32>"}, {"name": "GetLastError", "args": [], "addr_func": "5243384", "addr": 4248337, "ret": 0}, {"name": "GetLocaleInfoA", "args": [0, 4100, "", 6], "addr_func": "5243408", "addr": 4270205, "ret": "<BV32 retval_GetLocaleInfoA_32869_32>"}]}, "2": {"status": "active", "trace": [{"name": "main", "args": ["2ad81945d83e1b61a09d07638da6f65aac715001d697ce113aa705b8c96526e8.exe"], "addr": 4236031, "ret": "symbolic", "addr_func": 4236031}, {"name": "GetVersionExA", "args": [2147417392], "addr_func": "5243400", "addr": 4236063, "ret": "<BV32 retval_GetVersionExA_32767_32>"}, {"name": "GetModuleHandleA", "args": [0], "addr_func": "5243308", "addr": 4236140, "ret": 4194304}, {"name": "HeapCreate", "args": [0, 4096, 0], "addr_func": "5242976", "addr": 4242706, "ret": 1}, {"name": "HeapAlloc", "args": [1, 0, 320], "addr_func": "5242904", "addr": 4242783, "ret": 3221258256}, {"name": "GetModuleHandleA", "args": ["kernel32.dll"], "addr_func": "5243308", "addr": 4268361, "ret": 6295592}, {"name": "GetProcAddress", "args": [6295592, "InitializeCriticalSectionAndSpinCount"], "addr_func": "5243208", "addr": 4268377, "ret": 6295596}, {"name": "InitializeCriticalSectionAndSpinCount", "args": [4393960, 4000], "addr_func": "6295596", "addr": 4268412, "ret": 1}, {"name": "InitializeCriticalSectionAndSpinCount", "args": [4393984, 4000], "addr_func": "6295596", "addr": 4268412, "ret": 1}, {"name": "InitializeCriticalSectionAndSpinCount", "args": [4394008, 4000], "addr_func": "6295596", "addr": 4268412, "ret": 1}, {"name": "InitializeCriticalSectionAndSpinCount", "args": [4394032, 4000], "addr_func": "6295596", "addr": 4268412, "ret": 1}, {"name": "InitializeCriticalSectionAndSpinCount", "args": [4394056, 4000], "addr_func": "6295596", "addr": 4268412, "ret": 1}, {"name": "InitializeCriticalSectionAndSpinCount", "args": [4394080, 4000], "addr_func": "6295596", "addr": 4268412, "ret": 1}, {"name": "InitializeCriticalSectionAndSpinCount", "args": [4394104, 4000], "addr_func": "6295596", "addr": 4268412, "ret": 1}, {"name": "InitializeCriticalSectionAndSpinCount", "args": [4394128, 4000], "addr_func": "6295596", "addr": 4268412, "ret": 1}, {"name": "InitializeCriticalSectionAndSpinCount", "args": [4394152, 4000], "addr_func": "6295596", "addr": 4268412, "ret": 1}, {"name": "InitializeCriticalSectionAndSpinCount", "args": [4394176, 4000], "addr_func": "6295596", "addr": 4268412, "ret": 1}, {"name": "InitializeCriticalSectionAndSpinCount", "args": [4394200, 4000], "addr_func": "6295596", "addr": 4268412, "ret": 1}, {"name": "InitializeCriticalSectionAndSpinCount", "args": [4394224, 4000], "addr_func": "6295596", "addr": 4268412, "ret": 1}, {"name": "InitializeCriticalSectionAndSpinCount", "args": [4394248, 4000], "addr_func": "6295596", "addr": 4268412, "ret": 1}, {"name": "InitializeCriticalSectionAndSpinCount", "args": [4394272, 4000], "addr_func": "6295596", "addr": 4268412, "ret": 1}, {"name": "GetModuleHandleA", "args": ["kernel32.dll"], "addr_func": "5243308", "addr": 4248068, "ret": 6295592}, {"name": "GetProcAddress", "args": [6295592, "FlsAlloc"], "addr_func": "5243208", "addr": 4248092, "ret": 6295600}, {"name": "GetProcAddress", "args": [6295592, "FlsGetValue"], "addr_func": "5243208", "addr": 4248105, "ret": 6295604}, {"name": "GetProcAddress", "args": [6295592, "FlsSetValue"], "addr_func": "5243208", "addr": 4248118, "ret": 6295608}, {"name": "GetProcAddress", "args": [6295592, "FlsFree"], "addr_func": "5243208", "addr": 4248131, "ret": 6295612}, {"name": "FlsAlloc", "args": [4247717], "addr_func": "6295600", "addr": 4248192, "ret": 1}, {"name": "EnterCriticalSection", "args": [4394032], "addr_func": "5243140", "addr": 4242654, "ret": "None"}, {"name": "HeapAlloc", "args": [1, 8, 16836], "addr_func": "5242904", "addr": 4243773, "ret": 3221258584}, {"name": "VirtualAlloc", "args": [0, 1048576, 8192, 4], "addr_func": "5242916", "addr": 4243803, "ret": 3222798336}, {"name": "VirtualAlloc", "args": [3222798336, 32768, 4096, 4], "addr_func": "5242916", "addr": 4243942, "ret": 3222798336}, {"name": "LeaveCriticalSection", "args": [4394032], "addr_func": "5243152", "addr": 4242446, "ret": "None"}, {"name": "FlsSetValue", "args": [1, 3222802272], "addr_func": "6295608", "addr": 4248237, "ret": 1}, {"name": "GetCurrentThreadId", "args": [], "addr_func": "5243172", "addr": 4248257, "ret": 0}, {"name": "HeapAlloc", "args": [1, 0, 1152], "addr_func": "5242904", "addr": 4228317, "ret": 3221275432}, {"name": "GetStartupInfoA", "args": [2147417320], "addr_func": "5243040", "addr": 4261204, "ret": "None"}, {"name": "GetStdHandle", "args": [4294967286], "addr_func": "5243008", "addr": 4261503, "ret": 1000}, {"name": "GetFileType", "args": [1000], "addr_func": "5243036", "addr": 4261517, "ret": "<BV32 retval_GetFileType_32769_32>"}, {"name": "GetStdHandle", "args": [4294967285], "addr_func": "5243008", "addr": 4261503, "ret": 1001}, {"name": "GetFileType", "args": [1001], "addr_func": "5243036", "addr": 4261517, "ret": "<BV32 retval_GetFileType_32770_32>"}, {"name": "GetStdHandle", "args": [4294967284], "addr_func": "5243008", "addr": 4261503, "ret": 1002}, {"name": "GetFileType", "args": [1002], "addr_func": "5243036", "addr": 4261517, "ret": "<BV32 retval_GetFileType_32771_32>"}, {"name": "InitializeCriticalSectionAndSpinCount", "args": [3221275516, 4000], "addr_func": "6295596", "addr": 4268412, "ret": 1}, {"name": "SetHandleCount", "args": [32], "addr_func": "5243032", "addr": 4261605, "ret": "<BV32 retval_SetHandleCount_32779_32>"}, {"name": "GetCommandLineA", "args": [], "addr_func": "5243304", "addr": 4236290, "ret": 0}, {"name": "GetEnvironmentStringsW", "args": [], "addr_func": "5243028", "addr": 4260849, "ret": 0}, {"name": "WideCharToMultiByte", "args": [0, 0, 3221225480, 20, 0, 0, 0, 0], "addr_func": "5243392", "addr": 4260955, "ret": "<BV32 retval_WideCharToMultiByte_32792_32>"}, {"name": "FreeEnvironmentStringsW", "args": [3221225480], "addr_func": "5243024", "addr": 4261014, "ret": "<BV32 retval_FreeEnvironmentStringsW_32803_32>"}, {"name": "EnterCriticalSection", "args": [4394176], "addr_func": "5243140", "addr": 4242654, "ret": "None"}, {"name": "GetACP", "args": [], "addr_func": "5243412", "addr": 4241561, "ret": 0}, {"name": "EnterCriticalSection", "args": [4394032], "addr_func": "5243140", "addr": 4242654, "ret": "None"}, {"name": "LeaveCriticalSection", "args": [4394032], "addr_func": "5243152", "addr": 4242446, "ret": "None"}, {"name": "GetCPInfo", "args": ["retval_GetACP_32816_32", 2147417216], "addr_func": "5242896", "addr": 4240606, "ret": "<BV32 retval_GetCPInfo_32848_32>"}, {"name": "GetStringTypeW", "args": [1, 4350284, 1, 2147415868], "addr_func": "5242992", "addr": 4248319, "ret": "<BV32 retval_GetStringTypeW_32864_32>"}, {"name": "MultiByteToWideChar", "args": ["retval_GetACP_32816_32", 1, 2147416960, 256, 0, 0], "addr_func": "5243396", "addr": 4248435, "ret": "<BV32 retval_MultiByteToWideChar_32867_32>"}]}, "3": {"status": "active", "trace": [{"name": "main", "args": ["2ad81945d83e1b61a09d07638da6f65aac715001d697ce113aa705b8c96526e8.exe"], "addr": 4236031, "ret": "symbolic", "addr_func": 4236031}, {"name": "GetVersionExA", "args": [2147417392], "addr_func": "5243400", "addr": 4236063, "ret": "<BV32 retval_GetVersionExA_32767_32>"}, {"name": "GetModuleHandleA", "args": [0], "addr_func": "5243308", "addr": 4236140, "ret": 4194304}, {"name": "HeapCreate", "args": [0, 4096, 0], "addr_func": "5242976", "addr": 4242706, "ret": 1}, {"name": "HeapAlloc", "args": [1, 0, 320], "addr_func": "5242904", "addr": 4242783, "ret": 3221258256}, {"name": "GetModuleHandleA", "args": ["kernel32.dll"], "addr_func": "5243308", "addr": 4268361, "ret": 6295592}, {"name": "GetProcAddress", "args": [6295592, "InitializeCriticalSectionAndSpinCount"], "addr_func": "5243208", "addr": 4268377, "ret": 6295596}, {"name": "InitializeCriticalSectionAndSpinCount", "args": [4393960, 4000], "addr_func": "6295596", "addr": 4268412, "ret": 1}, {"name": "InitializeCriticalSectionAndSpinCount", "args": [4393984, 4000], "addr_func": "6295596", "addr": 4268412, "ret": 1}, {"name": "InitializeCriticalSectionAndSpinCount", "args": [4394008, 4000], "addr_func": "6295596", "addr": 4268412, "ret": 1}, {"name": "InitializeCriticalSectionAndSpinCount", "args": [4394032, 4000], "addr_func": "6295596", "addr": 4268412, "ret": 1}, {"name": "InitializeCriticalSectionAndSpinCount", "args": [4394056, 4000], "addr_func": "6295596", "addr": 4268412, "ret": 1}, {"name": "InitializeCriticalSectionAndSpinCount", "args": [4394080, 4000], "addr_func": "6295596", "addr": 4268412, "ret": 1}, {"name": "InitializeCriticalSectionAndSpinCount", "args": [4394104, 4000], "addr_func": "6295596", "addr": 4268412, "ret": 1}, {"name": "InitializeCriticalSectionAndSpinCount", "args": [4394128, 4000], "addr_func": "6295596", "addr": 4268412, "ret": 1}, {"name": "InitializeCriticalSectionAndSpinCount", "args": [4394152, 4000], "addr_func": "6295596", "addr": 4268412, "ret": 1}, {"name": "InitializeCriticalSectionAndSpinCount", "args": [4394176, 4000], "addr_func": "6295596", "addr": 4268412, "ret": 1}, {"name": "InitializeCriticalSectionAndSpinCount", "args": [4394200, 4000], "addr_func": "6295596", "addr": 4268412, "ret": 1}, {"name": "InitializeCriticalSectionAndSpinCount", "args": [4394224, 4000], "addr_func": "6295596", "addr": 4268412, "ret": 1}, {"name": "InitializeCriticalSectionAndSpinCount", "args": [4394248, 4000], "addr_func": "6295596", "addr": 4268412, "ret": 1}, {"name": "InitializeCriticalSectionAndSpinCount", "args": [4394272, 4000], "addr_func": "6295596", "addr": 4268412, "ret": 1}, {"name": "GetModuleHandleA", "args": ["kernel32.dll"], "addr_func": "5243308", "addr": 4248068, "ret": 6295592}, {"name": "GetProcAddress", "args": [6295592, "FlsAlloc"], "addr_func": "5243208", "addr": 4248092, "ret": 6295600}, {"name": "GetProcAddress", "args": [6295592, "FlsGetValue"], "addr_func": "5243208", "addr": 4248105, "ret": 6295604}, {"name": "GetProcAddress", "args": [6295592, "FlsSetValue"], "addr_func": "5243208", "addr": 4248118, "ret": 6295608}, {"name": "GetProcAddress", "args": [6295592, "FlsFree"], "addr_func": "5243208", "addr": 4248131, "ret": 6295612}, {"name": "FlsAlloc", "args": [4247717], "addr_func": "6295600", "addr": 4248192, "ret": 1}, {"name": "EnterCriticalSection", "args": [4394032], "addr_func": "5243140", "addr": 4242654, "ret": "None"}, {"name": "HeapAlloc", "args": [1, 8, 16836], "addr_func": "5242904", "addr": 4243773, "ret": 3221258584}, {"name": "VirtualAlloc", "args": [0, 1048576, 8192, 4], "addr_func": "5242916", "addr": 4243803, "ret": 3222798336}, {"name": "VirtualAlloc", "args": [3222798336, 32768, 4096, 4], "addr_func": "5242916", "addr": 4243942, "ret": 3222798336}, {"name": "LeaveCriticalSection", "args": [4394032], "addr_func": "5243152", "addr": 4242446, "ret": "None"}, {"name": "FlsSetValue", "args": [1, 3222802272], "addr_func": "6295608", "addr": 4248237, "ret": 1}, {"name": "GetCurrentThreadId", "args": [], "addr_func": "5243172", "addr": 4248257, "ret": 0}, {"name": "HeapAlloc", "args": [1, 0, 1152], "addr_func": "5242904", "addr": 4228317, "ret": 3221275432}, {"name": "GetStartupInfoA", "args": [2147417320], "addr_func": "5243040", "addr": 4261204, "ret": "None"}, {"name": "GetStdHandle", "args": [4294967286], "addr_func": "5243008", "addr": 4261503, "ret": 1000}, {"name": "GetFileType", "args": [1000], "addr_func": "5243036", "addr": 4261517, "ret": "<BV32 retval_GetFileType_32769_32>"}, {"name": "GetStdHandle", "args": [4294967285], "addr_func": "5243008", "addr": 4261503, "ret": 1001}, {"name": "GetFileType", "args": [1001], "addr_func": "5243036", "addr": 4261517, "ret": "<BV32 retval_GetFileType_32770_32>"}, {"name": "GetStdHandle", "args": [4294967284], "addr_func": "5243008", "addr": 4261503, "ret": 1002}, {"name": "GetFileType", "args": [1002], "addr_func": "5243036", "addr": 4261517, "ret": "<BV32 retval_GetFileType_32771_32>"}, {"name": "InitializeCriticalSectionAndSpinCount", "args": [3221275516, 4000], "addr_func": "6295596", "addr": 4268412, "ret": 1}, {"name": "SetHandleCount", "args": [32], "addr_func": "5243032", "addr": 4261605, "ret": "<BV32 retval_SetHandleCount_32779_32>"}, {"name": "GetCommandLineA", "args": [], "addr_func": "5243304", "addr": 4236290, "ret": 0}, {"name": "GetEnvironmentStringsW", "args": [], "addr_func": "5243028", "addr": 4260849, "ret": 0}, {"name": "WideCharToMultiByte", "args": [0, 0, 3221225480, 20, 0, 0, 0, 0], "addr_func": "5243392", "addr": 4260955, "ret": "<BV32 retval_WideCharToMultiByte_32792_32>"}, {"name": "FreeEnvironmentStringsW", "args": [3221225480], "addr_func": "5243024", "addr": 4261014, "ret": "<BV32 retval_FreeEnvironmentStringsW_32803_32>"}, {"name": "EnterCriticalSection", "args": [4394176], "addr_func": "5243140", "addr": 4242654, "ret": "None"}, {"name": "GetACP", "args": [], "addr_func": "5243412", "addr": 4241561, "ret": 0}, {"name": "EnterCriticalSection", "args": [4394032], "addr_func": "5243140", "addr": 4242654, "ret": "None"}, {"name": "LeaveCriticalSection", "args": [4394032], "addr_func": "5243152", "addr": 4242446, "ret": "None"}, {"name": "GetCPInfo", "args": ["retval_GetACP_32816_32", 2147417216], "addr_func": "5242896", "addr": 4240606, "ret": "<BV32 retval_GetCPInfo_32848_32>"}, {"name": "GetStringTypeW", "args": [1, 4350284, 1, 2147415868], "addr_func": "5242992", "addr": 4248319, "ret": "<BV32 retval_GetStringTypeW_32864_32>"}, {"name": "GetLastError", "args": [], "addr_func": "5243384", "addr": 4248337, "ret": 0}, {"name": "GetLocaleInfoA", "args": [0, 4100, "", 6], "addr_func": "5243408", "addr": 4270205, "ret": "<BV32 retval_GetLocaleInfoA_32869_32>"}, {"name": "GetLastError", "args": [], "addr_func": "5243384", "addr": 4247606, "ret": 0}]}, "4": {"status": "ExcessLoop", "trace": [{"name": "main", "args": ["2ad81945d83e1b61a09d07638da6f65aac715001d697ce113aa705b8c96526e8.exe"], "addr": 4236031, "ret": "symbolic", "addr_func": 4236031}, {"name": "GetVersionExA", "args": [2147417392], "addr_func": "5243400", "addr": 4236063, "ret": "<BV32 retval_GetVersionExA_32767_32>"}, {"name": "GetModuleHandleA", "args": [0], "addr_func": "5243308", "addr": 4236140, "ret": 4194304}, {"name": "HeapCreate", "args": [0, 4096, 0], "addr_func": "5242976", "addr": 4242706, "ret": 1}, {"name": "HeapAlloc", "args": [1, 0, 320], "addr_func": "5242904", "addr": 4242783, "ret": 3221258256}, {"name": "GetModuleHandleA", "args": ["kernel32.dll"], "addr_func": "5243308", "addr": 4268361, "ret": 6295592}, {"name": "GetProcAddress", "args": [6295592, "InitializeCriticalSectionAndSpinCount"], "addr_func": "5243208", "addr": 4268377, "ret": 6295596}, {"name": "InitializeCriticalSectionAndSpinCount", "args": [4393960, 4000], "addr_func": "6295596", "addr": 4268412, "ret": 1}, {"name": "InitializeCriticalSectionAndSpinCount", "args": [4393984, 4000], "addr_func": "6295596", "addr": 4268412, "ret": 1}, {"name": "InitializeCriticalSectionAndSpinCount", "args": [4394008, 4000], "addr_func": "6295596", "addr": 4268412, "ret": 1}, {"name": "InitializeCriticalSectionAndSpinCount", "args": [4394032, 4000], "addr_func": "6295596", "addr": 4268412, "ret": 1}, {"name": "InitializeCriticalSectionAndSpinCount", "args": [4394056, 4000], "addr_func": "6295596", "addr": 4268412, "ret": 1}, {"name": "InitializeCriticalSectionAndSpinCount", "args": [4394080, 4000], "addr_func": "6295596", "addr": 4268412, "ret": 1}, {"name": "InitializeCriticalSectionAndSpinCount", "args": [4394104, 4000], "addr_func": "6295596", "addr": 4268412, "ret": 1}, {"name": "InitializeCriticalSectionAndSpinCount", "args": [4394128, 4000], "addr_func": "6295596", "addr": 4268412, "ret": 1}, {"name": "InitializeCriticalSectionAndSpinCount", "args": [4394152, 4000], "addr_func": "6295596", "addr": 4268412, "ret": 1}, {"name": "InitializeCriticalSectionAndSpinCount", "args": [4394176, 4000], "addr_func": "6295596", "addr": 4268412, "ret": 1}, {"name": "InitializeCriticalSectionAndSpinCount", "args": [4394200, 4000], "addr_func": "6295596", "addr": 4268412, "ret": 1}, {"name": "InitializeCriticalSectionAndSpinCount", "args": [4394224, 4000], "addr_func": "6295596", "addr": 4268412, "ret": 1}, {"name": "InitializeCriticalSectionAndSpinCount", "args": [4394248, 4000], "addr_func": "6295596", "addr": 4268412, "ret": 1}, {"name": "InitializeCriticalSectionAndSpinCount", "args": [4394272, 4000], "addr_func": "6295596", "addr": 4268412, "ret": 1}, {"name": "GetModuleHandleA", "args": ["kernel32.dll"], "addr_func": "5243308", "addr": 4248068, "ret": 6295592}, {"name": "GetProcAddress", "args": [6295592, "FlsAlloc"], "addr_func": "5243208", "addr": 4248092, "ret": 6295600}, {"name": "GetProcAddress", "args": [6295592, "FlsGetValue"], "addr_func": "5243208", "addr": 4248105, "ret": 6295604}, {"name": "GetProcAddress", "args": [6295592, "FlsSetValue"], "addr_func": "5243208", "addr": 4248118, "ret": 6295608}, {"name": "GetProcAddress", "args": [6295592, "FlsFree"], "addr_func": "5243208", "addr": 4248131, "ret": 6295612}, {"name": "FlsAlloc", "args": [4247717], "addr_func": "6295600", "addr": 4248192, "ret": 1}, {"name": "EnterCriticalSection", "args": [4394032], "addr_func": "5243140", "addr": 4242654, "ret": "None"}, {"name": "HeapAlloc", "args": [1, 8, 16836], "addr_func": "5242904", "addr": 4243773, "ret": 3221258584}, {"name": "VirtualAlloc", "args": [0, 1048576, 8192, 4], "addr_func": "5242916", "addr": 4243803, "ret": 3222798336}, {"name": "VirtualAlloc", "args": [3222798336, 32768, 4096, 4], "addr_func": "5242916", "addr": 4243942, "ret": 3222798336}, {"name": "LeaveCriticalSection", "args": [4394032], "addr_func": "5243152", "addr": 4242446, "ret": "None"}, {"name": "FlsSetValue", "args": [1, 3222802272], "addr_func": "6295608", "addr": 4248237, "ret": 1}, {"name": "GetCurrentThreadId", "args": [], "addr_func": "5243172", "addr": 4248257, "ret": 0}, {"name": "HeapAlloc", "args": [1, 0, 1152], "addr_func": "5242904", "addr": 4228317, "ret": 3221275432}, {"name": "GetStartupInfoA", "args": [2147417320], "addr_func": "5243040", "addr": 4261204, "ret": "None"}, {"name": "GetStdHandle", "args": [4294967286], "addr_func": "5243008", "addr": 4261503, "ret": 1000}, {"name": "GetFileType", "args": [1000], "addr_func": "5243036", "addr": 4261517, "ret": "<BV32 retval_GetFileType_32769_32>"}, {"name": "GetStdHandle", "args": [4294967285], "addr_func": "5243008", "addr": 4261503, "ret": 1001}, {"name": "GetFileType", "args": [1001], "addr_func": "5243036", "addr": 4261517, "ret": "<BV32 retval_GetFileType_32770_32>"}, {"name": "GetStdHandle", "args": [4294967284], "addr_func": "5243008", "addr": 4261503, "ret": 1002}, {"name": "GetFileType", "args": [1002], "addr_func": "5243036", "addr": 4261517, "ret": "<BV32 retval_GetFileType_32771_32>"}, {"name": "InitializeCriticalSectionAndSpinCount", "args": [3221275516, 4000], "addr_func": "6295596", "addr": 4268412, "ret": 1}, {"name": "SetHandleCount", "args": [32], "addr_func": "5243032", "addr": 4261605, "ret": "<BV32 retval_SetHandleCount_32779_32>"}, {"name": "GetCommandLineA", "args": [], "addr_func": "5243304", "addr": 4236290, "ret": 0}, {"name": "GetEnvironmentStringsW", "args": [], "addr_func": "5243028", "addr": 4260849, "ret": 0}]}, "sections": {".text": {"vaddr": 4198400, "memsize": 139660, "is_readable": true, "is_writable": false, "is_executable": true}, ".rdata": {"vaddr": 4341760, "memsize": 33338, "is_readable": true, "is_writable": false, "is_executable": false}, ".data": {"vaddr": 4378624, "memsize": 22228, "is_readable": true, "is_writable": true, "is_executable": false}, ".rsrc": {"vaddr": 4403200, "memsize": 11508, "is_readable": true, "is_writable": false, "is_executable": false}}}