{"0": {"status": "deadendend", "trace": [{"name": "main", "args": ["2ce21baac9a4dc9500218a420c210244ec5b94c4f5085d27a36985ac3109c3c5.exe"], "addr": 4355740, "ret": "symbolic", "addr_func": 4355740}, {"name": "__p__fmode", "args": [], "addr_func": "5243132", "addr": 4355806, "ret": 0}, {"name": "__p__commode", "args": [], "addr_func": "5243128", "addr": 4355820, "ret": 0}, {"name": "_controlfp", "args": [], "addr_func": "5243140", "addr": 4356130, "ret": 0}, {"name": "__getmainargs", "args": [2147417496, 2147417480, 2147417492, 0, 2147417484], "addr_func": "5243112", "addr": 4355921, "ret": 0}, {"name": "GetModuleHandleA", "args": ["kernel32.dll"], "addr_func": "5243308", "addr": 4210488, "ret": 6295592}, {"name": "GetProcAddress", "args": [6295592, "FindFirstStreamW"], "addr_func": "5243404", "addr": 4210497, "ret": 6295596}, {"name": "GetModuleHandleA", "args": ["kernel32.dll"], "addr_func": "5243308", "addr": 4210510, "ret": 6295592}, {"name": "GetProcAddress", "args": [6295592, "FindNextStreamW"], "addr_func": "5243404", "addr": 4210513, "ret": 6295600}, {"name": "_onexit", "args": [4318448], "addr_func": "5243092", "addr": 4355628, "ret": "<BV32 retval__onexit_32782_32>"}, {"name": "InitializeCriticalSection", "args": [4400112], "addr_func": "5243184", "addr": 4350494, "ret": "None"}, {"name": "_onexit", "args": [4318576], "addr_func": "5243092", "addr": 4355628, "ret": "<BV32 retval__onexit_32784_32>"}, {"name": "GetVersionExW", "args": [2147417120], "addr_func": "5243396", "addr": 4325315, "ret": "<BV32 retval_GetVersionExW_32787_32>"}, {"name": "GetStartupInfoA", "args": [2147417500], "addr_func": "5243180", "addr": 4356000, "ret": "None"}, {"name": "GetModuleHandleA", "args": [0], "addr_func": "5243308", "addr": 4356036, "ret": 4194304}, {"name": "GetVersionExW", "args": [2147417124], "addr_func": "5243396", "addr": 4201110, "ret": "<BV32 retval_GetVersionExW_32788_32>"}, {"name": "MessageBoxW", "args": [0, "Unsupported Windows version", "7-Zip", 16], "addr_func": "5242960", "addr": 4259959, "ret": 1}, {"name": "exit", "args": [], "addr_func": "5243104", "addr": 4356052, "ret": 0}]}, "1": {"status": "deadendend", "trace": [{"name": "main", "args": ["2ce21baac9a4dc9500218a420c210244ec5b94c4f5085d27a36985ac3109c3c5.exe"], "addr": 4355740, "ret": "symbolic", "addr_func": 4355740}, {"name": "__p__fmode", "args": [], "addr_func": "5243132", "addr": 4355806, "ret": 0}, {"name": "__p__commode", "args": [], "addr_func": "5243128", "addr": 4355820, "ret": 0}, {"name": "_controlfp", "args": [], "addr_func": "5243140", "addr": 4356130, "ret": 0}, {"name": "__getmainargs", "args": [2147417496, 2147417480, 2147417492, 0, 2147417484], "addr_func": "5243112", "addr": 4355921, "ret": 0}, {"name": "GetModuleHandleA", "args": ["kernel32.dll"], "addr_func": "5243308", "addr": 4210488, "ret": 6295592}, {"name": "GetProcAddress", "args": [6295592, "FindFirstStreamW"], "addr_func": "5243404", "addr": 4210497, "ret": 6295596}, {"name": "GetModuleHandleA", "args": ["kernel32.dll"], "addr_func": "5243308", "addr": 4210510, "ret": 6295592}, {"name": "GetProcAddress", "args": [6295592, "FindNextStreamW"], "addr_func": "5243404", "addr": 4210513, "ret": 6295600}, {"name": "_onexit", "args": [4318448], "addr_func": "5243092", "addr": 4355628, "ret": "<BV32 retval__onexit_32782_32>"}, {"name": "InitializeCriticalSection", "args": [4400112], "addr_func": "5243184", "addr": 4350494, "ret": "None"}, {"name": "_onexit", "args": [4318576], "addr_func": "5243092", "addr": 4355628, "ret": "<BV32 retval__onexit_32784_32>"}, {"name": "GetVersionExW", "args": [2147417120], "addr_func": "5243396", "addr": 4325315, "ret": "<BV32 retval_GetVersionExW_32787_32>"}, {"name": "GetStartupInfoA", "args": [2147417500], "addr_func": "5243180", "addr": 4356000, "ret": "None"}, {"name": "GetModuleHandleA", "args": [0], "addr_func": "5243308", "addr": 4356036, "ret": 4194304}, {"name": "GetVersionExW", "args": [2147417124], "addr_func": "5243396", "addr": 4201110, "ret": "<BV32 retval_GetVersionExW_32789_32>"}, {"name": "MessageBoxW", "args": [0, "Unsupported Windows version", "7-Zip", 16], "addr_func": "5242960", "addr": 4259959, "ret": 1}, {"name": "exit", "args": [], "addr_func": "5243104", "addr": 4356052, "ret": 0}]}, "sections": {".text": {"vaddr": 4198400, "memsize": 168645, "is_readable": true, "is_writable": false, "is_executable": true}, ".rdata": {"vaddr": 4370432, "memsize": 25776, "is_readable": true, "is_writable": false, "is_executable": false}, ".data": {"vaddr": 4399104, "memsize": 17724, "is_readable": true, "is_writable": true, "is_executable": false}, ".sxdata": {"vaddr": 4419584, "memsize": 4, "is_readable": true, "is_writable": true, "is_executable": false}, ".rsrc": {"vaddr": 4423680, "memsize": 8336, "is_readable": true, "is_writable": false, "is_executable": false}}}