{"0": {"status": "deadendend", "trace": [{"name": "main", "args": ["2cec99a25c189a11465b84d3bf93c17b85484fe4e9c3cd637b95ba64efc882a2.exe"], "addr": 4199680, "ret": "symbolic", "addr_func": 4199680}, {"name": "GetSystemTimeAsFileTime", "args": [2147417536], "addr_func": "6291736", "addr": 4264905, "ret": "None"}, {"name": "GetCurrentProcessId", "args": [], "addr_func": "6291680", "addr": 4264922, "ret": 0}, {"name": "GetCurrentThreadId", "args": [], "addr_func": "6291688", "addr": 4264930, "ret": 0}, {"name": "GetTickCount", "args": [], "addr_func": "6291740", "addr": 4264938, "ret": 0}, {"name": "QueryPerformanceCounter", "args": [2147417544], "addr_func": "6291808", "addr": 4264953, "ret": 1}, {"name": "__getmainargs", "args": [5525528, 5525524, 5525520, 0, 5525504], "addr_func": "6291932", "addr": 4198757, "ret": 0}, {"name": "SetUnhandledExceptionFilter", "args": [4266816], "addr_func": "6291852", "addr": 4199045, "ret": "<BV32 retval_SetUnhandledExceptionFilter_32772_32>"}, {"name": "malloc", "args": [8], "addr_func": "6292132", "addr": 4199234, "ret": 3221258256}, {"name": "strlen", "args": ["2cec99a25c189a11465b84d3bf93c17b85484fe4e9c3cd637b95ba64efc882a2.exe"], "addr_func": "6292184", "addr": 4199291, "ret": 68}, {"name": "malloc", "args": [69], "addr_func": "6292132", "addr": 4199302, "ret": 3221258272}, {"name": "memcpy", "args": [3221258272, 2147417740, 69], "addr_func": "6292140", "addr": 4199324, "ret": 3221258272}, {"name": "_onexit", "args": [4199744], "addr_func": "6292024", "addr": 4264449, "ret": "<BV32 retval__onexit_32773_32>"}, {"name": "_onexit", "args": [4264640], "addr_func": "6292024", "addr": 4264449, "ret": "<BV32 retval__onexit_32774_32>"}, {"name": "SetDllDirectoryA", "args": [""], "addr_func": "6291828", "addr": 4201610, "ret": "<BV32 retval_SetDllDirectoryA_32775_32>"}, {"name": "av_log_set_flags", "args": [], "addr_func": "6293316", "addr": 5401286, "ret": 0}, {"name": "getenv", "args": ["FFREPORT"], "addr_func": "6292112", "addr": 4215662, "ret": "<BV32 retval_getenv_32777_32>"}, {"name": "avdevice_register_all", "args": [], "addr_func": "6292920", "addr": 5401311, "ret": 0}, {"name": "avformat_network_init", "args": [], "addr_func": "6293104", "addr": 5401316, "ret": 0}, {"name": "av_dict_set", "args": [], "addr_func": "6293176", "addr": 4201506, "ret": 0}, {"name": "signal", "args": [], "addr_func": "6292164", "addr": 5401341, "ret": 0}, {"name": "signal", "args": [], "addr_func": "6292164", "addr": 5401361, "ret": 0}, {"name": "av_log", "args": [], "addr_func": "6293288", "addr": 4216918, "ret": 0}, {"name": "av_log", "args": [], "addr_func": "6293288", "addr": 4216963, "ret": 0}, {"name": "av_log", "args": [], "addr_func": "6293288", "addr": 4216991, "ret": 0}, {"name": "av_log", "args": [], "addr_func": "6293288", "addr": 4217035, "ret": 0}, {"name": "av_log", "args": [], "addr_func": "6293288", "addr": 4217071, "ret": 0}, {"name": "avutil_configuration", "args": [], "addr_func": "6293432", "addr": 4217076, "ret": 0}, {"name": "av_log", "args": [], "addr_func": "6293288", "addr": 4218579, "ret": 0}, {"name": "av_log", "args": [], "addr_func": "6293288", "addr": 4217149, "ret": 0}, {"name": "avcodec_configuration", "args": [], "addr_func": "6292816", "addr": 4217154, "ret": 0}, {"name": "av_log", "args": [], "addr_func": "6293288", "addr": 4217229, "ret": 0}, {"name": "avformat_configuration", "args": [], "addr_func": "6293084", "addr": 4217234, "ret": 0}, {"name": "av_log", "args": [], "addr_func": "6293288", "addr": 4217309, "ret": 0}, {"name": "avdevice_configuration", "args": [], "addr_func": "6292904", "addr": 4217314, "ret": 0}, {"name": "av_log", "args": [], "addr_func": "6293288", "addr": 4217389, "ret": 0}, {"name": "avfilter_configuration", "args": [], "addr_func": "6292960", "addr": 4217394, "ret": 0}, {"name": "av_log", "args": [], "addr_func": "6293288", "addr": 4217469, "ret": 0}, {"name": "swscale_configuration", "args": [], "addr_func": "6293512", "addr": 4217474, "ret": 0}, {"name": "av_log", "args": [], "addr_func": "6293288", "addr": 4217549, "ret": 0}, {"name": "swresample_configuration", "args": [], "addr_func": "6293476", "addr": 4217554, "ret": 0}, {"name": "av_log", "args": [], "addr_func": "6293288", "addr": 4217629, "ret": 0}, {"name": "postproc_configuration", "args": [], "addr_func": "6293440", "addr": 4217634, "ret": 0}, {"name": "av_log", "args": [], "addr_func": "6293288", "addr": 4217709, "ret": 0}, {"name": "avutil_version", "args": [], "addr_func": "6293436", "addr": 4217714, "ret": 0}, {"name": "av_log", "args": [], "addr_func": "6293288", "addr": 4217803, "ret": 0}, {"name": "avcodec_version", "args": [], "addr_func": "6292880", "addr": 4217808, "ret": 0}, {"name": "av_log", "args": [], "addr_func": "6293288", "addr": 4217897, "ret": 0}, {"name": "avformat_version", "args": [], "addr_func": "6293116", "addr": 4217902, "ret": 0}, {"name": "av_log", "args": [], "addr_func": "6293288", "addr": 4217991, "ret": 0}, {"name": "avdevice_version", "args": [], "addr_func": "6292924", "addr": 4217996, "ret": 0}, {"name": "av_log", "args": [], "addr_func": "6293288", "addr": 4218085, "ret": 0}, {"name": "avfilter_version", "args": [], "addr_func": "6293016", "addr": 4218090, "ret": 0}, {"name": "av_log", "args": [], "addr_func": "6293288", "addr": 4218179, "ret": 0}, {"name": "swscale_version", "args": [], "addr_func": "6293516", "addr": 4218184, "ret": 0}, {"name": "av_log", "args": [], "addr_func": "6293288", "addr": 4218273, "ret": 0}, {"name": "swresample_version", "args": [], "addr_func": "6293480", "addr": 4218278, "ret": 0}, {"name": "av_log", "args": [], "addr_func": "6293288", "addr": 4218367, "ret": 0}, {"name": "postproc_version", "args": [], "addr_func": "6293444", "addr": 4218372, "ret": 0}, {"name": "av_log", "args": [], "addr_func": "6293288", "addr": 4218461, "ret": 0}, {"name": "GetCommandLineW", "args": [], "addr_func": "6291672", "addr": 4200761, "ret": 0}, {"name": "CommandLineToArgvW", "args": ["\ufed4\u7ffe", 5525540], "addr_func": "6292312", "addr": 4200778, "ret": "<BV32 retval_CommandLineToArgvW_32855_32>"}, {"name": "av_log", "args": [], "addr_func": "6293288", "addr": 5408655, "ret": 0}, {"name": "av_log", "args": [], "addr_func": "6293288", "addr": 5408691, "ret": 0}, {"name": "av_log", "args": [], "addr_func": "6293288", "addr": 5408719, "ret": 0}, {"name": "av_log", "args": [], "addr_func": "6293288", "addr": 5408747, "ret": 0}, {"name": "av_log", "args": [], "addr_func": "6293288", "addr": 5408783, "ret": 0}, {"name": "exit", "args": [], "addr_func": "6292052", "addr": 5408795, "ret": 0}]}, "1": {"status": "deadendend", "trace": [{"name": "main", "args": ["2cec99a25c189a11465b84d3bf93c17b85484fe4e9c3cd637b95ba64efc882a2.exe"], "addr": 4199680, "ret": "symbolic", "addr_func": 4199680}, {"name": "GetSystemTimeAsFileTime", "args": [2147417536], "addr_func": "6291736", "addr": 4264905, "ret": "None"}, {"name": "GetCurrentProcessId", "args": [], "addr_func": "6291680", "addr": 4264922, "ret": 0}, {"name": "GetCurrentThreadId", "args": [], "addr_func": "6291688", "addr": 4264930, "ret": 0}, {"name": "GetTickCount", "args": [], "addr_func": "6291740", "addr": 4264938, "ret": 0}, {"name": "QueryPerformanceCounter", "args": [2147417544], "addr_func": "6291808", "addr": 4264953, "ret": 1}, {"name": "__getmainargs", "args": [5525528, 5525524, 5525520, 0, 5525504], "addr_func": "6291932", "addr": 4198757, "ret": 0}, {"name": "SetUnhandledExceptionFilter", "args": [4266816], "addr_func": "6291852", "addr": 4199045, "ret": "<BV32 retval_SetUnhandledExceptionFilter_32772_32>"}, {"name": "malloc", "args": [8], "addr_func": "6292132", "addr": 4199234, "ret": 3221258256}, {"name": "strlen", "args": ["2cec99a25c189a11465b84d3bf93c17b85484fe4e9c3cd637b95ba64efc882a2.exe"], "addr_func": "6292184", "addr": 4199291, "ret": 68}, {"name": "malloc", "args": [69], "addr_func": "6292132", "addr": 4199302, "ret": 3221258272}, {"name": "memcpy", "args": [3221258272, 2147417740, 69], "addr_func": "6292140", "addr": 4199324, "ret": 3221258272}, {"name": "_onexit", "args": [4199744], "addr_func": "6292024", "addr": 4264449, "ret": "<BV32 retval__onexit_32773_32>"}, {"name": "_onexit", "args": [4264640], "addr_func": "6292024", "addr": 4264449, "ret": "<BV32 retval__onexit_32774_32>"}, {"name": "SetDllDirectoryA", "args": [""], "addr_func": "6291828", "addr": 4201610, "ret": "<BV32 retval_SetDllDirectoryA_32775_32>"}, {"name": "av_log_set_flags", "args": [], "addr_func": "6293316", "addr": 5401286, "ret": 0}, {"name": "getenv", "args": ["FFREPORT"], "addr_func": "6292112", "addr": 4215662, "ret": "<BV32 retval_getenv_32777_32>"}, {"name": "time", "args": [], "addr_func": "6292044", "addr": 4201735, "ret": 0}, {"name": "time", "args": [2147415916], "addr_func": "6292044", "addr": 4201735, "ret": 1632430014}, {"name": "localtime", "args": [], "addr_func": "6292048", "addr": 4201743, "ret": 0}, {"name": "av_bprint_init", "args": [], "addr_func": "6293148", "addr": 4202779, "ret": 0}, {"name": "av_bprintf", "args": [], "addr_func": "6293152", "addr": 4202569, "ret": 0}, {"name": "av_bprint_chars", "args": [], "addr_func": "6293140", "addr": 4202457, "ret": 0}, {"name": "av_bprintf", "args": [], "addr_func": "6293152", "addr": 4202533, "ret": 0}, {"name": "av_bprint_chars", "args": [], "addr_func": "6293140", "addr": 4202457, "ret": 0}, {"name": "av_bprint_chars", "args": [], "addr_func": "6293140", "addr": 4202457, "ret": 0}, {"name": "av_bprint_chars", "args": [], "addr_func": "6293140", "addr": 4202457, "ret": 0}, {"name": "av_bprint_chars", "args": [], "addr_func": "6293140", "addr": 4202457, "ret": 0}, {"name": "av_free", "args": [], "addr_func": "6293212", "addr": 4202231, "ret": 0}, {"name": "av_log", "args": [], "addr_func": "6293288", "addr": 4202825, "ret": 0}, {"name": "avdevice_register_all", "args": [], "addr_func": "6292920", "addr": 5401311, "ret": 0}, {"name": "avformat_network_init", "args": [], "addr_func": "6293104", "addr": 5401316, "ret": 0}, {"name": "av_dict_set", "args": [], "addr_func": "6293176", "addr": 4201506, "ret": 0}, {"name": "signal", "args": [], "addr_func": "6292164", "addr": 5401341, "ret": 0}, {"name": "signal", "args": [], "addr_func": "6292164", "addr": 5401361, "ret": 0}, {"name": "av_log", "args": [], "addr_func": "6293288", "addr": 4216918, "ret": 0}, {"name": "av_log", "args": [], "addr_func": "6293288", "addr": 4216963, "ret": 0}, {"name": "av_log", "args": [], "addr_func": "6293288", "addr": 4216991, "ret": 0}, {"name": "av_log", "args": [], "addr_func": "6293288", "addr": 4217035, "ret": 0}, {"name": "av_log", "args": [], "addr_func": "6293288", "addr": 4217071, "ret": 0}, {"name": "avutil_configuration", "args": [], "addr_func": "6293432", "addr": 4217076, "ret": 0}, {"name": "av_log", "args": [], "addr_func": "6293288", "addr": 4218579, "ret": 0}, {"name": "av_log", "args": [], "addr_func": "6293288", "addr": 4217149, "ret": 0}, {"name": "avcodec_configuration", "args": [], "addr_func": "6292816", "addr": 4217154, "ret": 0}, {"name": "av_log", "args": [], "addr_func": "6293288", "addr": 4217229, "ret": 0}, {"name": "avformat_configuration", "args": [], "addr_func": "6293084", "addr": 4217234, "ret": 0}, {"name": "av_log", "args": [], "addr_func": "6293288", "addr": 4217309, "ret": 0}, {"name": "avdevice_configuration", "args": [], "addr_func": "6292904", "addr": 4217314, "ret": 0}, {"name": "av_log", "args": [], "addr_func": "6293288", "addr": 4217389, "ret": 0}, {"name": "avfilter_configuration", "args": [], "addr_func": "6292960", "addr": 4217394, "ret": 0}, {"name": "av_log", "args": [], "addr_func": "6293288", "addr": 4217469, "ret": 0}, {"name": "swscale_configuration", "args": [], "addr_func": "6293512", "addr": 4217474, "ret": 0}, {"name": "av_log", "args": [], "addr_func": "6293288", "addr": 4217549, "ret": 0}, {"name": "swresample_configuration", "args": [], "addr_func": "6293476", "addr": 4217554, "ret": 0}, {"name": "av_log", "args": [], "addr_func": "6293288", "addr": 4217629, "ret": 0}, {"name": "postproc_configuration", "args": [], "addr_func": "6293440", "addr": 4217634, "ret": 0}, {"name": "av_log", "args": [], "addr_func": "6293288", "addr": 4217709, "ret": 0}, {"name": "avutil_version", "args": [], "addr_func": "6293436", "addr": 4217714, "ret": 0}, {"name": "av_log", "args": [], "addr_func": "6293288", "addr": 4217803, "ret": 0}, {"name": "avcodec_version", "args": [], "addr_func": "6292880", "addr": 4217808, "ret": 0}, {"name": "av_log", "args": [], "addr_func": "6293288", "addr": 4217897, "ret": 0}, {"name": "avformat_version", "args": [], "addr_func": "6293116", "addr": 4217902, "ret": 0}, {"name": "av_log", "args": [], "addr_func": "6293288", "addr": 4217991, "ret": 0}, {"name": "avdevice_version", "args": [], "addr_func": "6292924", "addr": 4217996, "ret": 0}, {"name": "av_log", "args": [], "addr_func": "6293288", "addr": 4218085, "ret": 0}, {"name": "avfilter_version", "args": [], "addr_func": "6293016", "addr": 4218090, "ret": 0}, {"name": "av_log", "args": [], "addr_func": "6293288", "addr": 4218179, "ret": 0}, {"name": "swscale_version", "args": [], "addr_func": "6293516", "addr": 4218184, "ret": 0}, {"name": "av_log", "args": [], "addr_func": "6293288", "addr": 4218273, "ret": 0}, {"name": "swresample_version", "args": [], "addr_func": "6293480", "addr": 4218278, "ret": 0}, {"name": "av_log", "args": [], "addr_func": "6293288", "addr": 4218367, "ret": 0}, {"name": "postproc_version", "args": [], "addr_func": "6293444", "addr": 4218372, "ret": 0}, {"name": "av_log", "args": [], "addr_func": "6293288", "addr": 4218461, "ret": 0}, {"name": "GetCommandLineW", "args": [], "addr_func": "6291672", "addr": 4200761, "ret": 0}, {"name": "CommandLineToArgvW", "args": ["\ufed4\u7ffe", 5525540], "addr_func": "6292312", "addr": 4200778, "ret": "<BV32 retval_CommandLineToArgvW_32881_32>"}, {"name": "av_log", "args": [], "addr_func": "6293288", "addr": 5408655, "ret": 0}, {"name": "av_log", "args": [], "addr_func": "6293288", "addr": 5408691, "ret": 0}, {"name": "av_log", "args": [], "addr_func": "6293288", "addr": 5408719, "ret": 0}, {"name": "av_log", "args": [], "addr_func": "6293288", "addr": 5408747, "ret": 0}, {"name": "av_log", "args": [], "addr_func": "6293288", "addr": 5408783, "ret": 0}, {"name": "exit", "args": [], "addr_func": "6292052", "addr": 5408795, "ret": 0}]}, "sections": {".text": {"vaddr": 4198400, "memsize": 1214116, "is_readable": true, "is_writable": false, "is_executable": true}, ".data": {"vaddr": 5414912, "memsize": 15904, "is_readable": true, "is_writable": true, "is_executable": false}, ".rdata": {"vaddr": 5431296, "memsize": 93032, "is_readable": true, "is_writable": false, "is_executable": false}, ".bss": {"vaddr": 5525504, "memsize": 12160, "is_readable": true, "is_writable": true, "is_executable": false}, ".edata": {"vaddr": 5537792, "memsize": 53, "is_readable": true, "is_writable": false, "is_executable": false}, ".idata": {"vaddr": 5541888, "memsize": 16700, "is_readable": true, "is_writable": true, "is_executable": false}, ".CRT": {"vaddr": 5562368, "memsize": 52, "is_readable": true, "is_writable": true, "is_executable": false}, ".tls": {"vaddr": 5566464, "memsize": 32, "is_readable": true, "is_writable": true, "is_executable": false}, ".reloc": {"vaddr": 5570560, "memsize": 30224, "is_readable": true, "is_writable": false, "is_executable": false}}}