{"0": {"status": "active", "trace": [{"name": "main", "args": ["2e03ff2e559e0a74083a5b74476cf3e639ab7ab287f2bf422673de2f16744cc1.exe"], "addr": 4199680, "ret": "symbolic", "addr_func": 4199680}, {"name": "GetSystemTimeAsFileTime", "args": [2147417536], "addr_func": "5242972", "addr": 4364329, "ret": "None"}, {"name": "GetCurrentProcessId", "args": [], "addr_func": "5242920", "addr": 4364346, "ret": 0}, {"name": "GetCurrentThreadId", "args": [], "addr_func": "5242928", "addr": 4364354, "ret": 0}, {"name": "GetTickCount", "args": [], "addr_func": "5242984", "addr": 4364362, "ret": 0}, {"name": "QueryPerformanceCounter", "args": [2147417544], "addr_func": "5243020", "addr": 4364377, "ret": 1}, {"name": "__getmainargs", "args": [4542488, 4542484, 4542480, 0, 4542464], "addr_func": "5243120", "addr": 4198757, "ret": 0}, {"name": "calloc", "args": [1, 16], "addr_func": "5243404", "addr": 4436441, "ret": 3221258256}, {"name": "TlsAlloc", "args": [], "addr_func": "5243076", "addr": 4436462, "ret": 0}, {"name": "calloc", "args": [1, 16], "addr_func": "5243404", "addr": 4436496, "ret": 3221258280}, {"name": "TlsAlloc", "args": [], "addr_func": "5243076", "addr": 4436511, "ret": 0}, {"name": "GetSystemDirectoryA", "args": ["C:\\Windows\\System32", 1024], "addr_func": "5242968", "addr": 4436164, "ret": 162}, {"name": "strncat", "args": [], "addr_func": "5243348", "addr": 4436618, "ret": 0}, {"name": "LoadLibraryA", "args": ["C:\\Windows\\System32\\QUSEREX.DLL"], "addr_func": "5243000", "addr": 4436626, "ret": 6295588}, {"name": "GetProcAddress", "args": [6295588, "QueueUserAPCEx"], "addr_func": "5242948", "addr": 4436212, "ret": "<BV32 retval_GetProcAddress_32775_32>"}, {"name": "FreeLibrary", "args": [6295588], "addr_func": "5242904", "addr": 4436353, "ret": "<BV32 retval_FreeLibrary_32777_32>"}, {"name": "SetUnhandledExceptionFilter", "args": [4366240], "addr_func": "5243060", "addr": 4199045, "ret": "<BV32 retval_SetUnhandledExceptionFilter_32779_32>"}, {"name": "malloc", "args": [8], "addr_func": "5243284", "addr": 4199234, "ret": 3221258304}, {"name": "strlen", "args": ["2e03ff2e559e0a74083a5b74476cf3e639ab7ab287f2bf422673de2f16744cc1.exe"], "addr_func": "5243344", "addr": 4199291, "ret": 68}, {"name": "malloc", "args": [69], "addr_func": "5243284", "addr": 4199302, "ret": 3221258320}, {"name": "memcpy", "args": [3221258320, 2147417740, 69], "addr_func": "5243288", "addr": 4199324, "ret": 3221258320}, {"name": "_onexit", "args": [4199744], "addr_func": "5243188", "addr": 4363873, "ret": "<BV32 retval__onexit_32781_32>"}, {"name": "GetSystemDirectoryA", "args": ["C:\\Windows\\System32", 1024], "addr_func": "5242968", "addr": 4436164, "ret": 162}, {"name": "strncat", "args": [], "addr_func": "5243348", "addr": 4436618, "ret": 0}, {"name": "LoadLibraryA", "args": ["C:\\Windows\\System32\\QUSEREX.DLL"], "addr_func": "5243000", "addr": 4436626, "ret": 6295588}, {"name": "GetProcAddress", "args": [6295588, "QueueUserAPCEx"], "addr_func": "5242948", "addr": 4436212, "ret": 6295592}, {"name": "GetProcAddress", "args": [6295588, "QueueUserAPCEx_Init"], "addr_func": "5242948", "addr": 4436243, "ret": 6295596}]}, "1": {"status": "active", "trace": [{"name": "main", "args": ["2e03ff2e559e0a74083a5b74476cf3e639ab7ab287f2bf422673de2f16744cc1.exe"], "addr": 4199680, "ret": "symbolic", "addr_func": 4199680}, {"name": "GetSystemTimeAsFileTime", "args": [2147417536], "addr_func": "5242972", "addr": 4364329, "ret": "None"}, {"name": "GetCurrentProcessId", "args": [], "addr_func": "5242920", "addr": 4364346, "ret": 0}, {"name": "GetCurrentThreadId", "args": [], "addr_func": "5242928", "addr": 4364354, "ret": 0}, {"name": "GetTickCount", "args": [], "addr_func": "5242984", "addr": 4364362, "ret": 0}, {"name": "QueryPerformanceCounter", "args": [2147417544], "addr_func": "5243020", "addr": 4364377, "ret": 1}, {"name": "__getmainargs", "args": [4542488, 4542484, 4542480, 0, 4542464], "addr_func": "5243120", "addr": 4198757, "ret": 0}, {"name": "calloc", "args": [1, 16], "addr_func": "5243404", "addr": 4436441, "ret": 3221258256}, {"name": "TlsAlloc", "args": [], "addr_func": "5243076", "addr": 4436462, "ret": 0}, {"name": "calloc", "args": [1, 16], "addr_func": "5243404", "addr": 4436496, "ret": 3221258280}, {"name": "TlsAlloc", "args": [], "addr_func": "5243076", "addr": 4436511, "ret": 0}, {"name": "GetSystemDirectoryA", "args": ["C:\\Windows\\System32", 1024], "addr_func": "5242968", "addr": 4436164, "ret": 162}, {"name": "strncat", "args": [], "addr_func": "5243348", "addr": 4436618, "ret": 0}, {"name": "LoadLibraryA", "args": ["C:\\Windows\\System32\\QUSEREX.DLL"], "addr_func": "5243000", "addr": 4436626, "ret": 6295588}, {"name": "GetProcAddress", "args": [6295588, "QueueUserAPCEx"], "addr_func": "5242948", "addr": 4436212, "ret": "<BV32 retval_GetProcAddress_32775_32>"}, {"name": "GetProcAddress", "args": [6295588, "QueueUserAPCEx_Init"], "addr_func": "5242948", "addr": 4436243, "ret": "<BV32 retval_GetProcAddress_32776_32>"}, {"name": "FreeLibrary", "args": [6295588], "addr_func": "5242904", "addr": 4436276, "ret": "<BV32 retval_FreeLibrary_32778_32>"}, {"name": "SetUnhandledExceptionFilter", "args": [4366240], "addr_func": "5243060", "addr": 4199045, "ret": "<BV32 retval_SetUnhandledExceptionFilter_32780_32>"}, {"name": "malloc", "args": [8], "addr_func": "5243284", "addr": 4199234, "ret": 3221258304}, {"name": "strlen", "args": ["2e03ff2e559e0a74083a5b74476cf3e639ab7ab287f2bf422673de2f16744cc1.exe"], "addr_func": "5243344", "addr": 4199291, "ret": 68}, {"name": "malloc", "args": [69], "addr_func": "5243284", "addr": 4199302, "ret": 3221258320}, {"name": "memcpy", "args": [3221258320, 2147417740, 69], "addr_func": "5243288", "addr": 4199324, "ret": 3221258320}, {"name": "_onexit", "args": [4199744], "addr_func": "5243188", "addr": 4363873, "ret": "<BV32 retval__onexit_32782_32>"}, {"name": "GetSystemDirectoryA", "args": ["C:\\Windows\\System32", 1024], "addr_func": "5242968", "addr": 4436164, "ret": 162}, {"name": "strncat", "args": [], "addr_func": "5243348", "addr": 4436618, "ret": 0}, {"name": "LoadLibraryA", "args": ["C:\\Windows\\System32\\QUSEREX.DLL"], "addr_func": "5243000", "addr": 4436626, "ret": 6295588}, {"name": "GetProcAddress", "args": [6295588, "QueueUserAPCEx"], "addr_func": "5242948", "addr": 4436212, "ret": 6295592}, {"name": "GetProcAddress", "args": [6295588, "QueueUserAPCEx_Init"], "addr_func": "5242948", "addr": 4436243, "ret": 6295596}]}, "2": {"status": "unconstrained", "trace": [{"name": "main", "args": ["2e03ff2e559e0a74083a5b74476cf3e639ab7ab287f2bf422673de2f16744cc1.exe"], "addr": 4199680, "ret": "symbolic", "addr_func": 4199680}, {"name": "GetSystemTimeAsFileTime", "args": [2147417536], "addr_func": "5242972", "addr": 4364329, "ret": "None"}, {"name": "GetCurrentProcessId", "args": [], "addr_func": "5242920", "addr": 4364346, "ret": 0}, {"name": "GetCurrentThreadId", "args": [], "addr_func": "5242928", "addr": 4364354, "ret": 0}, {"name": "GetTickCount", "args": [], "addr_func": "5242984", "addr": 4364362, "ret": 0}, {"name": "QueryPerformanceCounter", "args": [2147417544], "addr_func": "5243020", "addr": 4364377, "ret": 1}, {"name": "__getmainargs", "args": [4542488, 4542484, 4542480, 0, 4542464], "addr_func": "5243120", "addr": 4198757, "ret": 0}, {"name": "calloc", "args": [1, 16], "addr_func": "5243404", "addr": 4436441, "ret": 3221258256}, {"name": "TlsAlloc", "args": [], "addr_func": "5243076", "addr": 4436462, "ret": 0}, {"name": "calloc", "args": [1, 16], "addr_func": "5243404", "addr": 4436496, "ret": 3221258280}, {"name": "TlsAlloc", "args": [], "addr_func": "5243076", "addr": 4436511, "ret": 0}, {"name": "GetSystemDirectoryA", "args": ["C:\\Windows\\System32", 1024], "addr_func": "5242968", "addr": 4436164, "ret": 162}, {"name": "strncat", "args": [], "addr_func": "5243348", "addr": 4436618, "ret": 0}, {"name": "LoadLibraryA", "args": ["C:\\Windows\\System32\\QUSEREX.DLL"], "addr_func": "5243000", "addr": 4436626, "ret": 6295588}, {"name": "GetProcAddress", "args": [6295588, "QueueUserAPCEx"], "addr_func": "5242948", "addr": 4436212, "ret": "<BV32 retval_GetProcAddress_32775_32>"}, {"name": "GetProcAddress", "args": [6295588, "QueueUserAPCEx_Init"], "addr_func": "5242948", "addr": 4436243, "ret": "<BV32 retval_GetProcAddress_32776_32>"}]}, "sections": {".text": {"vaddr": 4198400, "memsize": 288476, "is_readable": true, "is_writable": false, "is_executable": true}, ".data": {"vaddr": 4489216, "memsize": 356, "is_readable": true, "is_writable": true, "is_executable": false}, ".rdata": {"vaddr": 4493312, "memsize": 46100, "is_readable": true, "is_writable": false, "is_executable": false}, ".bss": {"vaddr": 4542464, "memsize": 4352, "is_readable": true, "is_writable": true, "is_executable": false}, ".edata": {"vaddr": 4550656, "memsize": 53, "is_readable": true, "is_writable": false, "is_executable": false}, ".idata": {"vaddr": 4554752, "memsize": 14928, "is_readable": true, "is_writable": true, "is_executable": false}, ".CRT": {"vaddr": 4571136, "memsize": 60, "is_readable": true, "is_writable": true, "is_executable": false}, ".tls": {"vaddr": 4575232, "memsize": 32, "is_readable": true, "is_writable": true, "is_executable": false}, ".reloc": {"vaddr": 4579328, "memsize": 11948, "is_readable": true, "is_writable": false, "is_executable": false}}}