{"0": {"status": "deadendend", "trace": [{"name": "main", "args": ["3be37af297b190efb8db29422fb9f74e329db481d55065731a669834daa8a449.exe"], "addr": 4207938, "ret": "symbolic", "addr_func": 4207938}, {"name": "InitCommonControls", "args": [], "addr_func": "6292092", "addr": 4207969, "ret": 0}, {"name": "SetErrorMode", "args": [32769], "addr_func": "6291544", "addr": 4207980, "ret": "<BV32 retval_SetErrorMode_32767_32>"}, {"name": "OleInitialize", "args": [0], "addr_func": "6292104", "addr": 4207987, "ret": "<BV32 retval_OleInitialize_32768_32>"}, {"name": "GetModuleHandleA", "args": ["SHFOLDER"], "addr_func": "6291604", "addr": 4218105, "ret": 7344168}, {"name": "GetProcAddress", "args": [7344168, "SHGetFolderPathW"], "addr_func": "6291596", "addr": 4218133, "ret": 7344172}, {"name": "SHGetFileInfoW", "args": ["", 0, 2147416904, 692, 0], "addr_func": "6292032", "addr": 4208027, "ret": "<BV32 retval_SHGetFileInfoW_32769_32>"}, {"name": "lstrcpynW", "args": ["", "NSIS Error", 8196], "addr_func": "6291556", "addr": 4217839, "ret": "<BV32 retval_lstrcpynW_32770_32>"}, {"name": "GetCommandLineW", "args": [], "addr_func": "6291540", "addr": 4208048, "ret": 0}, {"name": "lstrcpynW", "args": ["", "\ufed4\u7ffe", 8196], "addr_func": "6291556", "addr": 4217839, "ret": "<BV32 retval_lstrcpynW_32771_32>"}, {"name": "GetModuleHandleW", "args": [0], "addr_func": "6291664", "addr": 4208067, "ret": 4194304}, {"name": "CharNextW", "args": [""], "addr_func": "6291920", "addr": 4208106, "ret": "<BV32 retval_CharNextW_32772_32>"}, {"name": "GetTempPathW", "args": [8196, ""], "addr_func": "6291536", "addr": 4208317, "ret": "<BV32 retval_GetTempPathW_32773_32>"}, {"name": "CharPrevW", "args": ["", ""], "addr_func": "6291852", "addr": 4218012, "ret": "<BV32 retval_CharPrevW_32774_32>"}, {"name": "GetWindowsDirectoryW", "args": ["", 8191], "addr_func": "6291532", "addr": 4208338, "ret": "<BV32 retval_GetWindowsDirectoryW_32775_32>"}, {"name": "lstrcatW", "args": ["", "\\Temp"], "addr_func": "6291592", "addr": 4208350, "ret": "<BV32 retval_lstrcatW_32776_32>"}, {"name": "CharPrevW", "args": ["", ""], "addr_func": "6291852", "addr": 4218012, "ret": "<BV32 retval_CharPrevW_32777_32>"}, {"name": "lstrcpynW", "args": ["", "", 8196], "addr_func": "6291556", "addr": 4217839, "ret": "<BV32 retval_lstrcpynW_32778_32>"}, {"name": "CharNextW", "args": [""], "addr_func": "6291920", "addr": 4217151, "ret": "<BV32 retval_CharNextW_32779_32>"}, {"name": "CharNextW", "args": ["retval_CharNextW_32779_32"], "addr_func": "6291920", "addr": 4217156, "ret": "<BV32 retval_CharNextW_32780_32>"}, {"name": "OleUninitialize", "args": [], "addr_func": "6292108", "addr": 4208518, "ret": 0}, {"name": "MessageBoxIndirectW", "args": [4235312], "addr_func": "6291840", "addr": 4217044, "ret": "None"}, {"name": "ExitProcess", "args": [], "addr_func": "6291528", "addr": 4208550, "ret": 0}]}, "sections": {".text": {"vaddr": 4198400, "memsize": 25494, "is_readable": true, "is_writable": false, "is_executable": true}, ".rdata": {"vaddr": 4227072, "memsize": 6386, "is_readable": true, "is_writable": false, "is_executable": false}, ".data": {"vaddr": 4235264, "memsize": 419484, "is_readable": true, "is_writable": true, "is_executable": false}, ".ndata": {"vaddr": 4657152, "memsize": 872448, "is_readable": true, "is_writable": true, "is_executable": false}, ".rsrc": {"vaddr": 5529600, "memsize": 37768, "is_readable": true, "is_writable": false, "is_executable": false}}}