{"0": {"status": "deadendend", "trace": [{"name": "main", "args": ["3fb278ee0e9589583245616d537724ca4bed3c0dc35ea5977626eb5023ab8902.exe"], "addr": 5268179, "ret": "symbolic", "addr_func": 5268179}, {"name": "IsProcessorFeaturePresent", "args": [10], "addr_func": "7340720", "addr": 5272025, "ret": 0}, {"name": "LoadLibraryExW", "args": ["api-ms-win-core-synch-l1-2-0", 0, 2048], "addr_func": "7340380", "addr": 5403772, "ret": 8392744}, {"name": "GetProcAddress", "args": [8392744, "InitializeCriticalSectionEx"], "addr_func": "7340648", "addr": 5403656, "ret": 7340512}, {"name": "InitializeCriticalSectionEx", "args": [6109812, 4000, 0], "addr_func": "7340512", "addr": 5404131, "ret": 1}, {"name": "LoadLibraryExW", "args": ["api-ms-win-core-fibers-l1-1-1", 0, 2048], "addr_func": "7340380", "addr": 5403772, "ret": 8392748}, {"name": "GetProcAddress", "args": [8392748, "FlsAlloc"], "addr_func": "7340648", "addr": 5403656, "ret": 8392752}, {"name": "FlsAlloc", "args": [5404358], "addr_func": "8392752", "addr": 5403890, "ret": 1}, {"name": "GetProcAddress", "args": [8392748, "FlsSetValue"], "addr_func": "7340648", "addr": 5403656, "ret": 8392756}, {"name": "FlsSetValue", "args": [1, 6109656], "addr_func": "8392756", "addr": 5404067, "ret": 1}, {"name": "LoadLibraryExW", "args": ["api-ms-win-core-synch-l1-2-0", 0, 2048], "addr_func": "7340380", "addr": 5506275, "ret": 8392744}, {"name": "GetProcAddress", "args": [8392744, "InitializeCriticalSectionEx"], "addr_func": "7340648", "addr": 5506165, "ret": 7340512}, {"name": "InitializeCriticalSectionEx", "args": [6110504, 4000, 0], "addr_func": "7340512", "addr": 5507600, "ret": 1}, {"name": "InitializeCriticalSectionEx", "args": [6110528, 4000, 0], "addr_func": "7340512", "addr": 5507600, "ret": 1}, {"name": "InitializeCriticalSectionEx", "args": [6110552, 4000, 0], "addr_func": "7340512", "addr": 5507600, "ret": 1}, {"name": "InitializeCriticalSectionEx", "args": [6110576, 4000, 0], "addr_func": "7340512", "addr": 5507600, "ret": 1}, {"name": "InitializeCriticalSectionEx", "args": [6110600, 4000, 0], "addr_func": "7340512", "addr": 5507600, "ret": 1}, {"name": "InitializeCriticalSectionEx", "args": [6110624, 4000, 0], "addr_func": "7340512", "addr": 5507600, "ret": 1}, {"name": "InitializeCriticalSectionEx", "args": [6110648, 4000, 0], "addr_func": "7340512", "addr": 5507600, "ret": 1}, {"name": "InitializeCriticalSectionEx", "args": [6110672, 4000, 0], "addr_func": "7340512", "addr": 5507600, "ret": 1}, {"name": "InitializeCriticalSectionEx", "args": [6110696, 4000, 0], "addr_func": "7340512", "addr": 5507600, "ret": 1}, {"name": "InitializeCriticalSectionEx", "args": [6110720, 4000, 0], "addr_func": "7340512", "addr": 5507600, "ret": 1}, {"name": "InitializeCriticalSectionEx", "args": [6110744, 4000, 0], "addr_func": "7340512", "addr": 5507600, "ret": 1}, {"name": "InitializeCriticalSectionEx", "args": [6110768, 4000, 0], "addr_func": "7340512", "addr": 5507600, "ret": 1}, {"name": "InitializeCriticalSectionEx", "args": [6110792, 4000, 0], "addr_func": "7340512", "addr": 5507600, "ret": 1}, {"name": "GetProcessHeap", "args": [], "addr_func": "7340524", "addr": 5524012, "ret": 0}, {"name": "LoadLibraryExW", "args": ["api-ms-win-core-fibers-l1-1-1", 0, 2048], "addr_func": "7340380", "addr": 5506275, "ret": 8392748}, {"name": "GetProcAddress", "args": [8392748, "FlsAlloc"], "addr_func": "7340648", "addr": 5506165, "ret": 8392752}, {"name": "FlsAlloc", "args": [5502673], "addr_func": "8392752", "addr": 5506710, "ret": 2}, {"name": "GetLastError", "args": [], "addr_func": "7340708", "addr": 5503087, "ret": 0}, {"name": "GetProcAddress", "args": [8392748, "FlsGetValue"], "addr_func": "7340648", "addr": 5506165, "ret": 8392760}, {"name": "FlsGetValue", "args": [2], "addr_func": "8392760", "addr": 5506882, "ret": "<BV32 retval_FlsAlloc_32768_32>"}, {"name": "SetLastError", "args": [0], "addr_func": "7340556", "addr": 5503201, "ret": "None"}, {"name": "EnterCriticalSection", "args": [6110672], "addr_func": "7340520", "addr": 5484743, "ret": "None"}, {"name": "EnterCriticalSection", "args": [6110672], "addr_func": "7340520", "addr": 5484743, "ret": "None"}, {"name": "HeapAlloc", "args": [1, 8, 3072], "addr_func": "7340528", "addr": 5485412, "ret": 3221258256}, {"name": "InitializeCriticalSectionEx", "args": [3221258256, 4000, 0], "addr_func": "7340512", "addr": 5507600, "ret": 1}, {"name": "InitializeCriticalSectionEx", "args": [3221258304, 4000, 0], "addr_func": "7340512", "addr": 5507600, "ret": 1}, {"name": "InitializeCriticalSectionEx", "args": [3221258352, 4000, 0], "addr_func": "7340512", "addr": 5507600, "ret": 1}, {"name": "InitializeCriticalSectionEx", "args": [3221258400, 4000, 0], "addr_func": "7340512", "addr": 5507600, "ret": 1}, {"name": "InitializeCriticalSectionEx", "args": [3221258448, 4000, 0], "addr_func": "7340512", "addr": 5507600, "ret": 1}, {"name": "InitializeCriticalSectionEx", "args": [3221258496, 4000, 0], "addr_func": "7340512", "addr": 5507600, "ret": 1}, {"name": "InitializeCriticalSectionEx", "args": [3221258544, 4000, 0], "addr_func": "7340512", "addr": 5507600, "ret": 1}, {"name": "InitializeCriticalSectionEx", "args": [3221258592, 4000, 0], "addr_func": "7340512", "addr": 5507600, "ret": 1}, {"name": "InitializeCriticalSectionEx", "args": [3221258640, 4000, 0], "addr_func": "7340512", "addr": 5507600, "ret": 1}, {"name": "InitializeCriticalSectionEx", "args": [3221258688, 4000, 0], "addr_func": "7340512", "addr": 5507600, "ret": 1}, {"name": "InitializeCriticalSectionEx", "args": [3221258736, 4000, 0], "addr_func": "7340512", "addr": 5507600, "ret": 1}, {"name": "InitializeCriticalSectionEx", "args": [3221258784, 4000, 0], "addr_func": "7340512", "addr": 5507600, "ret": 1}, {"name": "InitializeCriticalSectionEx", "args": [3221258832, 4000, 0], "addr_func": "7340512", "addr": 5507600, "ret": 1}, {"name": "InitializeCriticalSectionEx", "args": [3221258880, 4000, 0], "addr_func": "7340512", "addr": 5507600, "ret": 1}, {"name": "InitializeCriticalSectionEx", "args": [3221258928, 4000, 0], "addr_func": "7340512", "addr": 5507600, "ret": 1}, {"name": "InitializeCriticalSectionEx", "args": [3221258976, 4000, 0], "addr_func": "7340512", "addr": 5507600, "ret": 1}, {"name": "InitializeCriticalSectionEx", "args": [3221259024, 4000, 0], "addr_func": "7340512", "addr": 5507600, "ret": 1}, {"name": "InitializeCriticalSectionEx", "args": [3221259072, 4000, 0], "addr_func": "7340512", "addr": 5507600, "ret": 1}, {"name": "InitializeCriticalSectionEx", "args": [3221259120, 4000, 0], "addr_func": "7340512", "addr": 5507600, "ret": 1}, {"name": "InitializeCriticalSectionEx", "args": [3221259168, 4000, 0], "addr_func": "7340512", "addr": 5507600, "ret": 1}, {"name": "InitializeCriticalSectionEx", "args": [3221259216, 4000, 0], "addr_func": "7340512", "addr": 5507600, "ret": 1}, {"name": "InitializeCriticalSectionEx", "args": [3221259264, 4000, 0], "addr_func": "7340512", "addr": 5507600, "ret": 1}, {"name": "InitializeCriticalSectionEx", "args": [3221259312, 4000, 0], "addr_func": "7340512", "addr": 5507600, "ret": 1}, {"name": "InitializeCriticalSectionEx", "args": [3221259360, 4000, 0], "addr_func": "7340512", "addr": 5507600, "ret": 1}, {"name": "InitializeCriticalSectionEx", "args": [3221259408, 4000, 0], "addr_func": "7340512", "addr": 5507600, "ret": 1}, {"name": "InitializeCriticalSectionEx", "args": [3221259456, 4000, 0], "addr_func": "7340512", "addr": 5507600, "ret": 1}, {"name": "InitializeCriticalSectionEx", "args": [3221259504, 4000, 0], "addr_func": "7340512", "addr": 5507600, "ret": 1}, {"name": "InitializeCriticalSectionEx", "args": [3221259552, 4000, 0], "addr_func": "7340512", "addr": 5507600, "ret": 1}, {"name": "InitializeCriticalSectionEx", "args": [3221259600, 4000, 0], "addr_func": "7340512", "addr": 5507600, "ret": 1}, {"name": "InitializeCriticalSectionEx", "args": [3221259648, 4000, 0], "addr_func": "7340512", "addr": 5507600, "ret": 1}, {"name": "InitializeCriticalSectionEx", "args": [3221259696, 4000, 0], "addr_func": "7340512", "addr": 5507600, "ret": 1}, {"name": "InitializeCriticalSectionEx", "args": [3221259744, 4000, 0], "addr_func": "7340512", "addr": 5507600, "ret": 1}, {"name": "InitializeCriticalSectionEx", "args": [3221259792, 4000, 0], "addr_func": "7340512", "addr": 5507600, "ret": 1}, {"name": "InitializeCriticalSectionEx", "args": [3221259840, 4000, 0], "addr_func": "7340512", "addr": 5507600, "ret": 1}, {"name": "InitializeCriticalSectionEx", "args": [3221259888, 4000, 0], "addr_func": "7340512", "addr": 5507600, "ret": 1}, {"name": "InitializeCriticalSectionEx", "args": [3221259936, 4000, 0], "addr_func": "7340512", "addr": 5507600, "ret": 1}, {"name": "InitializeCriticalSectionEx", "args": [3221259984, 4000, 0], "addr_func": "7340512", "addr": 5507600, "ret": 1}, {"name": "InitializeCriticalSectionEx", "args": [3221260032, 4000, 0], "addr_func": "7340512", "addr": 5507600, "ret": 1}, {"name": "InitializeCriticalSectionEx", "args": [3221260080, 4000, 0], "addr_func": "7340512", "addr": 5507600, "ret": 1}, {"name": "InitializeCriticalSectionEx", "args": [3221260128, 4000, 0], "addr_func": "7340512", "addr": 5507600, "ret": 1}, {"name": "InitializeCriticalSectionEx", "args": [3221260176, 4000, 0], "addr_func": "7340512", "addr": 5507600, "ret": 1}, {"name": "InitializeCriticalSectionEx", "args": [3221260224, 4000, 0], "addr_func": "7340512", "addr": 5507600, "ret": 1}, {"name": "InitializeCriticalSectionEx", "args": [3221260272, 4000, 0], "addr_func": "7340512", "addr": 5507600, "ret": 1}, {"name": "InitializeCriticalSectionEx", "args": [3221260320, 4000, 0], "addr_func": "7340512", "addr": 5507600, "ret": 1}, {"name": "InitializeCriticalSectionEx", "args": [3221260368, 4000, 0], "addr_func": "7340512", "addr": 5507600, "ret": 1}, {"name": "InitializeCriticalSectionEx", "args": [3221260416, 4000, 0], "addr_func": "7340512", "addr": 5507600, "ret": 1}, {"name": "InitializeCriticalSectionEx", "args": [3221260464, 4000, 0], "addr_func": "7340512", "addr": 5507600, "ret": 1}, {"name": "InitializeCriticalSectionEx", "args": [3221260512, 4000, 0], "addr_func": "7340512", "addr": 5507600, "ret": 1}, {"name": "InitializeCriticalSectionEx", "args": [3221260560, 4000, 0], "addr_func": "7340512", "addr": 5507600, "ret": 1}, {"name": "InitializeCriticalSectionEx", "args": [3221260608, 4000, 0], "addr_func": "7340512", "addr": 5507600, "ret": 1}, {"name": "InitializeCriticalSectionEx", "args": [3221260656, 4000, 0], "addr_func": "7340512", "addr": 5507600, "ret": 1}, {"name": "InitializeCriticalSectionEx", "args": [3221260704, 4000, 0], "addr_func": "7340512", "addr": 5507600, "ret": 1}, {"name": "InitializeCriticalSectionEx", "args": [3221260752, 4000, 0], "addr_func": "7340512", "addr": 5507600, "ret": 1}, {"name": "InitializeCriticalSectionEx", "args": [3221260800, 4000, 0], "addr_func": "7340512", "addr": 5507600, "ret": 1}, {"name": "InitializeCriticalSectionEx", "args": [3221260848, 4000, 0], "addr_func": "7340512", "addr": 5507600, "ret": 1}, {"name": "InitializeCriticalSectionEx", "args": [3221260896, 4000, 0], "addr_func": "7340512", "addr": 5507600, "ret": 1}, {"name": "InitializeCriticalSectionEx", "args": [3221260944, 4000, 0], "addr_func": "7340512", "addr": 5507600, "ret": 1}, {"name": "InitializeCriticalSectionEx", "args": [3221260992, 4000, 0], "addr_func": "7340512", "addr": 5507600, "ret": 1}, {"name": "InitializeCriticalSectionEx", "args": [3221261040, 4000, 0], "addr_func": "7340512", "addr": 5507600, "ret": 1}, {"name": "InitializeCriticalSectionEx", "args": [3221261088, 4000, 0], "addr_func": "7340512", "addr": 5507600, "ret": 1}, {"name": "InitializeCriticalSectionEx", "args": [3221261136, 4000, 0], "addr_func": "7340512", "addr": 5507600, "ret": 1}, {"name": "InitializeCriticalSectionEx", "args": [3221261184, 4000, 0], "addr_func": "7340512", "addr": 5507600, "ret": 1}, {"name": "InitializeCriticalSectionEx", "args": [3221261232, 4000, 0], "addr_func": "7340512", "addr": 5507600, "ret": 1}, {"name": "InitializeCriticalSectionEx", "args": [3221261280, 4000, 0], "addr_func": "7340512", "addr": 5507600, "ret": 1}, {"name": "LeaveCriticalSection", "args": [6110672], "addr_func": "7340516", "addr": 5484815, "ret": "None"}, {"name": "GetStartupInfoW", "args": [2147417360], "addr_func": "7340160", "addr": 5504238, "ret": "None"}, {"name": "GetLastError", "args": [], "addr_func": "7340708", "addr": 5503087, "ret": 0}, {"name": "FlsGetValue", "args": [2], "addr_func": "8392760", "addr": 5506882, "ret": "<BV32 retval_FlsAlloc_32768_32>"}, {"name": "SetLastError", "args": [0], "addr_func": "7340556", "addr": 5503201, "ret": "None"}, {"name": "GetLastError", "args": [], "addr_func": "7340708", "addr": 5503087, "ret": 0}, {"name": "FlsGetValue", "args": [2], "addr_func": "8392760", "addr": 5506882, "ret": 4294967279}, {"name": "SetLastError", "args": [0], "addr_func": "7340556", "addr": 5503201, "ret": "None"}, {"name": "IsProcessorFeaturePresent", "args": [23], "addr_func": "7340720", "addr": 5428956, "ret": 0}, {"name": "IsDebuggerPresent", "args": [], "addr_func": "7340156", "addr": 5428699, "ret": 0}, {"name": "SetUnhandledExceptionFilter", "args": [0], "addr_func": "7340144", "addr": 5428709, "ret": "<BV32 retval_SetUnhandledExceptionFilter_32770_32>"}, {"name": "UnhandledExceptionFilter", "args": [2147416392], "addr_func": "7340140", "addr": 5428722, "ret": "<BV32 retval_UnhandledExceptionFilter_32771_32>"}, {"name": "GetCurrentProcess", "args": [], "addr_func": "7340652", "addr": 5428990, "ret": 0}, {"name": "TerminateProcess", "args": [], "addr_func": "7340488", "addr": 5428997, "ret": 0}]}, "1": {"status": "deadendend", "trace": [{"name": "main", "args": ["3fb278ee0e9589583245616d537724ca4bed3c0dc35ea5977626eb5023ab8902.exe"], "addr": 5268179, "ret": "symbolic", "addr_func": 5268179}, {"name": "IsProcessorFeaturePresent", "args": [10], "addr_func": "7340720", "addr": 5272025, "ret": 0}, {"name": "LoadLibraryExW", "args": ["api-ms-win-core-synch-l1-2-0", 0, 2048], "addr_func": "7340380", "addr": 5403772, "ret": 8392744}, {"name": "GetProcAddress", "args": [8392744, "InitializeCriticalSectionEx"], "addr_func": "7340648", "addr": 5403656, "ret": 7340512}, {"name": "InitializeCriticalSectionEx", "args": [6109812, 4000, 0], "addr_func": "7340512", "addr": 5404131, "ret": 1}, {"name": "LoadLibraryExW", "args": ["api-ms-win-core-fibers-l1-1-1", 0, 2048], "addr_func": "7340380", "addr": 5403772, "ret": 8392748}, {"name": "GetProcAddress", "args": [8392748, "FlsAlloc"], "addr_func": "7340648", "addr": 5403656, "ret": 8392752}, {"name": "FlsAlloc", "args": [5404358], "addr_func": "8392752", "addr": 5403890, "ret": 1}, {"name": "GetProcAddress", "args": [8392748, "FlsSetValue"], "addr_func": "7340648", "addr": 5403656, "ret": 8392756}, {"name": "FlsSetValue", "args": [1, 6109656], "addr_func": "8392756", "addr": 5404067, "ret": 1}, {"name": "LoadLibraryExW", "args": ["api-ms-win-core-synch-l1-2-0", 0, 2048], "addr_func": "7340380", "addr": 5506275, "ret": 8392744}, {"name": "GetProcAddress", "args": [8392744, "InitializeCriticalSectionEx"], "addr_func": "7340648", "addr": 5506165, "ret": 7340512}, {"name": "InitializeCriticalSectionEx", "args": [6110504, 4000, 0], "addr_func": "7340512", "addr": 5507600, "ret": 1}, {"name": "InitializeCriticalSectionEx", "args": [6110528, 4000, 0], "addr_func": "7340512", "addr": 5507600, "ret": 1}, {"name": "InitializeCriticalSectionEx", "args": [6110552, 4000, 0], "addr_func": "7340512", "addr": 5507600, "ret": 1}, {"name": "InitializeCriticalSectionEx", "args": [6110576, 4000, 0], "addr_func": "7340512", "addr": 5507600, "ret": 1}, {"name": "InitializeCriticalSectionEx", "args": [6110600, 4000, 0], "addr_func": "7340512", "addr": 5507600, "ret": 1}, {"name": "InitializeCriticalSectionEx", "args": [6110624, 4000, 0], "addr_func": "7340512", "addr": 5507600, "ret": 1}, {"name": "InitializeCriticalSectionEx", "args": [6110648, 4000, 0], "addr_func": "7340512", "addr": 5507600, "ret": 1}, {"name": "InitializeCriticalSectionEx", "args": [6110672, 4000, 0], "addr_func": "7340512", "addr": 5507600, "ret": 1}, {"name": "InitializeCriticalSectionEx", "args": [6110696, 4000, 0], "addr_func": "7340512", "addr": 5507600, "ret": 1}, {"name": "InitializeCriticalSectionEx", "args": [6110720, 4000, 0], "addr_func": "7340512", "addr": 5507600, "ret": 1}, {"name": "InitializeCriticalSectionEx", "args": [6110744, 4000, 0], "addr_func": "7340512", "addr": 5507600, "ret": 1}, {"name": "InitializeCriticalSectionEx", "args": [6110768, 4000, 0], "addr_func": "7340512", "addr": 5507600, "ret": 1}, {"name": "InitializeCriticalSectionEx", "args": [6110792, 4000, 0], "addr_func": "7340512", "addr": 5507600, "ret": 1}, {"name": "GetProcessHeap", "args": [], "addr_func": "7340524", "addr": 5524012, "ret": 0}, {"name": "LoadLibraryExW", "args": ["api-ms-win-core-fibers-l1-1-1", 0, 2048], "addr_func": "7340380", "addr": 5506275, "ret": 8392748}, {"name": "GetProcAddress", "args": [8392748, "FlsAlloc"], "addr_func": "7340648", "addr": 5506165, "ret": 8392752}, {"name": "FlsAlloc", "args": [5502673], "addr_func": "8392752", "addr": 5506710, "ret": 2}, {"name": "GetLastError", "args": [], "addr_func": "7340708", "addr": 5503087, "ret": 0}, {"name": "GetProcAddress", "args": [8392748, "FlsGetValue"], "addr_func": "7340648", "addr": 5506165, "ret": 8392760}, {"name": "FlsGetValue", "args": [2], "addr_func": "8392760", "addr": 5506882, "ret": "<BV32 retval_FlsAlloc_32768_32>"}, {"name": "HeapAlloc", "args": [1, 8, 868], "addr_func": "7340528", "addr": 5485412, "ret": 3221258256}, {"name": "GetProcAddress", "args": [8392748, "FlsSetValue"], "addr_func": "7340648", "addr": 5506165, "ret": 8392756}, {"name": "FlsSetValue", "args": [2, 3221258256], "addr_func": "8392756", "addr": 5506971, "ret": 1}, {"name": "EnterCriticalSection", "args": [6110624], "addr_func": "7340520", "addr": 5484743, "ret": "None"}, {"name": "LeaveCriticalSection", "args": [6110624], "addr_func": "7340516", "addr": 5484815, "ret": "None"}, {"name": "EnterCriticalSection", "args": [6110600], "addr_func": "7340520", "addr": 5484743, "ret": "None"}, {"name": "LeaveCriticalSection", "args": [6110600], "addr_func": "7340516", "addr": 5484815, "ret": "None"}, {"name": "SetLastError", "args": [0], "addr_func": "7340556", "addr": 5503201, "ret": "None"}, {"name": "EnterCriticalSection", "args": [6110672], "addr_func": "7340520", "addr": 5484743, "ret": "None"}, {"name": "EnterCriticalSection", "args": [6110672], "addr_func": "7340520", "addr": 5484743, "ret": "None"}, {"name": "HeapAlloc", "args": [1, 8, 3072], "addr_func": "7340528", "addr": 5485412, "ret": 3221259136}, {"name": "InitializeCriticalSectionEx", "args": [3221259136, 4000, 0], "addr_func": "7340512", "addr": 5507600, "ret": 1}, {"name": "InitializeCriticalSectionEx", "args": [3221259184, 4000, 0], "addr_func": "7340512", "addr": 5507600, "ret": 1}, {"name": "InitializeCriticalSectionEx", "args": [3221259232, 4000, 0], "addr_func": "7340512", "addr": 5507600, "ret": 1}, {"name": "InitializeCriticalSectionEx", "args": [3221259280, 4000, 0], "addr_func": "7340512", "addr": 5507600, "ret": 1}, {"name": "InitializeCriticalSectionEx", "args": [3221259328, 4000, 0], "addr_func": "7340512", "addr": 5507600, "ret": 1}, {"name": "InitializeCriticalSectionEx", "args": [3221259376, 4000, 0], "addr_func": "7340512", "addr": 5507600, "ret": 1}, {"name": "InitializeCriticalSectionEx", "args": [3221259424, 4000, 0], "addr_func": "7340512", "addr": 5507600, "ret": 1}, {"name": "InitializeCriticalSectionEx", "args": [3221259472, 4000, 0], "addr_func": "7340512", "addr": 5507600, "ret": 1}, {"name": "InitializeCriticalSectionEx", "args": [3221259520, 4000, 0], "addr_func": "7340512", "addr": 5507600, "ret": 1}, {"name": "InitializeCriticalSectionEx", "args": [3221259568, 4000, 0], "addr_func": "7340512", "addr": 5507600, "ret": 1}, {"name": "InitializeCriticalSectionEx", "args": [3221259616, 4000, 0], "addr_func": "7340512", "addr": 5507600, "ret": 1}, {"name": "InitializeCriticalSectionEx", "args": [3221259664, 4000, 0], "addr_func": "7340512", "addr": 5507600, "ret": 1}, {"name": "InitializeCriticalSectionEx", "args": [3221259712, 4000, 0], "addr_func": "7340512", "addr": 5507600, "ret": 1}, {"name": "InitializeCriticalSectionEx", "args": [3221259760, 4000, 0], "addr_func": "7340512", "addr": 5507600, "ret": 1}, {"name": "InitializeCriticalSectionEx", "args": [3221259808, 4000, 0], "addr_func": "7340512", "addr": 5507600, "ret": 1}, {"name": "InitializeCriticalSectionEx", "args": [3221259856, 4000, 0], "addr_func": "7340512", "addr": 5507600, "ret": 1}, {"name": "InitializeCriticalSectionEx", "args": [3221259904, 4000, 0], "addr_func": "7340512", "addr": 5507600, "ret": 1}, {"name": "InitializeCriticalSectionEx", "args": [3221259952, 4000, 0], "addr_func": "7340512", "addr": 5507600, "ret": 1}, {"name": "InitializeCriticalSectionEx", "args": [3221260000, 4000, 0], "addr_func": "7340512", "addr": 5507600, "ret": 1}, {"name": "InitializeCriticalSectionEx", "args": [3221260048, 4000, 0], "addr_func": "7340512", "addr": 5507600, "ret": 1}, {"name": "InitializeCriticalSectionEx", "args": [3221260096, 4000, 0], "addr_func": "7340512", "addr": 5507600, "ret": 1}, {"name": "InitializeCriticalSectionEx", "args": [3221260144, 4000, 0], "addr_func": "7340512", "addr": 5507600, "ret": 1}, {"name": "InitializeCriticalSectionEx", "args": [3221260192, 4000, 0], "addr_func": "7340512", "addr": 5507600, "ret": 1}, {"name": "InitializeCriticalSectionEx", "args": [3221260240, 4000, 0], "addr_func": "7340512", "addr": 5507600, "ret": 1}, {"name": "InitializeCriticalSectionEx", "args": [3221260288, 4000, 0], "addr_func": "7340512", "addr": 5507600, "ret": 1}, {"name": "InitializeCriticalSectionEx", "args": [3221260336, 4000, 0], "addr_func": "7340512", "addr": 5507600, "ret": 1}, {"name": "InitializeCriticalSectionEx", "args": [3221260384, 4000, 0], "addr_func": "7340512", "addr": 5507600, "ret": 1}, {"name": "InitializeCriticalSectionEx", "args": [3221260432, 4000, 0], "addr_func": "7340512", "addr": 5507600, "ret": 1}, {"name": "InitializeCriticalSectionEx", "args": [3221260480, 4000, 0], "addr_func": "7340512", "addr": 5507600, "ret": 1}, {"name": "InitializeCriticalSectionEx", "args": [3221260528, 4000, 0], "addr_func": "7340512", "addr": 5507600, "ret": 1}, {"name": "InitializeCriticalSectionEx", "args": [3221260576, 4000, 0], "addr_func": "7340512", "addr": 5507600, "ret": 1}, {"name": "InitializeCriticalSectionEx", "args": [3221260624, 4000, 0], "addr_func": "7340512", "addr": 5507600, "ret": 1}, {"name": "InitializeCriticalSectionEx", "args": [3221260672, 4000, 0], "addr_func": "7340512", "addr": 5507600, "ret": 1}, {"name": "InitializeCriticalSectionEx", "args": [3221260720, 4000, 0], "addr_func": "7340512", "addr": 5507600, "ret": 1}, {"name": "InitializeCriticalSectionEx", "args": [3221260768, 4000, 0], "addr_func": "7340512", "addr": 5507600, "ret": 1}, {"name": "InitializeCriticalSectionEx", "args": [3221260816, 4000, 0], "addr_func": "7340512", "addr": 5507600, "ret": 1}, {"name": "InitializeCriticalSectionEx", "args": [3221260864, 4000, 0], "addr_func": "7340512", "addr": 5507600, "ret": 1}, {"name": "InitializeCriticalSectionEx", "args": [3221260912, 4000, 0], "addr_func": "7340512", "addr": 5507600, "ret": 1}, {"name": "InitializeCriticalSectionEx", "args": [3221260960, 4000, 0], "addr_func": "7340512", "addr": 5507600, "ret": 1}, {"name": "InitializeCriticalSectionEx", "args": [3221261008, 4000, 0], "addr_func": "7340512", "addr": 5507600, "ret": 1}, {"name": "InitializeCriticalSectionEx", "args": [3221261056, 4000, 0], "addr_func": "7340512", "addr": 5507600, "ret": 1}, {"name": "InitializeCriticalSectionEx", "args": [3221261104, 4000, 0], "addr_func": "7340512", "addr": 5507600, "ret": 1}, {"name": "InitializeCriticalSectionEx", "args": [3221261152, 4000, 0], "addr_func": "7340512", "addr": 5507600, "ret": 1}, {"name": "InitializeCriticalSectionEx", "args": [3221261200, 4000, 0], "addr_func": "7340512", "addr": 5507600, "ret": 1}, {"name": "InitializeCriticalSectionEx", "args": [3221261248, 4000, 0], "addr_func": "7340512", "addr": 5507600, "ret": 1}, {"name": "InitializeCriticalSectionEx", "args": [3221261296, 4000, 0], "addr_func": "7340512", "addr": 5507600, "ret": 1}, {"name": "InitializeCriticalSectionEx", "args": [3221261344, 4000, 0], "addr_func": "7340512", "addr": 5507600, "ret": 1}, {"name": "InitializeCriticalSectionEx", "args": [3221261392, 4000, 0], "addr_func": "7340512", "addr": 5507600, "ret": 1}, {"name": "InitializeCriticalSectionEx", "args": [3221261440, 4000, 0], "addr_func": "7340512", "addr": 5507600, "ret": 1}, {"name": "InitializeCriticalSectionEx", "args": [3221261488, 4000, 0], "addr_func": "7340512", "addr": 5507600, "ret": 1}, {"name": "InitializeCriticalSectionEx", "args": [3221261536, 4000, 0], "addr_func": "7340512", "addr": 5507600, "ret": 1}, {"name": "InitializeCriticalSectionEx", "args": [3221261584, 4000, 0], "addr_func": "7340512", "addr": 5507600, "ret": 1}, {"name": "InitializeCriticalSectionEx", "args": [3221261632, 4000, 0], "addr_func": "7340512", "addr": 5507600, "ret": 1}, {"name": "InitializeCriticalSectionEx", "args": [3221261680, 4000, 0], "addr_func": "7340512", "addr": 5507600, "ret": 1}, {"name": "InitializeCriticalSectionEx", "args": [3221261728, 4000, 0], "addr_func": "7340512", "addr": 5507600, "ret": 1}, {"name": "InitializeCriticalSectionEx", "args": [3221261776, 4000, 0], "addr_func": "7340512", "addr": 5507600, "ret": 1}, {"name": "InitializeCriticalSectionEx", "args": [3221261824, 4000, 0], "addr_func": "7340512", "addr": 5507600, "ret": 1}, {"name": "InitializeCriticalSectionEx", "args": [3221261872, 4000, 0], "addr_func": "7340512", "addr": 5507600, "ret": 1}, {"name": "InitializeCriticalSectionEx", "args": [3221261920, 4000, 0], "addr_func": "7340512", "addr": 5507600, "ret": 1}, {"name": "InitializeCriticalSectionEx", "args": [3221261968, 4000, 0], "addr_func": "7340512", "addr": 5507600, "ret": 1}, {"name": "InitializeCriticalSectionEx", "args": [3221262016, 4000, 0], "addr_func": "7340512", "addr": 5507600, "ret": 1}, {"name": "InitializeCriticalSectionEx", "args": [3221262064, 4000, 0], "addr_func": "7340512", "addr": 5507600, "ret": 1}, {"name": "InitializeCriticalSectionEx", "args": [3221262112, 4000, 0], "addr_func": "7340512", "addr": 5507600, "ret": 1}, {"name": "InitializeCriticalSectionEx", "args": [3221262160, 4000, 0], "addr_func": "7340512", "addr": 5507600, "ret": 1}, {"name": "LeaveCriticalSection", "args": [6110672], "addr_func": "7340516", "addr": 5484815, "ret": "None"}, {"name": "GetStartupInfoW", "args": [2147417360], "addr_func": "7340160", "addr": 5504238, "ret": "None"}, {"name": "GetLastError", "args": [], "addr_func": "7340708", "addr": 5503087, "ret": 0}, {"name": "FlsGetValue", "args": [2], "addr_func": "8392760", "addr": 5506882, "ret": 3221258256}, {"name": "SetLastError", "args": [0], "addr_func": "7340556", "addr": 5503201, "ret": "None"}, {"name": "GetLastError", "args": [], "addr_func": "7340708", "addr": 5503087, "ret": 0}, {"name": "FlsGetValue", "args": [2], "addr_func": "8392760", "addr": 5506882, "ret": 3221258256}, {"name": "SetLastError", "args": [0], "addr_func": "7340556", "addr": 5503201, "ret": "None"}, {"name": "IsProcessorFeaturePresent", "args": [23], "addr_func": "7340720", "addr": 5428956, "ret": 0}, {"name": "IsDebuggerPresent", "args": [], "addr_func": "7340156", "addr": 5428699, "ret": 0}, {"name": "SetUnhandledExceptionFilter", "args": [0], "addr_func": "7340144", "addr": 5428709, "ret": "<BV32 retval_SetUnhandledExceptionFilter_32776_32>"}, {"name": "UnhandledExceptionFilter", "args": [2147416392], "addr_func": "7340140", "addr": 5428722, "ret": "<BV32 retval_UnhandledExceptionFilter_32777_32>"}, {"name": "GetCurrentProcess", "args": [], "addr_func": "7340652", "addr": 5428990, "ret": 0}, {"name": "TerminateProcess", "args": [], "addr_func": "7340488", "addr": 5428997, "ret": 0}]}, "sections": {".text": {"vaddr": 4198400, "memsize": 1441238, "is_readable": true, "is_writable": false, "is_executable": true}, ".rdata": {"vaddr": 5640192, "memsize": 325622, "is_readable": true, "is_writable": false, "is_executable": false}, ".data": {"vaddr": 5967872, "memsize": 165704, "is_readable": true, "is_writable": true, "is_executable": false}, ".gfids": {"vaddr": 6135808, "memsize": 7016, "is_readable": true, "is_writable": false, "is_executable": false}, ".giats": {"vaddr": 6144000, "memsize": 8, "is_readable": true, "is_writable": false, "is_executable": false}, ".tls": {"vaddr": 6148096, "memsize": 9, "is_readable": true, "is_writable": true, "is_executable": false}, ".rsrc": {"vaddr": 6152192, "memsize": 781840, "is_readable": true, "is_writable": false, "is_executable": false}, ".reloc": {"vaddr": 6934528, "memsize": 105004, "is_readable": true, "is_writable": false, "is_executable": false}}}